group	cond	seed	dim	layers	epoch	pt_ood	seq_ood
main	baseline	0	64	2	1	0.0000	0.0000
main	baseline	0	64	2	2	0.1738	0.0000
main	baseline	0	64	2	3	0.8411	0.0000
main	baseline	0	64	2	4	0.8411	0.0000
main	baseline	0	64	2	5	0.8411	0.0000
main	baseline	0	64	2	6	0.8411	0.0000
main	baseline	0	64	2	7	0.8411	0.0000
main	baseline	0	64	2	8	0.8485	0.0000
main	baseline	0	64	2	9	0.8841	0.0000
main	baseline	0	64	2	10	0.9338	0.0000
main	baseline	0	64	2	11	0.9470	0.0000
main	baseline	0	64	2	12	0.9735	0.2500
main	baseline	0	64	2	13	0.9801	0.3750
main	baseline	0	64	2	14	0.9868	0.5000
main	baseline	0	64	2	15	1.0000	1.0000
main	baseline	0	64	2	16	1.0000	1.0000
main	baseline	0	64	2	17	1.0000	1.0000
main	baseline	0	64	2	18	1.0000	1.0000
main	baseline	0	64	2	19	1.0000	1.0000
main	baseline	0	64	2	20	1.0000	1.0000
main	baseline	0	64	2	21	1.0000	1.0000
main	baseline	0	64	2	22	1.0000	1.0000
main	baseline	0	64	2	23	1.0000	1.0000
main	baseline	0	64	2	24	1.0000	1.0000
main	baseline	0	64	2	25	1.0000	1.0000
main	baseline	0	64	2	26	1.0000	1.0000
main	baseline	0	64	2	27	1.0000	1.0000
main	baseline	0	64	2	28	1.0000	1.0000
main	baseline	0	64	2	29	1.0000	1.0000
main	baseline	0	64	2	30	1.0000	1.0000
main	baseline	0	64	2	31	1.0000	1.0000
main	baseline	0	64	2	32	1.0000	1.0000
main	baseline	0	64	2	33	1.0000	1.0000
main	baseline	0	64	2	34	1.0000	1.0000
main	baseline	0	64	2	35	1.0000	1.0000
main	baseline	0	64	2	36	1.0000	1.0000
main	baseline	0	64	2	37	1.0000	1.0000
main	baseline	0	64	2	38	1.0000	1.0000
main	baseline	0	64	2	39	1.0000	1.0000
main	baseline	0	64	2	40	1.0000	1.0000
main	baseline	0	64	2	41	1.0000	1.0000
main	baseline	0	64	2	42	1.0000	1.0000
main	baseline	0	64	2	43	1.0000	1.0000
main	baseline	0	64	2	44	1.0000	1.0000
main	baseline	0	64	2	45	1.0000	1.0000
main	baseline	0	64	2	46	1.0000	1.0000
main	baseline	0	64	2	47	1.0000	1.0000
main	baseline	0	64	2	48	1.0000	1.0000
main	baseline	0	64	2	49	1.0000	1.0000
main	baseline	0	64	2	50	1.0000	1.0000
main	baseline	0	64	2	51	1.0000	1.0000
main	baseline	0	64	2	52	1.0000	1.0000
main	baseline	0	64	2	53	1.0000	1.0000
main	baseline	0	64	2	54	1.0000	1.0000
main	baseline	0	64	2	55	1.0000	1.0000
main	baseline	0	64	2	56	1.0000	1.0000
main	baseline	0	64	2	57	1.0000	1.0000
main	baseline	0	64	2	58	1.0000	1.0000
main	baseline	0	64	2	59	1.0000	1.0000
main	baseline	0	64	2	60	1.0000	1.0000
main	baseline	1	64	2	1	0.0033	0.0000
main	baseline	1	64	2	2	0.7740	0.0000
main	baseline	1	64	2	3	0.7690	0.0000
main	baseline	1	64	2	4	0.7616	0.0000
main	baseline	1	64	2	5	0.7616	0.0000
main	baseline	1	64	2	6	0.7616	0.0000
main	baseline	1	64	2	7	0.7616	0.0000
main	baseline	1	64	2	8	0.8808	0.0000
main	baseline	1	64	2	9	0.8940	0.0000
main	baseline	1	64	2	10	0.9056	0.0000
main	baseline	1	64	2	11	0.9470	0.0000
main	baseline	1	64	2	12	0.9470	0.0000
main	baseline	1	64	2	13	0.9553	0.0625
main	baseline	1	64	2	14	0.9719	0.2500
main	baseline	1	64	2	15	0.9735	0.2500
main	baseline	1	64	2	16	0.9735	0.2500
main	baseline	1	64	2	17	0.9768	0.3125
main	baseline	1	64	2	18	0.9868	0.5000
main	baseline	1	64	2	19	0.9868	0.5000
main	baseline	1	64	2	20	0.9868	0.5000
main	baseline	1	64	2	21	0.9868	0.5000
main	baseline	1	64	2	22	0.9868	0.5000
main	baseline	1	64	2	23	0.9868	0.5000
main	baseline	1	64	2	24	0.9884	0.5625
main	baseline	1	64	2	25	0.9901	0.6250
main	baseline	1	64	2	26	1.0000	1.0000
main	baseline	1	64	2	27	1.0000	1.0000
main	baseline	1	64	2	28	1.0000	1.0000
main	baseline	1	64	2	29	1.0000	1.0000
main	baseline	1	64	2	30	1.0000	1.0000
main	baseline	1	64	2	31	1.0000	1.0000
main	baseline	1	64	2	32	1.0000	1.0000
main	baseline	1	64	2	33	1.0000	1.0000
main	baseline	1	64	2	34	1.0000	1.0000
main	baseline	1	64	2	35	1.0000	1.0000
main	baseline	1	64	2	36	1.0000	1.0000
main	baseline	1	64	2	37	1.0000	1.0000
main	baseline	1	64	2	38	1.0000	1.0000
main	baseline	1	64	2	39	1.0000	1.0000
main	baseline	1	64	2	40	1.0000	1.0000
main	baseline	1	64	2	41	1.0000	1.0000
main	baseline	1	64	2	42	1.0000	1.0000
main	baseline	1	64	2	43	1.0000	1.0000
main	baseline	1	64	2	44	1.0000	1.0000
main	baseline	1	64	2	45	1.0000	1.0000
main	baseline	1	64	2	46	1.0000	1.0000
main	baseline	1	64	2	47	1.0000	1.0000
main	baseline	1	64	2	48	1.0000	1.0000
main	baseline	1	64	2	49	1.0000	1.0000
main	baseline	1	64	2	50	1.0000	1.0000
main	baseline	1	64	2	51	1.0000	1.0000
main	baseline	1	64	2	52	1.0000	1.0000
main	baseline	1	64	2	53	1.0000	1.0000
main	baseline	1	64	2	54	1.0000	1.0000
main	baseline	1	64	2	55	1.0000	1.0000
main	baseline	1	64	2	56	1.0000	1.0000
main	baseline	1	64	2	57	1.0000	1.0000
main	baseline	1	64	2	58	1.0000	1.0000
main	baseline	1	64	2	59	1.0000	1.0000
main	baseline	1	64	2	60	1.0000	1.0000
main	baseline	2	64	2	1	0.0000	0.0000
main	baseline	2	64	2	2	0.0546	0.0000
main	baseline	2	64	2	3	0.7748	0.0000
main	baseline	2	64	2	4	0.7781	0.0000
main	baseline	2	64	2	5	0.8146	0.0000
main	baseline	2	64	2	6	0.8270	0.0000
main	baseline	2	64	2	7	0.9172	0.0000
main	baseline	2	64	2	8	0.9222	0.0000
main	baseline	2	64	2	9	0.9603	0.0000
main	baseline	2	64	2	10	0.9603	0.0000
main	baseline	2	64	2	11	0.9603	0.0000
main	baseline	2	64	2	12	0.9669	0.2188
main	baseline	2	64	2	13	0.9735	0.2500
main	baseline	2	64	2	14	0.9735	0.2500
main	baseline	2	64	2	15	0.9735	0.2500
main	baseline	2	64	2	16	0.9752	0.3125
main	baseline	2	64	2	17	0.9810	0.4688
main	baseline	2	64	2	18	0.9818	0.5000
main	baseline	2	64	2	19	0.9843	0.5000
main	baseline	2	64	2	20	0.9851	0.5000
main	baseline	2	64	2	21	0.9868	0.5000
main	baseline	2	64	2	22	0.9868	0.5000
main	baseline	2	64	2	23	0.9868	0.5000
main	baseline	2	64	2	24	0.9868	0.5000
main	baseline	2	64	2	25	0.9868	0.5000
main	baseline	2	64	2	26	0.9868	0.5000
main	baseline	2	64	2	27	0.9868	0.5000
main	baseline	2	64	2	28	0.9868	0.5000
main	baseline	2	64	2	29	0.9868	0.5000
main	baseline	2	64	2	30	0.9868	0.5000
main	baseline	2	64	2	31	0.9901	0.6250
main	baseline	2	64	2	32	1.0000	1.0000
main	baseline	2	64	2	33	1.0000	1.0000
main	baseline	2	64	2	34	1.0000	1.0000
main	baseline	2	64	2	35	1.0000	1.0000
main	baseline	2	64	2	36	1.0000	1.0000
main	baseline	2	64	2	37	1.0000	1.0000
main	baseline	2	64	2	38	1.0000	1.0000
main	baseline	2	64	2	39	1.0000	1.0000
main	baseline	2	64	2	40	1.0000	1.0000
main	baseline	2	64	2	41	1.0000	1.0000
main	baseline	2	64	2	42	1.0000	1.0000
main	baseline	2	64	2	43	1.0000	1.0000
main	baseline	2	64	2	44	1.0000	1.0000
main	baseline	2	64	2	45	1.0000	1.0000
main	baseline	2	64	2	46	1.0000	1.0000
main	baseline	2	64	2	47	1.0000	1.0000
main	baseline	2	64	2	48	1.0000	1.0000
main	baseline	2	64	2	49	1.0000	1.0000
main	baseline	2	64	2	50	1.0000	1.0000
main	baseline	2	64	2	51	1.0000	1.0000
main	baseline	2	64	2	52	1.0000	1.0000
main	baseline	2	64	2	53	1.0000	1.0000
main	baseline	2	64	2	54	1.0000	1.0000
main	baseline	2	64	2	55	1.0000	1.0000
main	baseline	2	64	2	56	1.0000	1.0000
main	baseline	2	64	2	57	1.0000	1.0000
main	baseline	2	64	2	58	1.0000	1.0000
main	baseline	2	64	2	59	1.0000	1.0000
main	baseline	2	64	2	60	1.0000	1.0000
main	baseline	3	64	2	1	0.0000	0.0000
main	baseline	3	64	2	2	0.3874	0.0000
main	baseline	3	64	2	3	0.8411	0.0000
main	baseline	3	64	2	4	0.8543	0.0000
main	baseline	3	64	2	5	0.8543	0.0000
main	baseline	3	64	2	6	0.8543	0.0000
main	baseline	3	64	2	7	0.8675	0.0000
main	baseline	3	64	2	8	0.9305	0.0000
main	baseline	3	64	2	9	0.9338	0.0000
main	baseline	3	64	2	10	0.9338	0.0000
main	baseline	3	64	2	11	0.9338	0.0000
main	baseline	3	64	2	12	0.9603	0.0000
main	baseline	3	64	2	13	0.9627	0.0625
main	baseline	3	64	2	14	0.9652	0.1250
main	baseline	3	64	2	15	0.9735	0.2500
main	baseline	3	64	2	16	0.9735	0.2500
main	baseline	3	64	2	17	0.9735	0.2500
main	baseline	3	64	2	18	0.9735	0.2500
main	baseline	3	64	2	19	0.9760	0.3125
main	baseline	3	64	2	20	0.9868	0.5000
main	baseline	3	64	2	21	0.9868	0.5000
main	baseline	3	64	2	22	0.9868	0.5000
main	baseline	3	64	2	23	0.9868	0.5000
main	baseline	3	64	2	24	0.9868	0.5000
main	baseline	3	64	2	25	0.9876	0.5312
main	baseline	3	64	2	26	0.9901	0.6250
main	baseline	3	64	2	27	0.9959	0.8438
main	baseline	3	64	2	28	1.0000	1.0000
main	baseline	3	64	2	29	1.0000	1.0000
main	baseline	3	64	2	30	1.0000	1.0000
main	baseline	3	64	2	31	1.0000	1.0000
main	baseline	3	64	2	32	1.0000	1.0000
main	baseline	3	64	2	33	1.0000	1.0000
main	baseline	3	64	2	34	1.0000	1.0000
main	baseline	3	64	2	35	1.0000	1.0000
main	baseline	3	64	2	36	1.0000	1.0000
main	baseline	3	64	2	37	1.0000	1.0000
main	baseline	3	64	2	38	1.0000	1.0000
main	baseline	3	64	2	39	1.0000	1.0000
main	baseline	3	64	2	40	1.0000	1.0000
main	baseline	3	64	2	41	1.0000	1.0000
main	baseline	3	64	2	42	1.0000	1.0000
main	baseline	3	64	2	43	1.0000	1.0000
main	baseline	3	64	2	44	1.0000	1.0000
main	baseline	3	64	2	45	1.0000	1.0000
main	baseline	3	64	2	46	1.0000	1.0000
main	baseline	3	64	2	47	1.0000	1.0000
main	baseline	3	64	2	48	1.0000	1.0000
main	baseline	3	64	2	49	1.0000	1.0000
main	baseline	3	64	2	50	1.0000	1.0000
main	baseline	3	64	2	51	1.0000	1.0000
main	baseline	3	64	2	52	1.0000	1.0000
main	baseline	3	64	2	53	1.0000	1.0000
main	baseline	3	64	2	54	1.0000	1.0000
main	baseline	3	64	2	55	1.0000	1.0000
main	baseline	3	64	2	56	1.0000	1.0000
main	baseline	3	64	2	57	1.0000	1.0000
main	baseline	3	64	2	58	1.0000	1.0000
main	baseline	3	64	2	59	1.0000	1.0000
main	baseline	3	64	2	60	1.0000	1.0000
main	baseline	4	64	2	1	0.8411	0.0000
main	baseline	4	64	2	2	0.8411	0.0000
main	baseline	4	64	2	3	0.8411	0.0000
main	baseline	4	64	2	4	0.8940	0.0000
main	baseline	4	64	2	5	0.8940	0.0000
main	baseline	4	64	2	6	0.8940	0.0000
main	baseline	4	64	2	7	0.8940	0.0000
main	baseline	4	64	2	8	0.8982	0.0000
main	baseline	4	64	2	9	0.9147	0.0000
main	baseline	4	64	2	10	0.9205	0.0000
main	baseline	4	64	2	11	0.9205	0.0000
main	baseline	4	64	2	12	0.9205	0.0000
main	baseline	4	64	2	13	0.9280	0.0000
main	baseline	4	64	2	14	0.9354	0.0000
main	baseline	4	64	2	15	0.9470	0.0000
main	baseline	4	64	2	16	0.9603	0.0000
main	baseline	4	64	2	17	0.9677	0.0000
main	baseline	4	64	2	18	0.9735	0.0000
main	baseline	4	64	2	19	0.9776	0.1562
main	baseline	4	64	2	20	1.0000	1.0000
main	baseline	4	64	2	21	1.0000	1.0000
main	baseline	4	64	2	22	1.0000	1.0000
main	baseline	4	64	2	23	1.0000	1.0000
main	baseline	4	64	2	24	1.0000	1.0000
main	baseline	4	64	2	25	1.0000	1.0000
main	baseline	4	64	2	26	1.0000	1.0000
main	baseline	4	64	2	27	1.0000	1.0000
main	baseline	4	64	2	28	1.0000	1.0000
main	baseline	4	64	2	29	1.0000	1.0000
main	baseline	4	64	2	30	1.0000	1.0000
main	baseline	4	64	2	31	1.0000	1.0000
main	baseline	4	64	2	32	1.0000	1.0000
main	baseline	4	64	2	33	1.0000	1.0000
main	baseline	4	64	2	34	1.0000	1.0000
main	baseline	4	64	2	35	1.0000	1.0000
main	baseline	4	64	2	36	1.0000	1.0000
main	baseline	4	64	2	37	1.0000	1.0000
main	baseline	4	64	2	38	1.0000	1.0000
main	baseline	4	64	2	39	1.0000	1.0000
main	baseline	4	64	2	40	1.0000	1.0000
main	baseline	4	64	2	41	1.0000	1.0000
main	baseline	4	64	2	42	1.0000	1.0000
main	baseline	4	64	2	43	1.0000	1.0000
main	baseline	4	64	2	44	1.0000	1.0000
main	baseline	4	64	2	45	1.0000	1.0000
main	baseline	4	64	2	46	1.0000	1.0000
main	baseline	4	64	2	47	1.0000	1.0000
main	baseline	4	64	2	48	1.0000	1.0000
main	baseline	4	64	2	49	1.0000	1.0000
main	baseline	4	64	2	50	1.0000	1.0000
main	baseline	4	64	2	51	1.0000	1.0000
main	baseline	4	64	2	52	1.0000	1.0000
main	baseline	4	64	2	53	1.0000	1.0000
main	baseline	4	64	2	54	1.0000	1.0000
main	baseline	4	64	2	55	1.0000	1.0000
main	baseline	4	64	2	56	1.0000	1.0000
main	baseline	4	64	2	57	1.0000	1.0000
main	baseline	4	64	2	58	1.0000	1.0000
main	baseline	4	64	2	59	1.0000	1.0000
main	baseline	4	64	2	60	1.0000	1.0000
main	baseline	5	64	2	1	0.0530	0.0000
main	baseline	5	64	2	2	0.8146	0.0000
main	baseline	5	64	2	3	0.8940	0.0000
main	baseline	5	64	2	4	0.8940	0.0000
main	baseline	5	64	2	5	0.9089	0.0000
main	baseline	5	64	2	6	0.9429	0.0000
main	baseline	5	64	2	7	0.9603	0.0000
main	baseline	5	64	2	8	0.9603	0.0000
main	baseline	5	64	2	9	0.9603	0.0000
main	baseline	5	64	2	10	0.9603	0.0000
main	baseline	5	64	2	11	0.9785	0.1875
main	baseline	5	64	2	12	0.9868	0.5000
main	baseline	5	64	2	13	0.9868	0.5000
main	baseline	5	64	2	14	0.9868	0.5000
main	baseline	5	64	2	15	0.9868	0.5000
main	baseline	5	64	2	16	0.9868	0.5000
main	baseline	5	64	2	17	0.9868	0.5000
main	baseline	5	64	2	18	0.9868	0.5000
main	baseline	5	64	2	19	0.9868	0.5000
main	baseline	5	64	2	20	0.9868	0.5000
main	baseline	5	64	2	21	0.9868	0.5000
main	baseline	5	64	2	22	0.9868	0.5000
main	baseline	5	64	2	23	0.9942	0.7812
main	baseline	5	64	2	24	1.0000	1.0000
main	baseline	5	64	2	25	1.0000	1.0000
main	baseline	5	64	2	26	1.0000	1.0000
main	baseline	5	64	2	27	1.0000	1.0000
main	baseline	5	64	2	28	1.0000	1.0000
main	baseline	5	64	2	29	1.0000	1.0000
main	baseline	5	64	2	30	1.0000	1.0000
main	baseline	5	64	2	31	1.0000	1.0000
main	baseline	5	64	2	32	1.0000	1.0000
main	baseline	5	64	2	33	1.0000	1.0000
main	baseline	5	64	2	34	1.0000	1.0000
main	baseline	5	64	2	35	1.0000	1.0000
main	baseline	5	64	2	36	1.0000	1.0000
main	baseline	5	64	2	37	1.0000	1.0000
main	baseline	5	64	2	38	1.0000	1.0000
main	baseline	5	64	2	39	1.0000	1.0000
main	baseline	5	64	2	40	1.0000	1.0000
main	baseline	5	64	2	41	1.0000	1.0000
main	baseline	5	64	2	42	1.0000	1.0000
main	baseline	5	64	2	43	1.0000	1.0000
main	baseline	5	64	2	44	1.0000	1.0000
main	baseline	5	64	2	45	1.0000	1.0000
main	baseline	5	64	2	46	1.0000	1.0000
main	baseline	5	64	2	47	1.0000	1.0000
main	baseline	5	64	2	48	1.0000	1.0000
main	baseline	5	64	2	49	1.0000	1.0000
main	baseline	5	64	2	50	1.0000	1.0000
main	baseline	5	64	2	51	1.0000	1.0000
main	baseline	5	64	2	52	1.0000	1.0000
main	baseline	5	64	2	53	1.0000	1.0000
main	baseline	5	64	2	54	1.0000	1.0000
main	baseline	5	64	2	55	1.0000	1.0000
main	baseline	5	64	2	56	1.0000	1.0000
main	baseline	5	64	2	57	1.0000	1.0000
main	baseline	5	64	2	58	1.0000	1.0000
main	baseline	5	64	2	59	1.0000	1.0000
main	baseline	5	64	2	60	1.0000	1.0000
main	baseline	6	64	2	1	0.7616	0.0000
main	baseline	6	64	2	2	0.7616	0.0000
main	baseline	6	64	2	3	0.7748	0.0000
main	baseline	6	64	2	4	0.7682	0.0000
main	baseline	6	64	2	5	0.7649	0.0000
main	baseline	6	64	2	6	0.7707	0.0000
main	baseline	6	64	2	7	0.7748	0.0000
main	baseline	6	64	2	8	0.7748	0.0000
main	baseline	6	64	2	9	0.8113	0.0000
main	baseline	6	64	2	10	0.8584	0.0000
main	baseline	6	64	2	11	0.9396	0.0000
main	baseline	6	64	2	12	0.9470	0.0000
main	baseline	6	64	2	13	0.9470	0.0000
main	baseline	6	64	2	14	0.9470	0.0000
main	baseline	6	64	2	15	0.9470	0.0000
main	baseline	6	64	2	16	0.9512	0.0625
main	baseline	6	64	2	17	0.9636	0.2500
main	baseline	6	64	2	18	0.9710	0.2812
main	baseline	6	64	2	19	0.9801	0.4375
main	baseline	6	64	2	20	0.9884	0.6875
main	baseline	6	64	2	21	0.9950	0.8125
main	baseline	6	64	2	22	0.9967	0.8750
main	baseline	6	64	2	23	1.0000	1.0000
main	baseline	6	64	2	24	1.0000	1.0000
main	baseline	6	64	2	25	1.0000	1.0000
main	baseline	6	64	2	26	1.0000	1.0000
main	baseline	6	64	2	27	1.0000	1.0000
main	baseline	6	64	2	28	1.0000	1.0000
main	baseline	6	64	2	29	1.0000	1.0000
main	baseline	6	64	2	30	1.0000	1.0000
main	baseline	6	64	2	31	1.0000	1.0000
main	baseline	6	64	2	32	1.0000	1.0000
main	baseline	6	64	2	33	1.0000	1.0000
main	baseline	6	64	2	34	1.0000	1.0000
main	baseline	6	64	2	35	1.0000	1.0000
main	baseline	6	64	2	36	1.0000	1.0000
main	baseline	6	64	2	37	1.0000	1.0000
main	baseline	6	64	2	38	1.0000	1.0000
main	baseline	6	64	2	39	1.0000	1.0000
main	baseline	6	64	2	40	1.0000	1.0000
main	baseline	6	64	2	41	1.0000	1.0000
main	baseline	6	64	2	42	1.0000	1.0000
main	baseline	6	64	2	43	1.0000	1.0000
main	baseline	6	64	2	44	1.0000	1.0000
main	baseline	6	64	2	45	1.0000	1.0000
main	baseline	6	64	2	46	1.0000	1.0000
main	baseline	6	64	2	47	1.0000	1.0000
main	baseline	6	64	2	48	1.0000	1.0000
main	baseline	6	64	2	49	1.0000	1.0000
main	baseline	6	64	2	50	1.0000	1.0000
main	baseline	6	64	2	51	1.0000	1.0000
main	baseline	6	64	2	52	1.0000	1.0000
main	baseline	6	64	2	53	1.0000	1.0000
main	baseline	6	64	2	54	1.0000	1.0000
main	baseline	6	64	2	55	1.0000	1.0000
main	baseline	6	64	2	56	1.0000	1.0000
main	baseline	6	64	2	57	1.0000	1.0000
main	baseline	6	64	2	58	1.0000	1.0000
main	baseline	6	64	2	59	1.0000	1.0000
main	baseline	6	64	2	60	1.0000	1.0000
main	baseline	7	64	2	1	0.0000	0.0000
main	baseline	7	64	2	2	0.7616	0.0000
main	baseline	7	64	2	3	0.7616	0.0000
main	baseline	7	64	2	4	0.7616	0.0000
main	baseline	7	64	2	5	0.7616	0.0000
main	baseline	7	64	2	6	0.7616	0.0000
main	baseline	7	64	2	7	0.7616	0.0000
main	baseline	7	64	2	8	0.7666	0.0000
main	baseline	7	64	2	9	0.8411	0.0000
main	baseline	7	64	2	10	0.8460	0.0000
main	baseline	7	64	2	11	0.8675	0.0000
main	baseline	7	64	2	12	0.9123	0.0000
main	baseline	7	64	2	13	0.9305	0.0000
main	baseline	7	64	2	14	0.9636	0.0625
main	baseline	7	64	2	15	0.9735	0.2500
main	baseline	7	64	2	16	0.9735	0.2500
main	baseline	7	64	2	17	1.0000	1.0000
main	baseline	7	64	2	18	1.0000	1.0000
main	baseline	7	64	2	19	1.0000	1.0000
main	baseline	7	64	2	20	1.0000	1.0000
main	baseline	7	64	2	21	1.0000	1.0000
main	baseline	7	64	2	22	1.0000	1.0000
main	baseline	7	64	2	23	1.0000	1.0000
main	baseline	7	64	2	24	1.0000	1.0000
main	baseline	7	64	2	25	1.0000	1.0000
main	baseline	7	64	2	26	1.0000	1.0000
main	baseline	7	64	2	27	1.0000	1.0000
main	baseline	7	64	2	28	1.0000	1.0000
main	baseline	7	64	2	29	1.0000	1.0000
main	baseline	7	64	2	30	1.0000	1.0000
main	baseline	7	64	2	31	1.0000	1.0000
main	baseline	7	64	2	32	1.0000	1.0000
main	baseline	7	64	2	33	1.0000	1.0000
main	baseline	7	64	2	34	1.0000	1.0000
main	baseline	7	64	2	35	1.0000	1.0000
main	baseline	7	64	2	36	1.0000	1.0000
main	baseline	7	64	2	37	1.0000	1.0000
main	baseline	7	64	2	38	1.0000	1.0000
main	baseline	7	64	2	39	1.0000	1.0000
main	baseline	7	64	2	40	1.0000	1.0000
main	baseline	7	64	2	41	1.0000	1.0000
main	baseline	7	64	2	42	1.0000	1.0000
main	baseline	7	64	2	43	1.0000	1.0000
main	baseline	7	64	2	44	1.0000	1.0000
main	baseline	7	64	2	45	1.0000	1.0000
main	baseline	7	64	2	46	1.0000	1.0000
main	baseline	7	64	2	47	1.0000	1.0000
main	baseline	7	64	2	48	1.0000	1.0000
main	baseline	7	64	2	49	1.0000	1.0000
main	baseline	7	64	2	50	1.0000	1.0000
main	baseline	7	64	2	51	1.0000	1.0000
main	baseline	7	64	2	52	1.0000	1.0000
main	baseline	7	64	2	53	1.0000	1.0000
main	baseline	7	64	2	54	1.0000	1.0000
main	baseline	7	64	2	55	1.0000	1.0000
main	baseline	7	64	2	56	1.0000	1.0000
main	baseline	7	64	2	57	1.0000	1.0000
main	baseline	7	64	2	58	1.0000	1.0000
main	baseline	7	64	2	59	1.0000	1.0000
main	baseline	7	64	2	60	1.0000	1.0000
main	baseline	8	64	2	1	0.0000	0.0000
main	baseline	8	64	2	2	0.7616	0.0000
main	baseline	8	64	2	3	0.7616	0.0000
main	baseline	8	64	2	4	0.8146	0.0000
main	baseline	8	64	2	5	0.8146	0.0000
main	baseline	8	64	2	6	0.8146	0.0000
main	baseline	8	64	2	7	0.8411	0.0000
main	baseline	8	64	2	8	0.9073	0.0000
main	baseline	8	64	2	9	0.9470	0.0000
main	baseline	8	64	2	10	0.9470	0.0000
main	baseline	8	64	2	11	0.9470	0.0000
main	baseline	8	64	2	12	0.9470	0.0000
main	baseline	8	64	2	13	0.9603	0.0000
main	baseline	8	64	2	14	0.9603	0.0000
main	baseline	8	64	2	15	0.9619	0.0000
main	baseline	8	64	2	16	0.9702	0.0625
main	baseline	8	64	2	17	0.9868	0.5000
main	baseline	8	64	2	18	0.9868	0.5000
main	baseline	8	64	2	19	0.9868	0.5000
main	baseline	8	64	2	20	0.9868	0.5000
main	baseline	8	64	2	21	0.9917	0.6875
main	baseline	8	64	2	22	1.0000	1.0000
main	baseline	8	64	2	23	1.0000	1.0000
main	baseline	8	64	2	24	1.0000	1.0000
main	baseline	8	64	2	25	1.0000	1.0000
main	baseline	8	64	2	26	1.0000	1.0000
main	baseline	8	64	2	27	1.0000	1.0000
main	baseline	8	64	2	28	1.0000	1.0000
main	baseline	8	64	2	29	1.0000	1.0000
main	baseline	8	64	2	30	1.0000	1.0000
main	baseline	8	64	2	31	1.0000	1.0000
main	baseline	8	64	2	32	1.0000	1.0000
main	baseline	8	64	2	33	1.0000	1.0000
main	baseline	8	64	2	34	1.0000	1.0000
main	baseline	8	64	2	35	1.0000	1.0000
main	baseline	8	64	2	36	1.0000	1.0000
main	baseline	8	64	2	37	1.0000	1.0000
main	baseline	8	64	2	38	1.0000	1.0000
main	baseline	8	64	2	39	1.0000	1.0000
main	baseline	8	64	2	40	1.0000	1.0000
main	baseline	8	64	2	41	1.0000	1.0000
main	baseline	8	64	2	42	1.0000	1.0000
main	baseline	8	64	2	43	1.0000	1.0000
main	baseline	8	64	2	44	1.0000	1.0000
main	baseline	8	64	2	45	1.0000	1.0000
main	baseline	8	64	2	46	1.0000	1.0000
main	baseline	8	64	2	47	1.0000	1.0000
main	baseline	8	64	2	48	1.0000	1.0000
main	baseline	8	64	2	49	1.0000	1.0000
main	baseline	8	64	2	50	1.0000	1.0000
main	baseline	8	64	2	51	1.0000	1.0000
main	baseline	8	64	2	52	1.0000	1.0000
main	baseline	8	64	2	53	1.0000	1.0000
main	baseline	8	64	2	54	1.0000	1.0000
main	baseline	8	64	2	55	1.0000	1.0000
main	baseline	8	64	2	56	1.0000	1.0000
main	baseline	8	64	2	57	1.0000	1.0000
main	baseline	8	64	2	58	1.0000	1.0000
main	baseline	8	64	2	59	1.0000	1.0000
main	baseline	8	64	2	60	1.0000	1.0000
main	baseline	9	64	2	1	0.0000	0.0000
main	baseline	9	64	2	2	0.7707	0.0000
main	baseline	9	64	2	3	0.7881	0.0000
main	baseline	9	64	2	4	0.7881	0.0000
main	baseline	9	64	2	5	0.7947	0.0000
main	baseline	9	64	2	6	0.9255	0.0000
main	baseline	9	64	2	7	0.9470	0.0000
main	baseline	9	64	2	8	0.9470	0.0000
main	baseline	9	64	2	9	0.9594	0.0000
main	baseline	9	64	2	10	0.9603	0.0000
main	baseline	9	64	2	11	0.9603	0.0000
main	baseline	9	64	2	12	0.9603	0.0000
main	baseline	9	64	2	13	0.9636	0.0625
main	baseline	9	64	2	14	0.9735	0.2500
main	baseline	9	64	2	15	0.9735	0.2500
main	baseline	9	64	2	16	0.9768	0.3125
main	baseline	9	64	2	17	0.9884	0.5625
main	baseline	9	64	2	18	0.9950	0.8125
main	baseline	9	64	2	19	0.9975	0.9062
main	baseline	9	64	2	20	1.0000	1.0000
main	baseline	9	64	2	21	1.0000	1.0000
main	baseline	9	64	2	22	1.0000	1.0000
main	baseline	9	64	2	23	1.0000	1.0000
main	baseline	9	64	2	24	1.0000	1.0000
main	baseline	9	64	2	25	1.0000	1.0000
main	baseline	9	64	2	26	1.0000	1.0000
main	baseline	9	64	2	27	1.0000	1.0000
main	baseline	9	64	2	28	1.0000	1.0000
main	baseline	9	64	2	29	1.0000	1.0000
main	baseline	9	64	2	30	1.0000	1.0000
main	baseline	9	64	2	31	1.0000	1.0000
main	baseline	9	64	2	32	1.0000	1.0000
main	baseline	9	64	2	33	1.0000	1.0000
main	baseline	9	64	2	34	1.0000	1.0000
main	baseline	9	64	2	35	1.0000	1.0000
main	baseline	9	64	2	36	1.0000	1.0000
main	baseline	9	64	2	37	1.0000	1.0000
main	baseline	9	64	2	38	1.0000	1.0000
main	baseline	9	64	2	39	1.0000	1.0000
main	baseline	9	64	2	40	1.0000	1.0000
main	baseline	9	64	2	41	1.0000	1.0000
main	baseline	9	64	2	42	1.0000	1.0000
main	baseline	9	64	2	43	1.0000	1.0000
main	baseline	9	64	2	44	1.0000	1.0000
main	baseline	9	64	2	45	1.0000	1.0000
main	baseline	9	64	2	46	1.0000	1.0000
main	baseline	9	64	2	47	1.0000	1.0000
main	baseline	9	64	2	48	1.0000	1.0000
main	baseline	9	64	2	49	1.0000	1.0000
main	baseline	9	64	2	50	1.0000	1.0000
main	baseline	9	64	2	51	1.0000	1.0000
main	baseline	9	64	2	52	1.0000	1.0000
main	baseline	9	64	2	53	1.0000	1.0000
main	baseline	9	64	2	54	1.0000	1.0000
main	baseline	9	64	2	55	1.0000	1.0000
main	baseline	9	64	2	56	1.0000	1.0000
main	baseline	9	64	2	57	1.0000	1.0000
main	baseline	9	64	2	58	1.0000	1.0000
main	baseline	9	64	2	59	1.0000	1.0000
main	baseline	9	64	2	60	1.0000	1.0000
main	no_decl	0	64	2	1	0.0000	0.0000
main	no_decl	0	64	2	2	0.0000	0.0000
main	no_decl	0	64	2	3	0.0795	0.0000
main	no_decl	0	64	2	4	0.0795	0.0000
main	no_decl	0	64	2	5	0.0795	0.0000
main	no_decl	0	64	2	6	0.0795	0.0000
main	no_decl	0	64	2	7	0.0795	0.0000
main	no_decl	0	64	2	8	0.0828	0.0000
main	no_decl	0	64	2	9	0.1482	0.0000
main	no_decl	0	64	2	10	0.1854	0.0000
main	no_decl	0	64	2	11	0.1871	0.0000
main	no_decl	0	64	2	12	0.2070	0.0000
main	no_decl	0	64	2	13	0.2219	0.0000
main	no_decl	0	64	2	14	0.2252	0.0000
main	no_decl	0	64	2	15	0.2285	0.0000
main	no_decl	0	64	2	16	0.2384	0.0000
main	no_decl	0	64	2	17	0.2384	0.0000
main	no_decl	0	64	2	18	0.2384	0.0000
main	no_decl	0	64	2	19	0.2384	0.0000
main	no_decl	0	64	2	20	0.2384	0.0000
main	no_decl	0	64	2	21	0.2384	0.0000
main	no_decl	0	64	2	22	0.2384	0.0000
main	no_decl	0	64	2	23	0.2384	0.0000
main	no_decl	0	64	2	24	0.2384	0.0000
main	no_decl	0	64	2	25	0.2384	0.0000
main	no_decl	0	64	2	26	0.2384	0.0000
main	no_decl	0	64	2	27	0.2384	0.0000
main	no_decl	0	64	2	28	0.2384	0.0000
main	no_decl	0	64	2	29	0.2384	0.0000
main	no_decl	0	64	2	30	0.2384	0.0000
main	no_decl	0	64	2	31	0.2384	0.0000
main	no_decl	0	64	2	32	0.2384	0.0000
main	no_decl	0	64	2	33	0.2384	0.0000
main	no_decl	0	64	2	34	0.2384	0.0000
main	no_decl	0	64	2	35	0.2384	0.0000
main	no_decl	0	64	2	36	0.2384	0.0000
main	no_decl	0	64	2	37	0.2384	0.0000
main	no_decl	0	64	2	38	0.2384	0.0000
main	no_decl	0	64	2	39	0.2384	0.0000
main	no_decl	0	64	2	40	0.2384	0.0000
main	no_decl	0	64	2	41	0.2384	0.0000
main	no_decl	0	64	2	42	0.2384	0.0000
main	no_decl	0	64	2	43	0.2384	0.0000
main	no_decl	0	64	2	44	0.2384	0.0000
main	no_decl	0	64	2	45	0.2384	0.0000
main	no_decl	0	64	2	46	0.2384	0.0000
main	no_decl	0	64	2	47	0.2384	0.0000
main	no_decl	0	64	2	48	0.2384	0.0000
main	no_decl	0	64	2	49	0.2384	0.0000
main	no_decl	0	64	2	50	0.2384	0.0000
main	no_decl	0	64	2	51	0.2384	0.0000
main	no_decl	0	64	2	52	0.2384	0.0000
main	no_decl	0	64	2	53	0.2384	0.0000
main	no_decl	0	64	2	54	0.2384	0.0000
main	no_decl	0	64	2	55	0.2384	0.0000
main	no_decl	0	64	2	56	0.2384	0.0000
main	no_decl	0	64	2	57	0.2384	0.0000
main	no_decl	0	64	2	58	0.2384	0.0000
main	no_decl	0	64	2	59	0.2384	0.0000
main	no_decl	0	64	2	60	0.2384	0.0000
main	no_decl	1	64	2	1	0.0000	0.0000
main	no_decl	1	64	2	2	0.0000	0.0000
main	no_decl	1	64	2	3	0.0000	0.0000
main	no_decl	1	64	2	4	0.0166	0.0000
main	no_decl	1	64	2	5	0.0199	0.0000
main	no_decl	1	64	2	6	0.1573	0.0000
main	no_decl	1	64	2	7	0.1589	0.0000
main	no_decl	1	64	2	8	0.1854	0.0000
main	no_decl	1	64	2	9	0.1854	0.0000
main	no_decl	1	64	2	10	0.1854	0.0000
main	no_decl	1	64	2	11	0.1854	0.0000
main	no_decl	1	64	2	12	0.1871	0.0000
main	no_decl	1	64	2	13	0.1978	0.0000
main	no_decl	1	64	2	14	0.2119	0.0000
main	no_decl	1	64	2	15	0.2119	0.0000
main	no_decl	1	64	2	16	0.2219	0.0000
main	no_decl	1	64	2	17	0.2252	0.0000
main	no_decl	1	64	2	18	0.2252	0.0000
main	no_decl	1	64	2	19	0.2252	0.0000
main	no_decl	1	64	2	20	0.2252	0.0000
main	no_decl	1	64	2	21	0.2252	0.0000
main	no_decl	1	64	2	22	0.2252	0.0000
main	no_decl	1	64	2	23	0.2252	0.0000
main	no_decl	1	64	2	24	0.2252	0.0000
main	no_decl	1	64	2	25	0.2252	0.0000
main	no_decl	1	64	2	26	0.2276	0.0000
main	no_decl	1	64	2	27	0.2285	0.0000
main	no_decl	1	64	2	28	0.2351	0.0000
main	no_decl	1	64	2	29	0.2384	0.0000
main	no_decl	1	64	2	30	0.2384	0.0000
main	no_decl	1	64	2	31	0.2384	0.0000
main	no_decl	1	64	2	32	0.2384	0.0000
main	no_decl	1	64	2	33	0.2384	0.0000
main	no_decl	1	64	2	34	0.2384	0.0000
main	no_decl	1	64	2	35	0.2384	0.0000
main	no_decl	1	64	2	36	0.2384	0.0000
main	no_decl	1	64	2	37	0.2384	0.0000
main	no_decl	1	64	2	38	0.2384	0.0000
main	no_decl	1	64	2	39	0.2384	0.0000
main	no_decl	1	64	2	40	0.2384	0.0000
main	no_decl	1	64	2	41	0.2384	0.0000
main	no_decl	1	64	2	42	0.2384	0.0000
main	no_decl	1	64	2	43	0.2384	0.0000
main	no_decl	1	64	2	44	0.2384	0.0000
main	no_decl	1	64	2	45	0.2384	0.0000
main	no_decl	1	64	2	46	0.2384	0.0000
main	no_decl	1	64	2	47	0.2384	0.0000
main	no_decl	1	64	2	48	0.2384	0.0000
main	no_decl	1	64	2	49	0.2384	0.0000
main	no_decl	1	64	2	50	0.2384	0.0000
main	no_decl	1	64	2	51	0.2384	0.0000
main	no_decl	1	64	2	52	0.2384	0.0000
main	no_decl	1	64	2	53	0.2384	0.0000
main	no_decl	1	64	2	54	0.2384	0.0000
main	no_decl	1	64	2	55	0.2384	0.0000
main	no_decl	1	64	2	56	0.2384	0.0000
main	no_decl	1	64	2	57	0.2384	0.0000
main	no_decl	1	64	2	58	0.2384	0.0000
main	no_decl	1	64	2	59	0.2384	0.0000
main	no_decl	1	64	2	60	0.2384	0.0000
main	no_decl	2	64	2	1	0.0000	0.0000
main	no_decl	2	64	2	2	0.0000	0.0000
main	no_decl	2	64	2	3	0.0000	0.0000
main	no_decl	2	64	2	4	0.0530	0.0000
main	no_decl	2	64	2	5	0.0596	0.0000
main	no_decl	2	64	2	6	0.0662	0.0000
main	no_decl	2	64	2	7	0.1457	0.0000
main	no_decl	2	64	2	8	0.1722	0.0000
main	no_decl	2	64	2	9	0.1987	0.0000
main	no_decl	2	64	2	10	0.1987	0.0000
main	no_decl	2	64	2	11	0.2061	0.0000
main	no_decl	2	64	2	12	0.2185	0.0000
main	no_decl	2	64	2	13	0.2252	0.0000
main	no_decl	2	64	2	14	0.2252	0.0000
main	no_decl	2	64	2	15	0.2252	0.0000
main	no_decl	2	64	2	16	0.2252	0.0000
main	no_decl	2	64	2	17	0.2252	0.0000
main	no_decl	2	64	2	18	0.2252	0.0000
main	no_decl	2	64	2	19	0.2252	0.0000
main	no_decl	2	64	2	20	0.2252	0.0000
main	no_decl	2	64	2	21	0.2252	0.0000
main	no_decl	2	64	2	22	0.2252	0.0000
main	no_decl	2	64	2	23	0.2252	0.0000
main	no_decl	2	64	2	24	0.2252	0.0000
main	no_decl	2	64	2	25	0.2252	0.0000
main	no_decl	2	64	2	26	0.2252	0.0000
main	no_decl	2	64	2	27	0.2252	0.0000
main	no_decl	2	64	2	28	0.2252	0.0000
main	no_decl	2	64	2	29	0.2252	0.0000
main	no_decl	2	64	2	30	0.2252	0.0000
main	no_decl	2	64	2	31	0.2252	0.0000
main	no_decl	2	64	2	32	0.2276	0.0000
main	no_decl	2	64	2	33	0.2326	0.0000
main	no_decl	2	64	2	34	0.2384	0.0000
main	no_decl	2	64	2	35	0.2384	0.0000
main	no_decl	2	64	2	36	0.2384	0.0000
main	no_decl	2	64	2	37	0.2384	0.0000
main	no_decl	2	64	2	38	0.2384	0.0000
main	no_decl	2	64	2	39	0.2384	0.0000
main	no_decl	2	64	2	40	0.2384	0.0000
main	no_decl	2	64	2	41	0.2384	0.0000
main	no_decl	2	64	2	42	0.2384	0.0000
main	no_decl	2	64	2	43	0.2384	0.0000
main	no_decl	2	64	2	44	0.2384	0.0000
main	no_decl	2	64	2	45	0.2384	0.0000
main	no_decl	2	64	2	46	0.2384	0.0000
main	no_decl	2	64	2	47	0.2384	0.0000
main	no_decl	2	64	2	48	0.2384	0.0000
main	no_decl	2	64	2	49	0.2384	0.0000
main	no_decl	2	64	2	50	0.2384	0.0000
main	no_decl	2	64	2	51	0.2384	0.0000
main	no_decl	2	64	2	52	0.2384	0.0000
main	no_decl	2	64	2	53	0.2384	0.0000
main	no_decl	2	64	2	54	0.2384	0.0000
main	no_decl	2	64	2	55	0.2384	0.0000
main	no_decl	2	64	2	56	0.2384	0.0000
main	no_decl	2	64	2	57	0.2384	0.0000
main	no_decl	2	64	2	58	0.2384	0.0000
main	no_decl	2	64	2	59	0.2384	0.0000
main	no_decl	2	64	2	60	0.2384	0.0000
main	no_decl	3	64	2	1	0.0000	0.0000
main	no_decl	3	64	2	2	0.0000	0.0000
main	no_decl	3	64	2	3	0.0795	0.0000
main	no_decl	3	64	2	4	0.0828	0.0000
main	no_decl	3	64	2	5	0.1457	0.0000
main	no_decl	3	64	2	6	0.1457	0.0000
main	no_decl	3	64	2	7	0.1589	0.0000
main	no_decl	3	64	2	8	0.1722	0.0000
main	no_decl	3	64	2	9	0.1722	0.0000
main	no_decl	3	64	2	10	0.1722	0.0000
main	no_decl	3	64	2	11	0.1821	0.0000
main	no_decl	3	64	2	12	0.2070	0.0000
main	no_decl	3	64	2	13	0.2119	0.0000
main	no_decl	3	64	2	14	0.2119	0.0000
main	no_decl	3	64	2	15	0.2119	0.0000
main	no_decl	3	64	2	16	0.2119	0.0000
main	no_decl	3	64	2	17	0.2235	0.0000
main	no_decl	3	64	2	18	0.2252	0.0000
main	no_decl	3	64	2	19	0.2252	0.0000
main	no_decl	3	64	2	20	0.2252	0.0000
main	no_decl	3	64	2	21	0.2252	0.0000
main	no_decl	3	64	2	22	0.2260	0.0000
main	no_decl	3	64	2	23	0.2359	0.0000
main	no_decl	3	64	2	24	0.2384	0.0000
main	no_decl	3	64	2	25	0.2384	0.0000
main	no_decl	3	64	2	26	0.2384	0.0000
main	no_decl	3	64	2	27	0.2384	0.0000
main	no_decl	3	64	2	28	0.2384	0.0000
main	no_decl	3	64	2	29	0.2384	0.0000
main	no_decl	3	64	2	30	0.2384	0.0000
main	no_decl	3	64	2	31	0.2384	0.0000
main	no_decl	3	64	2	32	0.2384	0.0000
main	no_decl	3	64	2	33	0.2384	0.0000
main	no_decl	3	64	2	34	0.2384	0.0000
main	no_decl	3	64	2	35	0.2384	0.0000
main	no_decl	3	64	2	36	0.2384	0.0000
main	no_decl	3	64	2	37	0.2384	0.0000
main	no_decl	3	64	2	38	0.2384	0.0000
main	no_decl	3	64	2	39	0.2384	0.0000
main	no_decl	3	64	2	40	0.2384	0.0000
main	no_decl	3	64	2	41	0.2384	0.0000
main	no_decl	3	64	2	42	0.2384	0.0000
main	no_decl	3	64	2	43	0.2384	0.0000
main	no_decl	3	64	2	44	0.2384	0.0000
main	no_decl	3	64	2	45	0.2384	0.0000
main	no_decl	3	64	2	46	0.2384	0.0000
main	no_decl	3	64	2	47	0.2384	0.0000
main	no_decl	3	64	2	48	0.2384	0.0000
main	no_decl	3	64	2	49	0.2384	0.0000
main	no_decl	3	64	2	50	0.2384	0.0000
main	no_decl	3	64	2	51	0.2384	0.0000
main	no_decl	3	64	2	52	0.2384	0.0000
main	no_decl	3	64	2	53	0.2384	0.0000
main	no_decl	3	64	2	54	0.2384	0.0000
main	no_decl	3	64	2	55	0.2384	0.0000
main	no_decl	3	64	2	56	0.2384	0.0000
main	no_decl	3	64	2	57	0.2384	0.0000
main	no_decl	3	64	2	58	0.2384	0.0000
main	no_decl	3	64	2	59	0.2384	0.0000
main	no_decl	3	64	2	60	0.2384	0.0000
main	no_decl	4	64	2	1	0.0000	0.0000
main	no_decl	4	64	2	2	0.0795	0.0000
main	no_decl	4	64	2	3	0.0795	0.0000
main	no_decl	4	64	2	4	0.1192	0.0000
main	no_decl	4	64	2	5	0.1606	0.0000
main	no_decl	4	64	2	6	0.1722	0.0000
main	no_decl	4	64	2	7	0.1722	0.0000
main	no_decl	4	64	2	8	0.1722	0.0000
main	no_decl	4	64	2	9	0.1722	0.0000
main	no_decl	4	64	2	10	0.1722	0.0000
main	no_decl	4	64	2	11	0.1722	0.0000
main	no_decl	4	64	2	12	0.1722	0.0000
main	no_decl	4	64	2	13	0.1854	0.0000
main	no_decl	4	64	2	14	0.1854	0.0000
main	no_decl	4	64	2	15	0.1904	0.0000
main	no_decl	4	64	2	16	0.2252	0.0000
main	no_decl	4	64	2	17	0.2252	0.0000
main	no_decl	4	64	2	18	0.2252	0.0000
main	no_decl	4	64	2	19	0.2252	0.0000
main	no_decl	4	64	2	20	0.2252	0.0000
main	no_decl	4	64	2	21	0.2252	0.0000
main	no_decl	4	64	2	22	0.2285	0.0000
main	no_decl	4	64	2	23	0.2343	0.0000
main	no_decl	4	64	2	24	0.2384	0.0000
main	no_decl	4	64	2	25	0.2384	0.0000
main	no_decl	4	64	2	26	0.2384	0.0000
main	no_decl	4	64	2	27	0.2384	0.0000
main	no_decl	4	64	2	28	0.2384	0.0000
main	no_decl	4	64	2	29	0.2384	0.0000
main	no_decl	4	64	2	30	0.2384	0.0000
main	no_decl	4	64	2	31	0.2384	0.0000
main	no_decl	4	64	2	32	0.2384	0.0000
main	no_decl	4	64	2	33	0.2384	0.0000
main	no_decl	4	64	2	34	0.2384	0.0000
main	no_decl	4	64	2	35	0.2384	0.0000
main	no_decl	4	64	2	36	0.2384	0.0000
main	no_decl	4	64	2	37	0.2384	0.0000
main	no_decl	4	64	2	38	0.2384	0.0000
main	no_decl	4	64	2	39	0.2384	0.0000
main	no_decl	4	64	2	40	0.2384	0.0000
main	no_decl	4	64	2	41	0.2384	0.0000
main	no_decl	4	64	2	42	0.2384	0.0000
main	no_decl	4	64	2	43	0.2384	0.0000
main	no_decl	4	64	2	44	0.2384	0.0000
main	no_decl	4	64	2	45	0.2384	0.0000
main	no_decl	4	64	2	46	0.2384	0.0000
main	no_decl	4	64	2	47	0.2384	0.0000
main	no_decl	4	64	2	48	0.2384	0.0000
main	no_decl	4	64	2	49	0.2384	0.0000
main	no_decl	4	64	2	50	0.2384	0.0000
main	no_decl	4	64	2	51	0.2384	0.0000
main	no_decl	4	64	2	52	0.2384	0.0000
main	no_decl	4	64	2	53	0.2384	0.0000
main	no_decl	4	64	2	54	0.2384	0.0000
main	no_decl	4	64	2	55	0.2384	0.0000
main	no_decl	4	64	2	56	0.2384	0.0000
main	no_decl	4	64	2	57	0.2384	0.0000
main	no_decl	4	64	2	58	0.2384	0.0000
main	no_decl	4	64	2	59	0.2384	0.0000
main	no_decl	4	64	2	60	0.2384	0.0000
main	no_decl	5	64	2	1	0.0530	0.0000
main	no_decl	5	64	2	2	0.0530	0.0000
main	no_decl	5	64	2	3	0.0712	0.0000
main	no_decl	5	64	2	4	0.1457	0.0000
main	no_decl	5	64	2	5	0.1457	0.0000
main	no_decl	5	64	2	6	0.1482	0.0000
main	no_decl	5	64	2	7	0.1796	0.0000
main	no_decl	5	64	2	8	0.1987	0.0000
main	no_decl	5	64	2	9	0.1987	0.0000
main	no_decl	5	64	2	10	0.1987	0.0000
main	no_decl	5	64	2	11	0.1987	0.0000
main	no_decl	5	64	2	12	0.2061	0.0000
main	no_decl	5	64	2	13	0.2119	0.0000
main	no_decl	5	64	2	14	0.2202	0.0000
main	no_decl	5	64	2	15	0.2252	0.0000
main	no_decl	5	64	2	16	0.2252	0.0000
main	no_decl	5	64	2	17	0.2252	0.0000
main	no_decl	5	64	2	18	0.2252	0.0000
main	no_decl	5	64	2	19	0.2252	0.0000
main	no_decl	5	64	2	20	0.2252	0.0000
main	no_decl	5	64	2	21	0.2252	0.0000
main	no_decl	5	64	2	22	0.2252	0.0000
main	no_decl	5	64	2	23	0.2252	0.0000
main	no_decl	5	64	2	24	0.2252	0.0000
main	no_decl	5	64	2	25	0.2252	0.0000
main	no_decl	5	64	2	26	0.2252	0.0000
main	no_decl	5	64	2	27	0.2252	0.0000
main	no_decl	5	64	2	28	0.2252	0.0000
main	no_decl	5	64	2	29	0.2252	0.0000
main	no_decl	5	64	2	30	0.2252	0.0000
main	no_decl	5	64	2	31	0.2252	0.0000
main	no_decl	5	64	2	32	0.2252	0.0000
main	no_decl	5	64	2	33	0.2285	0.0000
main	no_decl	5	64	2	34	0.2384	0.0000
main	no_decl	5	64	2	35	0.2384	0.0000
main	no_decl	5	64	2	36	0.2384	0.0000
main	no_decl	5	64	2	37	0.2384	0.0000
main	no_decl	5	64	2	38	0.2384	0.0000
main	no_decl	5	64	2	39	0.2384	0.0000
main	no_decl	5	64	2	40	0.2384	0.0000
main	no_decl	5	64	2	41	0.2384	0.0000
main	no_decl	5	64	2	42	0.2384	0.0000
main	no_decl	5	64	2	43	0.2384	0.0000
main	no_decl	5	64	2	44	0.2384	0.0000
main	no_decl	5	64	2	45	0.2384	0.0000
main	no_decl	5	64	2	46	0.2384	0.0000
main	no_decl	5	64	2	47	0.2384	0.0000
main	no_decl	5	64	2	48	0.2384	0.0000
main	no_decl	5	64	2	49	0.2384	0.0000
main	no_decl	5	64	2	50	0.2384	0.0000
main	no_decl	5	64	2	51	0.2384	0.0000
main	no_decl	5	64	2	52	0.2384	0.0000
main	no_decl	5	64	2	53	0.2384	0.0000
main	no_decl	5	64	2	54	0.2384	0.0000
main	no_decl	5	64	2	55	0.2384	0.0000
main	no_decl	5	64	2	56	0.2384	0.0000
main	no_decl	5	64	2	57	0.2384	0.0000
main	no_decl	5	64	2	58	0.2384	0.0000
main	no_decl	5	64	2	59	0.2384	0.0000
main	no_decl	5	64	2	60	0.2384	0.0000
main	no_decl	6	64	2	1	0.0000	0.0000
main	no_decl	6	64	2	2	0.0000	0.0000
main	no_decl	6	64	2	3	0.0530	0.0000
main	no_decl	6	64	2	4	0.0662	0.0000
main	no_decl	6	64	2	5	0.0662	0.0000
main	no_decl	6	64	2	6	0.0811	0.0000
main	no_decl	6	64	2	7	0.0993	0.0000
main	no_decl	6	64	2	8	0.1854	0.0000
main	no_decl	6	64	2	9	0.1854	0.0000
main	no_decl	6	64	2	10	0.1854	0.0000
main	no_decl	6	64	2	11	0.1854	0.0000
main	no_decl	6	64	2	12	0.1854	0.0000
main	no_decl	6	64	2	13	0.2119	0.0000
main	no_decl	6	64	2	14	0.2152	0.0000
main	no_decl	6	64	2	15	0.2252	0.0000
main	no_decl	6	64	2	16	0.2252	0.0000
main	no_decl	6	64	2	17	0.2334	0.0000
main	no_decl	6	64	2	18	0.2384	0.0000
main	no_decl	6	64	2	19	0.2384	0.0000
main	no_decl	6	64	2	20	0.2384	0.0000
main	no_decl	6	64	2	21	0.2384	0.0000
main	no_decl	6	64	2	22	0.2384	0.0000
main	no_decl	6	64	2	23	0.2384	0.0000
main	no_decl	6	64	2	24	0.2384	0.0000
main	no_decl	6	64	2	25	0.2384	0.0000
main	no_decl	6	64	2	26	0.2384	0.0000
main	no_decl	6	64	2	27	0.2384	0.0000
main	no_decl	6	64	2	28	0.2384	0.0000
main	no_decl	6	64	2	29	0.2384	0.0000
main	no_decl	6	64	2	30	0.2384	0.0000
main	no_decl	6	64	2	31	0.2384	0.0000
main	no_decl	6	64	2	32	0.2384	0.0000
main	no_decl	6	64	2	33	0.2384	0.0000
main	no_decl	6	64	2	34	0.2384	0.0000
main	no_decl	6	64	2	35	0.2384	0.0000
main	no_decl	6	64	2	36	0.2384	0.0000
main	no_decl	6	64	2	37	0.2384	0.0000
main	no_decl	6	64	2	38	0.2384	0.0000
main	no_decl	6	64	2	39	0.2384	0.0000
main	no_decl	6	64	2	40	0.2384	0.0000
main	no_decl	6	64	2	41	0.2384	0.0000
main	no_decl	6	64	2	42	0.2384	0.0000
main	no_decl	6	64	2	43	0.2384	0.0000
main	no_decl	6	64	2	44	0.2384	0.0000
main	no_decl	6	64	2	45	0.2384	0.0000
main	no_decl	6	64	2	46	0.2384	0.0000
main	no_decl	6	64	2	47	0.2384	0.0000
main	no_decl	6	64	2	48	0.2384	0.0000
main	no_decl	6	64	2	49	0.2384	0.0000
main	no_decl	6	64	2	50	0.2384	0.0000
main	no_decl	6	64	2	51	0.2384	0.0000
main	no_decl	6	64	2	52	0.2384	0.0000
main	no_decl	6	64	2	53	0.2384	0.0000
main	no_decl	6	64	2	54	0.2384	0.0000
main	no_decl	6	64	2	55	0.2384	0.0000
main	no_decl	6	64	2	56	0.2384	0.0000
main	no_decl	6	64	2	57	0.2384	0.0000
main	no_decl	6	64	2	58	0.2384	0.0000
main	no_decl	6	64	2	59	0.2384	0.0000
main	no_decl	6	64	2	60	0.2384	0.0000
main	no_decl	7	64	2	1	0.0000	0.0000
main	no_decl	7	64	2	2	0.0497	0.0000
main	no_decl	7	64	2	3	0.0397	0.0000
main	no_decl	7	64	2	4	0.0000	0.0000
main	no_decl	7	64	2	5	0.0000	0.0000
main	no_decl	7	64	2	6	0.0000	0.0000
main	no_decl	7	64	2	7	0.0008	0.0000
main	no_decl	7	64	2	8	0.1060	0.0000
main	no_decl	7	64	2	9	0.1060	0.0000
main	no_decl	7	64	2	10	0.1589	0.0000
main	no_decl	7	64	2	11	0.1854	0.0000
main	no_decl	7	64	2	12	0.1987	0.0000
main	no_decl	7	64	2	13	0.1987	0.0000
main	no_decl	7	64	2	14	0.2119	0.0000
main	no_decl	7	64	2	15	0.2252	0.0000
main	no_decl	7	64	2	16	0.2252	0.0000
main	no_decl	7	64	2	17	0.2252	0.0000
main	no_decl	7	64	2	18	0.2252	0.0000
main	no_decl	7	64	2	19	0.2285	0.0000
main	no_decl	7	64	2	20	0.2384	0.0000
main	no_decl	7	64	2	21	0.2384	0.0000
main	no_decl	7	64	2	22	0.2384	0.0000
main	no_decl	7	64	2	23	0.2384	0.0000
main	no_decl	7	64	2	24	0.2384	0.0000
main	no_decl	7	64	2	25	0.2384	0.0000
main	no_decl	7	64	2	26	0.2384	0.0000
main	no_decl	7	64	2	27	0.2384	0.0000
main	no_decl	7	64	2	28	0.2384	0.0000
main	no_decl	7	64	2	29	0.2384	0.0000
main	no_decl	7	64	2	30	0.2384	0.0000
main	no_decl	7	64	2	31	0.2384	0.0000
main	no_decl	7	64	2	32	0.2384	0.0000
main	no_decl	7	64	2	33	0.2384	0.0000
main	no_decl	7	64	2	34	0.2384	0.0000
main	no_decl	7	64	2	35	0.2384	0.0000
main	no_decl	7	64	2	36	0.2384	0.0000
main	no_decl	7	64	2	37	0.2384	0.0000
main	no_decl	7	64	2	38	0.2384	0.0000
main	no_decl	7	64	2	39	0.2384	0.0000
main	no_decl	7	64	2	40	0.2384	0.0000
main	no_decl	7	64	2	41	0.2384	0.0000
main	no_decl	7	64	2	42	0.2384	0.0000
main	no_decl	7	64	2	43	0.2384	0.0000
main	no_decl	7	64	2	44	0.2384	0.0000
main	no_decl	7	64	2	45	0.2384	0.0000
main	no_decl	7	64	2	46	0.2384	0.0000
main	no_decl	7	64	2	47	0.2384	0.0000
main	no_decl	7	64	2	48	0.2384	0.0000
main	no_decl	7	64	2	49	0.2384	0.0000
main	no_decl	7	64	2	50	0.2384	0.0000
main	no_decl	7	64	2	51	0.2384	0.0000
main	no_decl	7	64	2	52	0.2384	0.0000
main	no_decl	7	64	2	53	0.2384	0.0000
main	no_decl	7	64	2	54	0.2384	0.0000
main	no_decl	7	64	2	55	0.2384	0.0000
main	no_decl	7	64	2	56	0.2384	0.0000
main	no_decl	7	64	2	57	0.2384	0.0000
main	no_decl	7	64	2	58	0.2384	0.0000
main	no_decl	7	64	2	59	0.2384	0.0000
main	no_decl	7	64	2	60	0.2384	0.0000
main	no_decl	8	64	2	1	0.0000	0.0000
main	no_decl	8	64	2	2	0.0000	0.0000
main	no_decl	8	64	2	3	0.0000	0.0000
main	no_decl	8	64	2	4	0.0000	0.0000
main	no_decl	8	64	2	5	0.0695	0.0000
main	no_decl	8	64	2	6	0.0795	0.0000
main	no_decl	8	64	2	7	0.0795	0.0000
main	no_decl	8	64	2	8	0.1060	0.0000
main	no_decl	8	64	2	9	0.1060	0.0000
main	no_decl	8	64	2	10	0.1805	0.0000
main	no_decl	8	64	2	11	0.1854	0.0000
main	no_decl	8	64	2	12	0.1854	0.0000
main	no_decl	8	64	2	13	0.2103	0.0000
main	no_decl	8	64	2	14	0.2252	0.0000
main	no_decl	8	64	2	15	0.2384	0.0000
main	no_decl	8	64	2	16	0.2384	0.0000
main	no_decl	8	64	2	17	0.2384	0.0000
main	no_decl	8	64	2	18	0.2384	0.0000
main	no_decl	8	64	2	19	0.2384	0.0000
main	no_decl	8	64	2	20	0.2384	0.0000
main	no_decl	8	64	2	21	0.2384	0.0000
main	no_decl	8	64	2	22	0.2384	0.0000
main	no_decl	8	64	2	23	0.2384	0.0000
main	no_decl	8	64	2	24	0.2384	0.0000
main	no_decl	8	64	2	25	0.2384	0.0000
main	no_decl	8	64	2	26	0.2384	0.0000
main	no_decl	8	64	2	27	0.2384	0.0000
main	no_decl	8	64	2	28	0.2384	0.0000
main	no_decl	8	64	2	29	0.2384	0.0000
main	no_decl	8	64	2	30	0.2384	0.0000
main	no_decl	8	64	2	31	0.2384	0.0000
main	no_decl	8	64	2	32	0.2384	0.0000
main	no_decl	8	64	2	33	0.2384	0.0000
main	no_decl	8	64	2	34	0.2384	0.0000
main	no_decl	8	64	2	35	0.2384	0.0000
main	no_decl	8	64	2	36	0.2384	0.0000
main	no_decl	8	64	2	37	0.2384	0.0000
main	no_decl	8	64	2	38	0.2384	0.0000
main	no_decl	8	64	2	39	0.2384	0.0000
main	no_decl	8	64	2	40	0.2384	0.0000
main	no_decl	8	64	2	41	0.2384	0.0000
main	no_decl	8	64	2	42	0.2384	0.0000
main	no_decl	8	64	2	43	0.2384	0.0000
main	no_decl	8	64	2	44	0.2384	0.0000
main	no_decl	8	64	2	45	0.2384	0.0000
main	no_decl	8	64	2	46	0.2384	0.0000
main	no_decl	8	64	2	47	0.2384	0.0000
main	no_decl	8	64	2	48	0.2384	0.0000
main	no_decl	8	64	2	49	0.2384	0.0000
main	no_decl	8	64	2	50	0.2384	0.0000
main	no_decl	8	64	2	51	0.2384	0.0000
main	no_decl	8	64	2	52	0.2384	0.0000
main	no_decl	8	64	2	53	0.2384	0.0000
main	no_decl	8	64	2	54	0.2384	0.0000
main	no_decl	8	64	2	55	0.2384	0.0000
main	no_decl	8	64	2	56	0.2384	0.0000
main	no_decl	8	64	2	57	0.2384	0.0000
main	no_decl	8	64	2	58	0.2384	0.0000
main	no_decl	8	64	2	59	0.2384	0.0000
main	no_decl	8	64	2	60	0.2384	0.0000
main	no_decl	9	64	2	1	0.0000	0.0000
main	no_decl	9	64	2	2	0.0265	0.0000
main	no_decl	9	64	2	3	0.0265	0.0000
main	no_decl	9	64	2	4	0.0530	0.0000
main	no_decl	9	64	2	5	0.1060	0.0000
main	no_decl	9	64	2	6	0.1118	0.0000
main	no_decl	9	64	2	7	0.2119	0.0000
main	no_decl	9	64	2	8	0.2119	0.0000
main	no_decl	9	64	2	9	0.2119	0.0000
main	no_decl	9	64	2	10	0.2119	0.0000
main	no_decl	9	64	2	11	0.2119	0.0000
main	no_decl	9	64	2	12	0.2119	0.0000
main	no_decl	9	64	2	13	0.2252	0.0000
main	no_decl	9	64	2	14	0.2252	0.0000
main	no_decl	9	64	2	15	0.2359	0.0000
main	no_decl	9	64	2	16	0.2384	0.0000
main	no_decl	9	64	2	17	0.2384	0.0000
main	no_decl	9	64	2	18	0.2384	0.0000
main	no_decl	9	64	2	19	0.2384	0.0000
main	no_decl	9	64	2	20	0.2384	0.0000
main	no_decl	9	64	2	21	0.2384	0.0000
main	no_decl	9	64	2	22	0.2384	0.0000
main	no_decl	9	64	2	23	0.2384	0.0000
main	no_decl	9	64	2	24	0.2384	0.0000
main	no_decl	9	64	2	25	0.2384	0.0000
main	no_decl	9	64	2	26	0.2384	0.0000
main	no_decl	9	64	2	27	0.2384	0.0000
main	no_decl	9	64	2	28	0.2384	0.0000
main	no_decl	9	64	2	29	0.2384	0.0000
main	no_decl	9	64	2	30	0.2384	0.0000
main	no_decl	9	64	2	31	0.2384	0.0000
main	no_decl	9	64	2	32	0.2384	0.0000
main	no_decl	9	64	2	33	0.2384	0.0000
main	no_decl	9	64	2	34	0.2384	0.0000
main	no_decl	9	64	2	35	0.2384	0.0000
main	no_decl	9	64	2	36	0.2384	0.0000
main	no_decl	9	64	2	37	0.2384	0.0000
main	no_decl	9	64	2	38	0.2384	0.0000
main	no_decl	9	64	2	39	0.2384	0.0000
main	no_decl	9	64	2	40	0.2384	0.0000
main	no_decl	9	64	2	41	0.2384	0.0000
main	no_decl	9	64	2	42	0.2384	0.0000
main	no_decl	9	64	2	43	0.2384	0.0000
main	no_decl	9	64	2	44	0.2384	0.0000
main	no_decl	9	64	2	45	0.2384	0.0000
main	no_decl	9	64	2	46	0.2384	0.0000
main	no_decl	9	64	2	47	0.2384	0.0000
main	no_decl	9	64	2	48	0.2384	0.0000
main	no_decl	9	64	2	49	0.2384	0.0000
main	no_decl	9	64	2	50	0.2384	0.0000
main	no_decl	9	64	2	51	0.2384	0.0000
main	no_decl	9	64	2	52	0.2384	0.0000
main	no_decl	9	64	2	53	0.2384	0.0000
main	no_decl	9	64	2	54	0.2384	0.0000
main	no_decl	9	64	2	55	0.2384	0.0000
main	no_decl	9	64	2	56	0.2384	0.0000
main	no_decl	9	64	2	57	0.2384	0.0000
main	no_decl	9	64	2	58	0.2384	0.0000
main	no_decl	9	64	2	59	0.2384	0.0000
main	no_decl	9	64	2	60	0.2384	0.0000
main	decl_full	0	64	2	1	0.0000	0.0000
main	decl_full	0	64	2	2	0.0000	0.0000
main	decl_full	0	64	2	3	0.0795	0.0000
main	decl_full	0	64	2	4	0.0795	0.0000
main	decl_full	0	64	2	5	0.0795	0.0000
main	decl_full	0	64	2	6	0.0795	0.0000
main	decl_full	0	64	2	7	0.0795	0.0000
main	decl_full	0	64	2	8	0.0894	0.0000
main	decl_full	0	64	2	9	0.1854	0.0000
main	decl_full	0	64	2	10	0.1854	0.0000
main	decl_full	0	64	2	11	0.1954	0.0000
main	decl_full	0	64	2	12	0.2119	0.0000
main	decl_full	0	64	2	13	0.2318	0.0000
main	decl_full	0	64	2	14	1.0000	1.0000
main	decl_full	0	64	2	15	1.0000	1.0000
main	decl_full	0	64	2	16	1.0000	1.0000
main	decl_full	0	64	2	17	1.0000	1.0000
main	decl_full	0	64	2	18	1.0000	1.0000
main	decl_full	0	64	2	19	1.0000	1.0000
main	decl_full	0	64	2	20	1.0000	1.0000
main	decl_full	0	64	2	21	1.0000	1.0000
main	decl_full	0	64	2	22	1.0000	1.0000
main	decl_full	0	64	2	23	1.0000	1.0000
main	decl_full	0	64	2	24	1.0000	1.0000
main	decl_full	0	64	2	25	1.0000	1.0000
main	decl_full	0	64	2	26	1.0000	1.0000
main	decl_full	0	64	2	27	1.0000	1.0000
main	decl_full	0	64	2	28	1.0000	1.0000
main	decl_full	0	64	2	29	1.0000	1.0000
main	decl_full	0	64	2	30	1.0000	1.0000
main	decl_full	0	64	2	31	1.0000	1.0000
main	decl_full	0	64	2	32	1.0000	1.0000
main	decl_full	0	64	2	33	1.0000	1.0000
main	decl_full	0	64	2	34	1.0000	1.0000
main	decl_full	0	64	2	35	1.0000	1.0000
main	decl_full	0	64	2	36	1.0000	1.0000
main	decl_full	0	64	2	37	1.0000	1.0000
main	decl_full	0	64	2	38	1.0000	1.0000
main	decl_full	0	64	2	39	1.0000	1.0000
main	decl_full	0	64	2	40	1.0000	1.0000
main	decl_full	0	64	2	41	1.0000	1.0000
main	decl_full	0	64	2	42	1.0000	1.0000
main	decl_full	0	64	2	43	1.0000	1.0000
main	decl_full	0	64	2	44	1.0000	1.0000
main	decl_full	0	64	2	45	1.0000	1.0000
main	decl_full	0	64	2	46	1.0000	1.0000
main	decl_full	0	64	2	47	1.0000	1.0000
main	decl_full	0	64	2	48	1.0000	1.0000
main	decl_full	0	64	2	49	1.0000	1.0000
main	decl_full	0	64	2	50	1.0000	1.0000
main	decl_full	0	64	2	51	1.0000	1.0000
main	decl_full	0	64	2	52	1.0000	1.0000
main	decl_full	0	64	2	53	1.0000	1.0000
main	decl_full	0	64	2	54	1.0000	1.0000
main	decl_full	0	64	2	55	1.0000	1.0000
main	decl_full	0	64	2	56	1.0000	1.0000
main	decl_full	0	64	2	57	1.0000	1.0000
main	decl_full	0	64	2	58	1.0000	1.0000
main	decl_full	0	64	2	59	1.0000	1.0000
main	decl_full	0	64	2	60	1.0000	1.0000
main	decl_full	1	64	2	1	0.0000	0.0000
main	decl_full	1	64	2	2	0.0000	0.0000
main	decl_full	1	64	2	3	0.0000	0.0000
main	decl_full	1	64	2	4	0.0099	0.0000
main	decl_full	1	64	2	5	0.0132	0.0000
main	decl_full	1	64	2	6	0.1457	0.0000
main	decl_full	1	64	2	7	0.1813	0.0000
main	decl_full	1	64	2	8	0.1854	0.0000
main	decl_full	1	64	2	9	0.1854	0.0000
main	decl_full	1	64	2	10	0.1854	0.0000
main	decl_full	1	64	2	11	0.1854	0.0000
main	decl_full	1	64	2	12	0.6333	0.0625
main	decl_full	1	64	2	13	0.9719	0.2500
main	decl_full	1	64	2	14	0.9735	0.2500
main	decl_full	1	64	2	15	0.9760	0.3125
main	decl_full	1	64	2	16	0.9868	0.5000
main	decl_full	1	64	2	17	0.9868	0.5000
main	decl_full	1	64	2	18	0.9868	0.5000
main	decl_full	1	64	2	19	0.9868	0.5000
main	decl_full	1	64	2	20	0.9868	0.5000
main	decl_full	1	64	2	21	0.9868	0.5000
main	decl_full	1	64	2	22	0.9868	0.5000
main	decl_full	1	64	2	23	0.9868	0.5000
main	decl_full	1	64	2	24	0.9884	0.5625
main	decl_full	1	64	2	25	0.9934	0.7500
main	decl_full	1	64	2	26	1.0000	1.0000
main	decl_full	1	64	2	27	1.0000	1.0000
main	decl_full	1	64	2	28	1.0000	1.0000
main	decl_full	1	64	2	29	1.0000	1.0000
main	decl_full	1	64	2	30	1.0000	1.0000
main	decl_full	1	64	2	31	1.0000	1.0000
main	decl_full	1	64	2	32	1.0000	1.0000
main	decl_full	1	64	2	33	1.0000	1.0000
main	decl_full	1	64	2	34	1.0000	1.0000
main	decl_full	1	64	2	35	1.0000	1.0000
main	decl_full	1	64	2	36	1.0000	1.0000
main	decl_full	1	64	2	37	1.0000	1.0000
main	decl_full	1	64	2	38	1.0000	1.0000
main	decl_full	1	64	2	39	1.0000	1.0000
main	decl_full	1	64	2	40	1.0000	1.0000
main	decl_full	1	64	2	41	1.0000	1.0000
main	decl_full	1	64	2	42	1.0000	1.0000
main	decl_full	1	64	2	43	1.0000	1.0000
main	decl_full	1	64	2	44	1.0000	1.0000
main	decl_full	1	64	2	45	1.0000	1.0000
main	decl_full	1	64	2	46	1.0000	1.0000
main	decl_full	1	64	2	47	1.0000	1.0000
main	decl_full	1	64	2	48	1.0000	1.0000
main	decl_full	1	64	2	49	1.0000	1.0000
main	decl_full	1	64	2	50	1.0000	1.0000
main	decl_full	1	64	2	51	1.0000	1.0000
main	decl_full	1	64	2	52	1.0000	1.0000
main	decl_full	1	64	2	53	1.0000	1.0000
main	decl_full	1	64	2	54	1.0000	1.0000
main	decl_full	1	64	2	55	1.0000	1.0000
main	decl_full	1	64	2	56	1.0000	1.0000
main	decl_full	1	64	2	57	1.0000	1.0000
main	decl_full	1	64	2	58	1.0000	1.0000
main	decl_full	1	64	2	59	1.0000	1.0000
main	decl_full	1	64	2	60	1.0000	1.0000
main	decl_full	2	64	2	1	0.0000	0.0000
main	decl_full	2	64	2	2	0.0000	0.0000
main	decl_full	2	64	2	3	0.0000	0.0000
main	decl_full	2	64	2	4	0.0530	0.0000
main	decl_full	2	64	2	5	0.0530	0.0000
main	decl_full	2	64	2	6	0.0596	0.0000
main	decl_full	2	64	2	7	0.1457	0.0000
main	decl_full	2	64	2	8	0.1705	0.0000
main	decl_full	2	64	2	9	0.1987	0.0000
main	decl_full	2	64	2	10	0.1987	0.0000
main	decl_full	2	64	2	11	0.2119	0.0000
main	decl_full	2	64	2	12	0.2252	0.0000
main	decl_full	2	64	2	13	0.2252	0.0000
main	decl_full	2	64	2	14	0.2252	0.0000
main	decl_full	2	64	2	15	0.2252	0.0000
main	decl_full	2	64	2	16	0.2252	0.0000
main	decl_full	2	64	2	17	0.2252	0.0000
main	decl_full	2	64	2	18	0.2252	0.0000
main	decl_full	2	64	2	19	0.2252	0.0000
main	decl_full	2	64	2	20	0.7500	0.5000
main	decl_full	2	64	2	21	0.9868	0.5000
main	decl_full	2	64	2	22	0.9868	0.5000
main	decl_full	2	64	2	23	0.9868	0.5000
main	decl_full	2	64	2	24	0.9868	0.5000
main	decl_full	2	64	2	25	0.9868	0.5000
main	decl_full	2	64	2	26	0.9868	0.5000
main	decl_full	2	64	2	27	0.9868	0.5000
main	decl_full	2	64	2	28	0.9868	0.5000
main	decl_full	2	64	2	29	0.9868	0.5000
main	decl_full	2	64	2	30	0.9868	0.5000
main	decl_full	2	64	2	31	0.9884	0.5625
main	decl_full	2	64	2	32	0.9934	0.7500
main	decl_full	2	64	2	33	1.0000	1.0000
main	decl_full	2	64	2	34	1.0000	1.0000
main	decl_full	2	64	2	35	1.0000	1.0000
main	decl_full	2	64	2	36	1.0000	1.0000
main	decl_full	2	64	2	37	1.0000	1.0000
main	decl_full	2	64	2	38	1.0000	1.0000
main	decl_full	2	64	2	39	1.0000	1.0000
main	decl_full	2	64	2	40	1.0000	1.0000
main	decl_full	2	64	2	41	1.0000	1.0000
main	decl_full	2	64	2	42	1.0000	1.0000
main	decl_full	2	64	2	43	1.0000	1.0000
main	decl_full	2	64	2	44	1.0000	1.0000
main	decl_full	2	64	2	45	1.0000	1.0000
main	decl_full	2	64	2	46	1.0000	1.0000
main	decl_full	2	64	2	47	1.0000	1.0000
main	decl_full	2	64	2	48	1.0000	1.0000
main	decl_full	2	64	2	49	1.0000	1.0000
main	decl_full	2	64	2	50	1.0000	1.0000
main	decl_full	2	64	2	51	1.0000	1.0000
main	decl_full	2	64	2	52	1.0000	1.0000
main	decl_full	2	64	2	53	1.0000	1.0000
main	decl_full	2	64	2	54	1.0000	1.0000
main	decl_full	2	64	2	55	1.0000	1.0000
main	decl_full	2	64	2	56	1.0000	1.0000
main	decl_full	2	64	2	57	1.0000	1.0000
main	decl_full	2	64	2	58	1.0000	1.0000
main	decl_full	2	64	2	59	1.0000	1.0000
main	decl_full	2	64	2	60	1.0000	1.0000
main	decl_full	3	64	2	1	0.0000	0.0000
main	decl_full	3	64	2	2	0.0000	0.0000
main	decl_full	3	64	2	3	0.0745	0.0000
main	decl_full	3	64	2	4	0.0811	0.0000
main	decl_full	3	64	2	5	0.1457	0.0000
main	decl_full	3	64	2	6	0.1457	0.0000
main	decl_full	3	64	2	7	0.1705	0.0000
main	decl_full	3	64	2	8	0.1722	0.0000
main	decl_full	3	64	2	9	0.1722	0.0000
main	decl_full	3	64	2	10	0.1722	0.0000
main	decl_full	3	64	2	11	0.1954	0.0000
main	decl_full	3	64	2	12	0.2119	0.0000
main	decl_full	3	64	2	13	0.2119	0.0000
main	decl_full	3	64	2	14	0.2119	0.0000
main	decl_full	3	64	2	15	0.2119	0.0000
main	decl_full	3	64	2	16	0.2119	0.0000
main	decl_full	3	64	2	17	0.2185	0.0000
main	decl_full	3	64	2	18	0.2252	0.0000
main	decl_full	3	64	2	19	0.2384	0.0000
main	decl_full	3	64	2	20	0.2384	0.0000
main	decl_full	3	64	2	21	0.4230	0.1875
main	decl_full	3	64	2	22	1.0000	1.0000
main	decl_full	3	64	2	23	1.0000	1.0000
main	decl_full	3	64	2	24	1.0000	1.0000
main	decl_full	3	64	2	25	1.0000	1.0000
main	decl_full	3	64	2	26	1.0000	1.0000
main	decl_full	3	64	2	27	1.0000	1.0000
main	decl_full	3	64	2	28	1.0000	1.0000
main	decl_full	3	64	2	29	1.0000	1.0000
main	decl_full	3	64	2	30	1.0000	1.0000
main	decl_full	3	64	2	31	1.0000	1.0000
main	decl_full	3	64	2	32	1.0000	1.0000
main	decl_full	3	64	2	33	1.0000	1.0000
main	decl_full	3	64	2	34	1.0000	1.0000
main	decl_full	3	64	2	35	1.0000	1.0000
main	decl_full	3	64	2	36	1.0000	1.0000
main	decl_full	3	64	2	37	1.0000	1.0000
main	decl_full	3	64	2	38	1.0000	1.0000
main	decl_full	3	64	2	39	1.0000	1.0000
main	decl_full	3	64	2	40	1.0000	1.0000
main	decl_full	3	64	2	41	1.0000	1.0000
main	decl_full	3	64	2	42	1.0000	1.0000
main	decl_full	3	64	2	43	1.0000	1.0000
main	decl_full	3	64	2	44	1.0000	1.0000
main	decl_full	3	64	2	45	1.0000	1.0000
main	decl_full	3	64	2	46	1.0000	1.0000
main	decl_full	3	64	2	47	1.0000	1.0000
main	decl_full	3	64	2	48	1.0000	1.0000
main	decl_full	3	64	2	49	1.0000	1.0000
main	decl_full	3	64	2	50	1.0000	1.0000
main	decl_full	3	64	2	51	1.0000	1.0000
main	decl_full	3	64	2	52	1.0000	1.0000
main	decl_full	3	64	2	53	1.0000	1.0000
main	decl_full	3	64	2	54	1.0000	1.0000
main	decl_full	3	64	2	55	1.0000	1.0000
main	decl_full	3	64	2	56	1.0000	1.0000
main	decl_full	3	64	2	57	1.0000	1.0000
main	decl_full	3	64	2	58	1.0000	1.0000
main	decl_full	3	64	2	59	1.0000	1.0000
main	decl_full	3	64	2	60	1.0000	1.0000
main	decl_full	4	64	2	1	0.0000	0.0000
main	decl_full	4	64	2	2	0.0795	0.0000
main	decl_full	4	64	2	3	0.0795	0.0000
main	decl_full	4	64	2	4	0.0960	0.0000
main	decl_full	4	64	2	5	0.1656	0.0000
main	decl_full	4	64	2	6	0.1722	0.0000
main	decl_full	4	64	2	7	0.1722	0.0000
main	decl_full	4	64	2	8	0.1722	0.0000
main	decl_full	4	64	2	9	0.1722	0.0000
main	decl_full	4	64	2	10	0.1722	0.0000
main	decl_full	4	64	2	11	0.1722	0.0000
main	decl_full	4	64	2	12	0.9470	0.0000
main	decl_full	4	64	2	13	0.9470	0.0000
main	decl_full	4	64	2	14	0.9470	0.0000
main	decl_full	4	64	2	15	0.9801	0.2500
main	decl_full	4	64	2	16	0.9868	0.5000
main	decl_full	4	64	2	17	0.9868	0.5000
main	decl_full	4	64	2	18	0.9884	0.5625
main	decl_full	4	64	2	19	0.9925	0.7188
main	decl_full	4	64	2	20	1.0000	1.0000
main	decl_full	4	64	2	21	1.0000	1.0000
main	decl_full	4	64	2	22	1.0000	1.0000
main	decl_full	4	64	2	23	1.0000	1.0000
main	decl_full	4	64	2	24	1.0000	1.0000
main	decl_full	4	64	2	25	1.0000	1.0000
main	decl_full	4	64	2	26	1.0000	1.0000
main	decl_full	4	64	2	27	1.0000	1.0000
main	decl_full	4	64	2	28	1.0000	1.0000
main	decl_full	4	64	2	29	1.0000	1.0000
main	decl_full	4	64	2	30	1.0000	1.0000
main	decl_full	4	64	2	31	1.0000	1.0000
main	decl_full	4	64	2	32	1.0000	1.0000
main	decl_full	4	64	2	33	1.0000	1.0000
main	decl_full	4	64	2	34	1.0000	1.0000
main	decl_full	4	64	2	35	1.0000	1.0000
main	decl_full	4	64	2	36	1.0000	1.0000
main	decl_full	4	64	2	37	1.0000	1.0000
main	decl_full	4	64	2	38	1.0000	1.0000
main	decl_full	4	64	2	39	1.0000	1.0000
main	decl_full	4	64	2	40	1.0000	1.0000
main	decl_full	4	64	2	41	1.0000	1.0000
main	decl_full	4	64	2	42	1.0000	1.0000
main	decl_full	4	64	2	43	1.0000	1.0000
main	decl_full	4	64	2	44	1.0000	1.0000
main	decl_full	4	64	2	45	1.0000	1.0000
main	decl_full	4	64	2	46	1.0000	1.0000
main	decl_full	4	64	2	47	1.0000	1.0000
main	decl_full	4	64	2	48	1.0000	1.0000
main	decl_full	4	64	2	49	1.0000	1.0000
main	decl_full	4	64	2	50	1.0000	1.0000
main	decl_full	4	64	2	51	1.0000	1.0000
main	decl_full	4	64	2	52	1.0000	1.0000
main	decl_full	4	64	2	53	1.0000	1.0000
main	decl_full	4	64	2	54	1.0000	1.0000
main	decl_full	4	64	2	55	1.0000	1.0000
main	decl_full	4	64	2	56	1.0000	1.0000
main	decl_full	4	64	2	57	1.0000	1.0000
main	decl_full	4	64	2	58	1.0000	1.0000
main	decl_full	4	64	2	59	1.0000	1.0000
main	decl_full	4	64	2	60	1.0000	1.0000
main	decl_full	5	64	2	1	0.0530	0.0000
main	decl_full	5	64	2	2	0.0530	0.0000
main	decl_full	5	64	2	3	0.0786	0.0000
main	decl_full	5	64	2	4	0.1457	0.0000
main	decl_full	5	64	2	5	0.1457	0.0000
main	decl_full	5	64	2	6	0.1565	0.0000
main	decl_full	5	64	2	7	0.1904	0.0000
main	decl_full	5	64	2	8	0.1987	0.0000
main	decl_full	5	64	2	9	0.1987	0.0000
main	decl_full	5	64	2	10	0.2252	0.0000
main	decl_full	5	64	2	11	0.7839	0.0000
main	decl_full	5	64	2	12	0.9619	0.0625
main	decl_full	5	64	2	13	0.9735	0.2500
main	decl_full	5	64	2	14	0.9810	0.5000
main	decl_full	5	64	2	15	0.9868	0.5000
main	decl_full	5	64	2	16	0.9868	0.5000
main	decl_full	5	64	2	17	0.9868	0.5000
main	decl_full	5	64	2	18	0.9868	0.5000
main	decl_full	5	64	2	19	0.9868	0.5000
main	decl_full	5	64	2	20	0.9868	0.5000
main	decl_full	5	64	2	21	0.9868	0.5000
main	decl_full	5	64	2	22	0.9868	0.5000
main	decl_full	5	64	2	23	0.9868	0.5000
main	decl_full	5	64	2	24	0.9868	0.5000
main	decl_full	5	64	2	25	0.9868	0.5000
main	decl_full	5	64	2	26	0.9868	0.5000
main	decl_full	5	64	2	27	0.9868	0.5000
main	decl_full	5	64	2	28	0.9868	0.5000
main	decl_full	5	64	2	29	0.9868	0.5000
main	decl_full	5	64	2	30	0.9868	0.5000
main	decl_full	5	64	2	31	0.9892	0.5938
main	decl_full	5	64	2	32	1.0000	1.0000
main	decl_full	5	64	2	33	1.0000	1.0000
main	decl_full	5	64	2	34	1.0000	1.0000
main	decl_full	5	64	2	35	1.0000	1.0000
main	decl_full	5	64	2	36	1.0000	1.0000
main	decl_full	5	64	2	37	1.0000	1.0000
main	decl_full	5	64	2	38	1.0000	1.0000
main	decl_full	5	64	2	39	1.0000	1.0000
main	decl_full	5	64	2	40	1.0000	1.0000
main	decl_full	5	64	2	41	1.0000	1.0000
main	decl_full	5	64	2	42	1.0000	1.0000
main	decl_full	5	64	2	43	1.0000	1.0000
main	decl_full	5	64	2	44	1.0000	1.0000
main	decl_full	5	64	2	45	1.0000	1.0000
main	decl_full	5	64	2	46	1.0000	1.0000
main	decl_full	5	64	2	47	1.0000	1.0000
main	decl_full	5	64	2	48	1.0000	1.0000
main	decl_full	5	64	2	49	1.0000	1.0000
main	decl_full	5	64	2	50	1.0000	1.0000
main	decl_full	5	64	2	51	1.0000	1.0000
main	decl_full	5	64	2	52	1.0000	1.0000
main	decl_full	5	64	2	53	1.0000	1.0000
main	decl_full	5	64	2	54	1.0000	1.0000
main	decl_full	5	64	2	55	1.0000	1.0000
main	decl_full	5	64	2	56	1.0000	1.0000
main	decl_full	5	64	2	57	1.0000	1.0000
main	decl_full	5	64	2	58	1.0000	1.0000
main	decl_full	5	64	2	59	1.0000	1.0000
main	decl_full	5	64	2	60	1.0000	1.0000
main	decl_full	6	64	2	1	0.0000	0.0000
main	decl_full	6	64	2	2	0.0000	0.0000
main	decl_full	6	64	2	3	0.0530	0.0000
main	decl_full	6	64	2	4	0.0662	0.0000
main	decl_full	6	64	2	5	0.0662	0.0000
main	decl_full	6	64	2	6	0.0695	0.0000
main	decl_full	6	64	2	7	0.1010	0.0000
main	decl_full	6	64	2	8	0.1457	0.0000
main	decl_full	6	64	2	9	0.3675	0.0000
main	decl_full	6	64	2	10	0.9470	0.0000
main	decl_full	6	64	2	11	0.9470	0.0000
main	decl_full	6	64	2	12	0.9470	0.0000
main	decl_full	6	64	2	13	0.9487	0.0625
main	decl_full	6	64	2	14	0.9735	0.2500
main	decl_full	6	64	2	15	0.9801	0.5000
main	decl_full	6	64	2	16	0.9901	0.6250
main	decl_full	6	64	2	17	1.0000	1.0000
main	decl_full	6	64	2	18	1.0000	1.0000
main	decl_full	6	64	2	19	1.0000	1.0000
main	decl_full	6	64	2	20	1.0000	1.0000
main	decl_full	6	64	2	21	1.0000	1.0000
main	decl_full	6	64	2	22	1.0000	1.0000
main	decl_full	6	64	2	23	1.0000	1.0000
main	decl_full	6	64	2	24	1.0000	1.0000
main	decl_full	6	64	2	25	1.0000	1.0000
main	decl_full	6	64	2	26	1.0000	1.0000
main	decl_full	6	64	2	27	1.0000	1.0000
main	decl_full	6	64	2	28	1.0000	1.0000
main	decl_full	6	64	2	29	1.0000	1.0000
main	decl_full	6	64	2	30	1.0000	1.0000
main	decl_full	6	64	2	31	1.0000	1.0000
main	decl_full	6	64	2	32	1.0000	1.0000
main	decl_full	6	64	2	33	1.0000	1.0000
main	decl_full	6	64	2	34	1.0000	1.0000
main	decl_full	6	64	2	35	1.0000	1.0000
main	decl_full	6	64	2	36	1.0000	1.0000
main	decl_full	6	64	2	37	1.0000	1.0000
main	decl_full	6	64	2	38	1.0000	1.0000
main	decl_full	6	64	2	39	1.0000	1.0000
main	decl_full	6	64	2	40	1.0000	1.0000
main	decl_full	6	64	2	41	1.0000	1.0000
main	decl_full	6	64	2	42	1.0000	1.0000
main	decl_full	6	64	2	43	1.0000	1.0000
main	decl_full	6	64	2	44	1.0000	1.0000
main	decl_full	6	64	2	45	1.0000	1.0000
main	decl_full	6	64	2	46	1.0000	1.0000
main	decl_full	6	64	2	47	1.0000	1.0000
main	decl_full	6	64	2	48	1.0000	1.0000
main	decl_full	6	64	2	49	1.0000	1.0000
main	decl_full	6	64	2	50	1.0000	1.0000
main	decl_full	6	64	2	51	1.0000	1.0000
main	decl_full	6	64	2	52	1.0000	1.0000
main	decl_full	6	64	2	53	1.0000	1.0000
main	decl_full	6	64	2	54	1.0000	1.0000
main	decl_full	6	64	2	55	1.0000	1.0000
main	decl_full	6	64	2	56	1.0000	1.0000
main	decl_full	6	64	2	57	1.0000	1.0000
main	decl_full	6	64	2	58	1.0000	1.0000
main	decl_full	6	64	2	59	1.0000	1.0000
main	decl_full	6	64	2	60	1.0000	1.0000
main	decl_full	7	64	2	1	0.0000	0.0000
main	decl_full	7	64	2	2	0.0480	0.0000
main	decl_full	7	64	2	3	0.0364	0.0000
main	decl_full	7	64	2	4	0.0000	0.0000
main	decl_full	7	64	2	5	0.0000	0.0000
main	decl_full	7	64	2	6	0.0000	0.0000
main	decl_full	7	64	2	7	0.0248	0.0000
main	decl_full	7	64	2	8	0.1060	0.0000
main	decl_full	7	64	2	9	0.1060	0.0000
main	decl_full	7	64	2	10	0.1639	0.0000
main	decl_full	7	64	2	11	0.1854	0.0000
main	decl_full	7	64	2	12	0.1987	0.0000
main	decl_full	7	64	2	13	0.2119	0.0000
main	decl_full	7	64	2	14	0.2119	0.0000
main	decl_full	7	64	2	15	0.2185	0.0000
main	decl_full	7	64	2	16	0.2517	0.0625
main	decl_full	7	64	2	17	1.0000	1.0000
main	decl_full	7	64	2	18	1.0000	1.0000
main	decl_full	7	64	2	19	1.0000	1.0000
main	decl_full	7	64	2	20	1.0000	1.0000
main	decl_full	7	64	2	21	1.0000	1.0000
main	decl_full	7	64	2	22	1.0000	1.0000
main	decl_full	7	64	2	23	1.0000	1.0000
main	decl_full	7	64	2	24	1.0000	1.0000
main	decl_full	7	64	2	25	1.0000	1.0000
main	decl_full	7	64	2	26	1.0000	1.0000
main	decl_full	7	64	2	27	1.0000	1.0000
main	decl_full	7	64	2	28	1.0000	1.0000
main	decl_full	7	64	2	29	1.0000	1.0000
main	decl_full	7	64	2	30	1.0000	1.0000
main	decl_full	7	64	2	31	1.0000	1.0000
main	decl_full	7	64	2	32	1.0000	1.0000
main	decl_full	7	64	2	33	1.0000	1.0000
main	decl_full	7	64	2	34	1.0000	1.0000
main	decl_full	7	64	2	35	1.0000	1.0000
main	decl_full	7	64	2	36	1.0000	1.0000
main	decl_full	7	64	2	37	1.0000	1.0000
main	decl_full	7	64	2	38	1.0000	1.0000
main	decl_full	7	64	2	39	1.0000	1.0000
main	decl_full	7	64	2	40	1.0000	1.0000
main	decl_full	7	64	2	41	1.0000	1.0000
main	decl_full	7	64	2	42	1.0000	1.0000
main	decl_full	7	64	2	43	1.0000	1.0000
main	decl_full	7	64	2	44	1.0000	1.0000
main	decl_full	7	64	2	45	1.0000	1.0000
main	decl_full	7	64	2	46	1.0000	1.0000
main	decl_full	7	64	2	47	1.0000	1.0000
main	decl_full	7	64	2	48	1.0000	1.0000
main	decl_full	7	64	2	49	1.0000	1.0000
main	decl_full	7	64	2	50	1.0000	1.0000
main	decl_full	7	64	2	51	1.0000	1.0000
main	decl_full	7	64	2	52	1.0000	1.0000
main	decl_full	7	64	2	53	1.0000	1.0000
main	decl_full	7	64	2	54	1.0000	1.0000
main	decl_full	7	64	2	55	1.0000	1.0000
main	decl_full	7	64	2	56	1.0000	1.0000
main	decl_full	7	64	2	57	1.0000	1.0000
main	decl_full	7	64	2	58	1.0000	1.0000
main	decl_full	7	64	2	59	1.0000	1.0000
main	decl_full	7	64	2	60	1.0000	1.0000
main	decl_full	8	64	2	1	0.0000	0.0000
main	decl_full	8	64	2	2	0.0000	0.0000
main	decl_full	8	64	2	3	0.0000	0.0000
main	decl_full	8	64	2	4	0.0000	0.0000
main	decl_full	8	64	2	5	0.0728	0.0000
main	decl_full	8	64	2	6	0.0795	0.0000
main	decl_full	8	64	2	7	0.0795	0.0000
main	decl_full	8	64	2	8	0.1060	0.0000
main	decl_full	8	64	2	9	0.1060	0.0000
main	decl_full	8	64	2	10	0.1854	0.0000
main	decl_full	8	64	2	11	0.1854	0.0000
main	decl_full	8	64	2	12	0.7326	0.0000
main	decl_full	8	64	2	13	0.9619	0.0625
main	decl_full	8	64	2	14	0.9735	0.2500
main	decl_full	8	64	2	15	1.0000	1.0000
main	decl_full	8	64	2	16	1.0000	1.0000
main	decl_full	8	64	2	17	1.0000	1.0000
main	decl_full	8	64	2	18	1.0000	1.0000
main	decl_full	8	64	2	19	1.0000	1.0000
main	decl_full	8	64	2	20	1.0000	1.0000
main	decl_full	8	64	2	21	1.0000	1.0000
main	decl_full	8	64	2	22	1.0000	1.0000
main	decl_full	8	64	2	23	1.0000	1.0000
main	decl_full	8	64	2	24	1.0000	1.0000
main	decl_full	8	64	2	25	1.0000	1.0000
main	decl_full	8	64	2	26	1.0000	1.0000
main	decl_full	8	64	2	27	1.0000	1.0000
main	decl_full	8	64	2	28	1.0000	1.0000
main	decl_full	8	64	2	29	1.0000	1.0000
main	decl_full	8	64	2	30	1.0000	1.0000
main	decl_full	8	64	2	31	1.0000	1.0000
main	decl_full	8	64	2	32	1.0000	1.0000
main	decl_full	8	64	2	33	1.0000	1.0000
main	decl_full	8	64	2	34	1.0000	1.0000
main	decl_full	8	64	2	35	1.0000	1.0000
main	decl_full	8	64	2	36	1.0000	1.0000
main	decl_full	8	64	2	37	1.0000	1.0000
main	decl_full	8	64	2	38	1.0000	1.0000
main	decl_full	8	64	2	39	1.0000	1.0000
main	decl_full	8	64	2	40	1.0000	1.0000
main	decl_full	8	64	2	41	1.0000	1.0000
main	decl_full	8	64	2	42	1.0000	1.0000
main	decl_full	8	64	2	43	1.0000	1.0000
main	decl_full	8	64	2	44	1.0000	1.0000
main	decl_full	8	64	2	45	1.0000	1.0000
main	decl_full	8	64	2	46	1.0000	1.0000
main	decl_full	8	64	2	47	1.0000	1.0000
main	decl_full	8	64	2	48	1.0000	1.0000
main	decl_full	8	64	2	49	1.0000	1.0000
main	decl_full	8	64	2	50	1.0000	1.0000
main	decl_full	8	64	2	51	1.0000	1.0000
main	decl_full	8	64	2	52	1.0000	1.0000
main	decl_full	8	64	2	53	1.0000	1.0000
main	decl_full	8	64	2	54	1.0000	1.0000
main	decl_full	8	64	2	55	1.0000	1.0000
main	decl_full	8	64	2	56	1.0000	1.0000
main	decl_full	8	64	2	57	1.0000	1.0000
main	decl_full	8	64	2	58	1.0000	1.0000
main	decl_full	8	64	2	59	1.0000	1.0000
main	decl_full	8	64	2	60	1.0000	1.0000
main	decl_full	9	64	2	1	0.0000	0.0000
main	decl_full	9	64	2	2	0.0265	0.0000
main	decl_full	9	64	2	3	0.0265	0.0000
main	decl_full	9	64	2	4	0.0530	0.0000
main	decl_full	9	64	2	5	0.0993	0.0000
main	decl_full	9	64	2	6	0.1060	0.0000
main	decl_full	9	64	2	7	0.2020	0.0000
main	decl_full	9	64	2	8	0.2119	0.0000
main	decl_full	9	64	2	9	0.2119	0.0000
main	decl_full	9	64	2	10	0.2119	0.0000
main	decl_full	9	64	2	11	0.2119	0.0000
main	decl_full	9	64	2	12	0.2252	0.0000
main	decl_full	9	64	2	13	0.2252	0.0000
main	decl_full	9	64	2	14	0.4329	0.0625
main	decl_full	9	64	2	15	0.9098	0.8125
main	decl_full	9	64	2	16	0.9735	0.9375
main	decl_full	9	64	2	17	0.9735	0.9375
main	decl_full	9	64	2	18	0.9735	0.9375
main	decl_full	9	64	2	19	0.9454	0.8750
main	decl_full	9	64	2	20	0.9288	0.8438
main	decl_full	9	64	2	21	0.8526	0.7188
main	decl_full	9	64	2	22	0.7881	0.6250
main	decl_full	9	64	2	23	0.8526	0.7188
main	decl_full	9	64	2	24	0.9288	0.8438
main	decl_full	9	64	2	25	0.9735	0.9375
main	decl_full	9	64	2	26	1.0000	1.0000
main	decl_full	9	64	2	27	1.0000	1.0000
main	decl_full	9	64	2	28	1.0000	1.0000
main	decl_full	9	64	2	29	1.0000	1.0000
main	decl_full	9	64	2	30	1.0000	1.0000
main	decl_full	9	64	2	31	1.0000	1.0000
main	decl_full	9	64	2	32	1.0000	1.0000
main	decl_full	9	64	2	33	1.0000	1.0000
main	decl_full	9	64	2	34	1.0000	1.0000
main	decl_full	9	64	2	35	1.0000	1.0000
main	decl_full	9	64	2	36	1.0000	1.0000
main	decl_full	9	64	2	37	1.0000	1.0000
main	decl_full	9	64	2	38	1.0000	1.0000
main	decl_full	9	64	2	39	1.0000	1.0000
main	decl_full	9	64	2	40	1.0000	1.0000
main	decl_full	9	64	2	41	1.0000	1.0000
main	decl_full	9	64	2	42	1.0000	1.0000
main	decl_full	9	64	2	43	1.0000	1.0000
main	decl_full	9	64	2	44	1.0000	1.0000
main	decl_full	9	64	2	45	1.0000	1.0000
main	decl_full	9	64	2	46	1.0000	1.0000
main	decl_full	9	64	2	47	1.0000	1.0000
main	decl_full	9	64	2	48	1.0000	1.0000
main	decl_full	9	64	2	49	1.0000	1.0000
main	decl_full	9	64	2	50	1.0000	1.0000
main	decl_full	9	64	2	51	1.0000	1.0000
main	decl_full	9	64	2	52	1.0000	1.0000
main	decl_full	9	64	2	53	1.0000	1.0000
main	decl_full	9	64	2	54	1.0000	1.0000
main	decl_full	9	64	2	55	1.0000	1.0000
main	decl_full	9	64	2	56	1.0000	1.0000
main	decl_full	9	64	2	57	1.0000	1.0000
main	decl_full	9	64	2	58	1.0000	1.0000
main	decl_full	9	64	2	59	1.0000	1.0000
main	decl_full	9	64	2	60	1.0000	1.0000
main	n_align	0	64	2	1	0.0000	0.0000
main	n_align	0	64	2	2	0.1738	0.0000
main	n_align	0	64	2	3	0.8411	0.0000
main	n_align	0	64	2	4	0.8411	0.0000
main	n_align	0	64	2	5	0.8411	0.0000
main	n_align	0	64	2	6	0.8411	0.0000
main	n_align	0	64	2	7	0.8411	0.0000
main	n_align	0	64	2	8	0.8502	0.0000
main	n_align	0	64	2	9	0.8841	0.0000
main	n_align	0	64	2	10	0.9338	0.0000
main	n_align	0	64	2	11	0.9470	0.0000
main	n_align	0	64	2	12	0.9735	0.2500
main	n_align	0	64	2	13	0.9768	0.3125
main	n_align	0	64	2	14	0.9884	0.5625
main	n_align	0	64	2	15	1.0000	1.0000
main	n_align	0	64	2	16	1.0000	1.0000
main	n_align	0	64	2	17	1.0000	1.0000
main	n_align	0	64	2	18	1.0000	1.0000
main	n_align	0	64	2	19	1.0000	1.0000
main	n_align	0	64	2	20	1.0000	1.0000
main	n_align	0	64	2	21	1.0000	1.0000
main	n_align	0	64	2	22	1.0000	1.0000
main	n_align	0	64	2	23	1.0000	1.0000
main	n_align	0	64	2	24	1.0000	1.0000
main	n_align	0	64	2	25	1.0000	1.0000
main	n_align	0	64	2	26	1.0000	1.0000
main	n_align	0	64	2	27	1.0000	1.0000
main	n_align	0	64	2	28	1.0000	1.0000
main	n_align	0	64	2	29	1.0000	1.0000
main	n_align	0	64	2	30	1.0000	1.0000
main	n_align	0	64	2	31	1.0000	1.0000
main	n_align	0	64	2	32	1.0000	1.0000
main	n_align	0	64	2	33	1.0000	1.0000
main	n_align	0	64	2	34	1.0000	1.0000
main	n_align	0	64	2	35	1.0000	1.0000
main	n_align	0	64	2	36	1.0000	1.0000
main	n_align	0	64	2	37	1.0000	1.0000
main	n_align	0	64	2	38	1.0000	1.0000
main	n_align	0	64	2	39	1.0000	1.0000
main	n_align	0	64	2	40	1.0000	1.0000
main	n_align	0	64	2	41	1.0000	1.0000
main	n_align	0	64	2	42	1.0000	1.0000
main	n_align	0	64	2	43	1.0000	1.0000
main	n_align	0	64	2	44	1.0000	1.0000
main	n_align	0	64	2	45	1.0000	1.0000
main	n_align	0	64	2	46	1.0000	1.0000
main	n_align	0	64	2	47	1.0000	1.0000
main	n_align	0	64	2	48	1.0000	1.0000
main	n_align	0	64	2	49	1.0000	1.0000
main	n_align	0	64	2	50	1.0000	1.0000
main	n_align	0	64	2	51	1.0000	1.0000
main	n_align	0	64	2	52	1.0000	1.0000
main	n_align	0	64	2	53	1.0000	1.0000
main	n_align	0	64	2	54	1.0000	1.0000
main	n_align	0	64	2	55	1.0000	1.0000
main	n_align	0	64	2	56	1.0000	1.0000
main	n_align	0	64	2	57	1.0000	1.0000
main	n_align	0	64	2	58	1.0000	1.0000
main	n_align	0	64	2	59	1.0000	1.0000
main	n_align	0	64	2	60	1.0000	1.0000
main	n_align	1	64	2	1	0.0033	0.0000
main	n_align	1	64	2	2	0.7748	0.0000
main	n_align	1	64	2	3	0.7690	0.0000
main	n_align	1	64	2	4	0.7616	0.0000
main	n_align	1	64	2	5	0.7616	0.0000
main	n_align	1	64	2	6	0.7616	0.0000
main	n_align	1	64	2	7	0.7666	0.0000
main	n_align	1	64	2	8	0.8874	0.0000
main	n_align	1	64	2	9	0.8957	0.0000
main	n_align	1	64	2	10	0.9073	0.0000
main	n_align	1	64	2	11	0.9470	0.0000
main	n_align	1	64	2	12	0.9470	0.0000
main	n_align	1	64	2	13	0.9553	0.0625
main	n_align	1	64	2	14	0.9719	0.2500
main	n_align	1	64	2	15	0.9735	0.2500
main	n_align	1	64	2	16	0.9735	0.2500
main	n_align	1	64	2	17	0.9768	0.3125
main	n_align	1	64	2	18	0.9868	0.5000
main	n_align	1	64	2	19	0.9868	0.5000
main	n_align	1	64	2	20	0.9868	0.5000
main	n_align	1	64	2	21	0.9868	0.5000
main	n_align	1	64	2	22	0.9868	0.5000
main	n_align	1	64	2	23	0.9868	0.5000
main	n_align	1	64	2	24	0.9868	0.5000
main	n_align	1	64	2	25	0.9892	0.5938
main	n_align	1	64	2	26	0.9934	0.7500
main	n_align	1	64	2	27	1.0000	1.0000
main	n_align	1	64	2	28	1.0000	1.0000
main	n_align	1	64	2	29	1.0000	1.0000
main	n_align	1	64	2	30	1.0000	1.0000
main	n_align	1	64	2	31	1.0000	1.0000
main	n_align	1	64	2	32	1.0000	1.0000
main	n_align	1	64	2	33	1.0000	1.0000
main	n_align	1	64	2	34	1.0000	1.0000
main	n_align	1	64	2	35	1.0000	1.0000
main	n_align	1	64	2	36	1.0000	1.0000
main	n_align	1	64	2	37	1.0000	1.0000
main	n_align	1	64	2	38	1.0000	1.0000
main	n_align	1	64	2	39	1.0000	1.0000
main	n_align	1	64	2	40	1.0000	1.0000
main	n_align	1	64	2	41	1.0000	1.0000
main	n_align	1	64	2	42	1.0000	1.0000
main	n_align	1	64	2	43	1.0000	1.0000
main	n_align	1	64	2	44	1.0000	1.0000
main	n_align	1	64	2	45	1.0000	1.0000
main	n_align	1	64	2	46	1.0000	1.0000
main	n_align	1	64	2	47	1.0000	1.0000
main	n_align	1	64	2	48	1.0000	1.0000
main	n_align	1	64	2	49	1.0000	1.0000
main	n_align	1	64	2	50	1.0000	1.0000
main	n_align	1	64	2	51	1.0000	1.0000
main	n_align	1	64	2	52	1.0000	1.0000
main	n_align	1	64	2	53	1.0000	1.0000
main	n_align	1	64	2	54	1.0000	1.0000
main	n_align	1	64	2	55	1.0000	1.0000
main	n_align	1	64	2	56	1.0000	1.0000
main	n_align	1	64	2	57	1.0000	1.0000
main	n_align	1	64	2	58	1.0000	1.0000
main	n_align	1	64	2	59	1.0000	1.0000
main	n_align	1	64	2	60	1.0000	1.0000
main	n_align	2	64	2	1	0.0000	0.0000
main	n_align	2	64	2	2	0.0281	0.0000
main	n_align	2	64	2	3	0.7748	0.0000
main	n_align	2	64	2	4	0.7815	0.0000
main	n_align	2	64	2	5	0.8146	0.0000
main	n_align	2	64	2	6	0.8386	0.0000
main	n_align	2	64	2	7	0.9205	0.0000
main	n_align	2	64	2	8	0.9305	0.0000
main	n_align	2	64	2	9	0.9603	0.0000
main	n_align	2	64	2	10	0.9603	0.0000
main	n_align	2	64	2	11	0.9603	0.0000
main	n_align	2	64	2	12	0.9685	0.2500
main	n_align	2	64	2	13	0.9735	0.2500
main	n_align	2	64	2	14	0.9735	0.2500
main	n_align	2	64	2	15	0.9735	0.2500
main	n_align	2	64	2	16	0.9752	0.3125
main	n_align	2	64	2	17	0.9810	0.4688
main	n_align	2	64	2	18	0.9834	0.5000
main	n_align	2	64	2	19	0.9843	0.5000
main	n_align	2	64	2	20	0.9851	0.5000
main	n_align	2	64	2	21	0.9868	0.5000
main	n_align	2	64	2	22	0.9868	0.5000
main	n_align	2	64	2	23	0.9868	0.5000
main	n_align	2	64	2	24	0.9868	0.5000
main	n_align	2	64	2	25	0.9868	0.5000
main	n_align	2	64	2	26	0.9868	0.5000
main	n_align	2	64	2	27	0.9868	0.5000
main	n_align	2	64	2	28	0.9868	0.5000
main	n_align	2	64	2	29	0.9868	0.5000
main	n_align	2	64	2	30	0.9868	0.5000
main	n_align	2	64	2	31	0.9868	0.5000
main	n_align	2	64	2	32	0.9950	0.8125
main	n_align	2	64	2	33	1.0000	1.0000
main	n_align	2	64	2	34	1.0000	1.0000
main	n_align	2	64	2	35	1.0000	1.0000
main	n_align	2	64	2	36	1.0000	1.0000
main	n_align	2	64	2	37	1.0000	1.0000
main	n_align	2	64	2	38	1.0000	1.0000
main	n_align	2	64	2	39	1.0000	1.0000
main	n_align	2	64	2	40	1.0000	1.0000
main	n_align	2	64	2	41	1.0000	1.0000
main	n_align	2	64	2	42	1.0000	1.0000
main	n_align	2	64	2	43	1.0000	1.0000
main	n_align	2	64	2	44	1.0000	1.0000
main	n_align	2	64	2	45	1.0000	1.0000
main	n_align	2	64	2	46	1.0000	1.0000
main	n_align	2	64	2	47	1.0000	1.0000
main	n_align	2	64	2	48	1.0000	1.0000
main	n_align	2	64	2	49	1.0000	1.0000
main	n_align	2	64	2	50	1.0000	1.0000
main	n_align	2	64	2	51	1.0000	1.0000
main	n_align	2	64	2	52	1.0000	1.0000
main	n_align	2	64	2	53	1.0000	1.0000
main	n_align	2	64	2	54	1.0000	1.0000
main	n_align	2	64	2	55	1.0000	1.0000
main	n_align	2	64	2	56	1.0000	1.0000
main	n_align	2	64	2	57	1.0000	1.0000
main	n_align	2	64	2	58	1.0000	1.0000
main	n_align	2	64	2	59	1.0000	1.0000
main	n_align	2	64	2	60	1.0000	1.0000
main	n_align	3	64	2	1	0.0000	0.0000
main	n_align	3	64	2	2	0.3974	0.0000
main	n_align	3	64	2	3	0.8411	0.0000
main	n_align	3	64	2	4	0.8543	0.0000
main	n_align	3	64	2	5	0.8543	0.0000
main	n_align	3	64	2	6	0.8543	0.0000
main	n_align	3	64	2	7	0.8758	0.0000
main	n_align	3	64	2	8	0.9338	0.0000
main	n_align	3	64	2	9	0.9338	0.0000
main	n_align	3	64	2	10	0.9338	0.0000
main	n_align	3	64	2	11	0.9338	0.0000
main	n_align	3	64	2	12	0.9603	0.0000
main	n_align	3	64	2	13	0.9627	0.0625
main	n_align	3	64	2	14	0.9652	0.1250
main	n_align	3	64	2	15	0.9735	0.2500
main	n_align	3	64	2	16	0.9735	0.2500
main	n_align	3	64	2	17	0.9735	0.2500
main	n_align	3	64	2	18	0.9735	0.2500
main	n_align	3	64	2	19	0.9768	0.3125
main	n_align	3	64	2	20	0.9868	0.5000
main	n_align	3	64	2	21	0.9868	0.5000
main	n_align	3	64	2	22	0.9868	0.5000
main	n_align	3	64	2	23	0.9868	0.5000
main	n_align	3	64	2	24	0.9868	0.5000
main	n_align	3	64	2	25	0.9868	0.5000
main	n_align	3	64	2	26	0.9876	0.5312
main	n_align	3	64	2	27	0.9901	0.6250
main	n_align	3	64	2	28	0.9942	0.7812
main	n_align	3	64	2	29	0.9983	0.9375
main	n_align	3	64	2	30	1.0000	1.0000
main	n_align	3	64	2	31	1.0000	1.0000
main	n_align	3	64	2	32	1.0000	1.0000
main	n_align	3	64	2	33	1.0000	1.0000
main	n_align	3	64	2	34	1.0000	1.0000
main	n_align	3	64	2	35	1.0000	1.0000
main	n_align	3	64	2	36	1.0000	1.0000
main	n_align	3	64	2	37	1.0000	1.0000
main	n_align	3	64	2	38	1.0000	1.0000
main	n_align	3	64	2	39	1.0000	1.0000
main	n_align	3	64	2	40	1.0000	1.0000
main	n_align	3	64	2	41	1.0000	1.0000
main	n_align	3	64	2	42	1.0000	1.0000
main	n_align	3	64	2	43	1.0000	1.0000
main	n_align	3	64	2	44	1.0000	1.0000
main	n_align	3	64	2	45	1.0000	1.0000
main	n_align	3	64	2	46	1.0000	1.0000
main	n_align	3	64	2	47	1.0000	1.0000
main	n_align	3	64	2	48	1.0000	1.0000
main	n_align	3	64	2	49	1.0000	1.0000
main	n_align	3	64	2	50	1.0000	1.0000
main	n_align	3	64	2	51	1.0000	1.0000
main	n_align	3	64	2	52	1.0000	1.0000
main	n_align	3	64	2	53	1.0000	1.0000
main	n_align	3	64	2	54	1.0000	1.0000
main	n_align	3	64	2	55	1.0000	1.0000
main	n_align	3	64	2	56	1.0000	1.0000
main	n_align	3	64	2	57	1.0000	1.0000
main	n_align	3	64	2	58	1.0000	1.0000
main	n_align	3	64	2	59	1.0000	1.0000
main	n_align	3	64	2	60	1.0000	1.0000
main	n_align	4	64	2	1	0.8411	0.0000
main	n_align	4	64	2	2	0.8411	0.0000
main	n_align	4	64	2	3	0.8411	0.0000
main	n_align	4	64	2	4	0.8940	0.0000
main	n_align	4	64	2	5	0.8940	0.0000
main	n_align	4	64	2	6	0.8940	0.0000
main	n_align	4	64	2	7	0.8940	0.0000
main	n_align	4	64	2	8	0.8982	0.0000
main	n_align	4	64	2	9	0.9164	0.0000
main	n_align	4	64	2	10	0.9205	0.0000
main	n_align	4	64	2	11	0.9205	0.0000
main	n_align	4	64	2	12	0.9205	0.0000
main	n_align	4	64	2	13	0.9288	0.0000
main	n_align	4	64	2	14	0.9354	0.0000
main	n_align	4	64	2	15	0.9487	0.0000
main	n_align	4	64	2	16	0.9603	0.0000
main	n_align	4	64	2	17	0.9636	0.0000
main	n_align	4	64	2	18	0.9735	0.0000
main	n_align	4	64	2	19	0.9801	0.2500
main	n_align	4	64	2	20	1.0000	1.0000
main	n_align	4	64	2	21	1.0000	1.0000
main	n_align	4	64	2	22	1.0000	1.0000
main	n_align	4	64	2	23	1.0000	1.0000
main	n_align	4	64	2	24	1.0000	1.0000
main	n_align	4	64	2	25	1.0000	1.0000
main	n_align	4	64	2	26	1.0000	1.0000
main	n_align	4	64	2	27	1.0000	1.0000
main	n_align	4	64	2	28	1.0000	1.0000
main	n_align	4	64	2	29	1.0000	1.0000
main	n_align	4	64	2	30	1.0000	1.0000
main	n_align	4	64	2	31	1.0000	1.0000
main	n_align	4	64	2	32	1.0000	1.0000
main	n_align	4	64	2	33	1.0000	1.0000
main	n_align	4	64	2	34	1.0000	1.0000
main	n_align	4	64	2	35	1.0000	1.0000
main	n_align	4	64	2	36	1.0000	1.0000
main	n_align	4	64	2	37	1.0000	1.0000
main	n_align	4	64	2	38	1.0000	1.0000
main	n_align	4	64	2	39	1.0000	1.0000
main	n_align	4	64	2	40	1.0000	1.0000
main	n_align	4	64	2	41	1.0000	1.0000
main	n_align	4	64	2	42	1.0000	1.0000
main	n_align	4	64	2	43	1.0000	1.0000
main	n_align	4	64	2	44	1.0000	1.0000
main	n_align	4	64	2	45	1.0000	1.0000
main	n_align	4	64	2	46	1.0000	1.0000
main	n_align	4	64	2	47	1.0000	1.0000
main	n_align	4	64	2	48	1.0000	1.0000
main	n_align	4	64	2	49	1.0000	1.0000
main	n_align	4	64	2	50	1.0000	1.0000
main	n_align	4	64	2	51	1.0000	1.0000
main	n_align	4	64	2	52	1.0000	1.0000
main	n_align	4	64	2	53	1.0000	1.0000
main	n_align	4	64	2	54	1.0000	1.0000
main	n_align	4	64	2	55	1.0000	1.0000
main	n_align	4	64	2	56	1.0000	1.0000
main	n_align	4	64	2	57	1.0000	1.0000
main	n_align	4	64	2	58	1.0000	1.0000
main	n_align	4	64	2	59	1.0000	1.0000
main	n_align	4	64	2	60	1.0000	1.0000
main	n_align	5	64	2	1	0.0530	0.0000
main	n_align	5	64	2	2	0.8146	0.0000
main	n_align	5	64	2	3	0.8940	0.0000
main	n_align	5	64	2	4	0.8940	0.0000
main	n_align	5	64	2	5	0.9089	0.0000
main	n_align	5	64	2	6	0.9454	0.0000
main	n_align	5	64	2	7	0.9603	0.0000
main	n_align	5	64	2	8	0.9603	0.0000
main	n_align	5	64	2	9	0.9603	0.0000
main	n_align	5	64	2	10	0.9603	0.0000
main	n_align	5	64	2	11	0.9859	0.4688
main	n_align	5	64	2	12	0.9868	0.5000
main	n_align	5	64	2	13	0.9868	0.5000
main	n_align	5	64	2	14	0.9868	0.5000
main	n_align	5	64	2	15	0.9868	0.5000
main	n_align	5	64	2	16	0.9868	0.5000
main	n_align	5	64	2	17	0.9868	0.5000
main	n_align	5	64	2	18	0.9868	0.5000
main	n_align	5	64	2	19	0.9868	0.5000
main	n_align	5	64	2	20	0.9868	0.5000
main	n_align	5	64	2	21	0.9868	0.5000
main	n_align	5	64	2	22	0.9868	0.5000
main	n_align	5	64	2	23	0.9868	0.5000
main	n_align	5	64	2	24	0.9942	0.7812
main	n_align	5	64	2	25	1.0000	1.0000
main	n_align	5	64	2	26	1.0000	1.0000
main	n_align	5	64	2	27	1.0000	1.0000
main	n_align	5	64	2	28	1.0000	1.0000
main	n_align	5	64	2	29	1.0000	1.0000
main	n_align	5	64	2	30	1.0000	1.0000
main	n_align	5	64	2	31	1.0000	1.0000
main	n_align	5	64	2	32	1.0000	1.0000
main	n_align	5	64	2	33	1.0000	1.0000
main	n_align	5	64	2	34	1.0000	1.0000
main	n_align	5	64	2	35	1.0000	1.0000
main	n_align	5	64	2	36	1.0000	1.0000
main	n_align	5	64	2	37	1.0000	1.0000
main	n_align	5	64	2	38	1.0000	1.0000
main	n_align	5	64	2	39	1.0000	1.0000
main	n_align	5	64	2	40	1.0000	1.0000
main	n_align	5	64	2	41	1.0000	1.0000
main	n_align	5	64	2	42	1.0000	1.0000
main	n_align	5	64	2	43	1.0000	1.0000
main	n_align	5	64	2	44	1.0000	1.0000
main	n_align	5	64	2	45	1.0000	1.0000
main	n_align	5	64	2	46	1.0000	1.0000
main	n_align	5	64	2	47	1.0000	1.0000
main	n_align	5	64	2	48	1.0000	1.0000
main	n_align	5	64	2	49	1.0000	1.0000
main	n_align	5	64	2	50	1.0000	1.0000
main	n_align	5	64	2	51	1.0000	1.0000
main	n_align	5	64	2	52	1.0000	1.0000
main	n_align	5	64	2	53	1.0000	1.0000
main	n_align	5	64	2	54	1.0000	1.0000
main	n_align	5	64	2	55	1.0000	1.0000
main	n_align	5	64	2	56	1.0000	1.0000
main	n_align	5	64	2	57	1.0000	1.0000
main	n_align	5	64	2	58	1.0000	1.0000
main	n_align	5	64	2	59	1.0000	1.0000
main	n_align	5	64	2	60	1.0000	1.0000
main	n_align	6	64	2	1	0.7616	0.0000
main	n_align	6	64	2	2	0.7616	0.0000
main	n_align	6	64	2	3	0.7748	0.0000
main	n_align	6	64	2	4	0.7707	0.0000
main	n_align	6	64	2	5	0.7649	0.0000
main	n_align	6	64	2	6	0.7732	0.0000
main	n_align	6	64	2	7	0.7748	0.0000
main	n_align	6	64	2	8	0.7748	0.0000
main	n_align	6	64	2	9	0.8146	0.0000
main	n_align	6	64	2	10	0.8775	0.0000
main	n_align	6	64	2	11	0.9396	0.0000
main	n_align	6	64	2	12	0.9470	0.0000
main	n_align	6	64	2	13	0.9470	0.0000
main	n_align	6	64	2	14	0.9470	0.0000
main	n_align	6	64	2	15	0.9470	0.0000
main	n_align	6	64	2	16	0.9512	0.0625
main	n_align	6	64	2	17	0.9636	0.2500
main	n_align	6	64	2	18	0.9702	0.2500
main	n_align	6	64	2	19	0.9810	0.5000
main	n_align	6	64	2	20	0.9876	0.6250
main	n_align	6	64	2	21	0.9901	0.6250
main	n_align	6	64	2	22	0.9901	0.6250
main	n_align	6	64	2	23	0.9934	0.7500
main	n_align	6	64	2	24	0.9967	0.8750
main	n_align	6	64	2	25	1.0000	1.0000
main	n_align	6	64	2	26	1.0000	1.0000
main	n_align	6	64	2	27	1.0000	1.0000
main	n_align	6	64	2	28	1.0000	1.0000
main	n_align	6	64	2	29	1.0000	1.0000
main	n_align	6	64	2	30	1.0000	1.0000
main	n_align	6	64	2	31	1.0000	1.0000
main	n_align	6	64	2	32	1.0000	1.0000
main	n_align	6	64	2	33	1.0000	1.0000
main	n_align	6	64	2	34	1.0000	1.0000
main	n_align	6	64	2	35	1.0000	1.0000
main	n_align	6	64	2	36	1.0000	1.0000
main	n_align	6	64	2	37	1.0000	1.0000
main	n_align	6	64	2	38	1.0000	1.0000
main	n_align	6	64	2	39	1.0000	1.0000
main	n_align	6	64	2	40	1.0000	1.0000
main	n_align	6	64	2	41	1.0000	1.0000
main	n_align	6	64	2	42	1.0000	1.0000
main	n_align	6	64	2	43	1.0000	1.0000
main	n_align	6	64	2	44	1.0000	1.0000
main	n_align	6	64	2	45	1.0000	1.0000
main	n_align	6	64	2	46	1.0000	1.0000
main	n_align	6	64	2	47	1.0000	1.0000
main	n_align	6	64	2	48	1.0000	1.0000
main	n_align	6	64	2	49	1.0000	1.0000
main	n_align	6	64	2	50	1.0000	1.0000
main	n_align	6	64	2	51	1.0000	1.0000
main	n_align	6	64	2	52	1.0000	1.0000
main	n_align	6	64	2	53	1.0000	1.0000
main	n_align	6	64	2	54	1.0000	1.0000
main	n_align	6	64	2	55	1.0000	1.0000
main	n_align	6	64	2	56	1.0000	1.0000
main	n_align	6	64	2	57	1.0000	1.0000
main	n_align	6	64	2	58	1.0000	1.0000
main	n_align	6	64	2	59	1.0000	1.0000
main	n_align	6	64	2	60	1.0000	1.0000
main	n_align	7	64	2	1	0.0000	0.0000
main	n_align	7	64	2	2	0.7616	0.0000
main	n_align	7	64	2	3	0.7616	0.0000
main	n_align	7	64	2	4	0.7616	0.0000
main	n_align	7	64	2	5	0.7616	0.0000
main	n_align	7	64	2	6	0.7616	0.0000
main	n_align	7	64	2	7	0.7616	0.0000
main	n_align	7	64	2	8	0.7715	0.0000
main	n_align	7	64	2	9	0.8411	0.0000
main	n_align	7	64	2	10	0.8485	0.0000
main	n_align	7	64	2	11	0.8675	0.0000
main	n_align	7	64	2	12	0.9205	0.0000
main	n_align	7	64	2	13	0.9354	0.0000
main	n_align	7	64	2	14	0.9636	0.0625
main	n_align	7	64	2	15	0.9735	0.2500
main	n_align	7	64	2	16	0.9735	0.2500
main	n_align	7	64	2	17	1.0000	1.0000
main	n_align	7	64	2	18	1.0000	1.0000
main	n_align	7	64	2	19	1.0000	1.0000
main	n_align	7	64	2	20	1.0000	1.0000
main	n_align	7	64	2	21	1.0000	1.0000
main	n_align	7	64	2	22	1.0000	1.0000
main	n_align	7	64	2	23	1.0000	1.0000
main	n_align	7	64	2	24	1.0000	1.0000
main	n_align	7	64	2	25	1.0000	1.0000
main	n_align	7	64	2	26	1.0000	1.0000
main	n_align	7	64	2	27	1.0000	1.0000
main	n_align	7	64	2	28	1.0000	1.0000
main	n_align	7	64	2	29	1.0000	1.0000
main	n_align	7	64	2	30	1.0000	1.0000
main	n_align	7	64	2	31	1.0000	1.0000
main	n_align	7	64	2	32	1.0000	1.0000
main	n_align	7	64	2	33	1.0000	1.0000
main	n_align	7	64	2	34	1.0000	1.0000
main	n_align	7	64	2	35	1.0000	1.0000
main	n_align	7	64	2	36	1.0000	1.0000
main	n_align	7	64	2	37	1.0000	1.0000
main	n_align	7	64	2	38	1.0000	1.0000
main	n_align	7	64	2	39	1.0000	1.0000
main	n_align	7	64	2	40	1.0000	1.0000
main	n_align	7	64	2	41	1.0000	1.0000
main	n_align	7	64	2	42	1.0000	1.0000
main	n_align	7	64	2	43	1.0000	1.0000
main	n_align	7	64	2	44	1.0000	1.0000
main	n_align	7	64	2	45	1.0000	1.0000
main	n_align	7	64	2	46	1.0000	1.0000
main	n_align	7	64	2	47	1.0000	1.0000
main	n_align	7	64	2	48	1.0000	1.0000
main	n_align	7	64	2	49	1.0000	1.0000
main	n_align	7	64	2	50	1.0000	1.0000
main	n_align	7	64	2	51	1.0000	1.0000
main	n_align	7	64	2	52	1.0000	1.0000
main	n_align	7	64	2	53	1.0000	1.0000
main	n_align	7	64	2	54	1.0000	1.0000
main	n_align	7	64	2	55	1.0000	1.0000
main	n_align	7	64	2	56	1.0000	1.0000
main	n_align	7	64	2	57	1.0000	1.0000
main	n_align	7	64	2	58	1.0000	1.0000
main	n_align	7	64	2	59	1.0000	1.0000
main	n_align	7	64	2	60	1.0000	1.0000
main	n_align	8	64	2	1	0.0000	0.0000
main	n_align	8	64	2	2	0.7616	0.0000
main	n_align	8	64	2	3	0.7616	0.0000
main	n_align	8	64	2	4	0.8146	0.0000
main	n_align	8	64	2	5	0.8146	0.0000
main	n_align	8	64	2	6	0.8212	0.0000
main	n_align	8	64	2	7	0.8411	0.0000
main	n_align	8	64	2	8	0.9272	0.0000
main	n_align	8	64	2	9	0.9470	0.0000
main	n_align	8	64	2	10	0.9470	0.0000
main	n_align	8	64	2	11	0.9470	0.0000
main	n_align	8	64	2	12	0.9470	0.0000
main	n_align	8	64	2	13	0.9603	0.0000
main	n_align	8	64	2	14	0.9603	0.0000
main	n_align	8	64	2	15	0.9619	0.0000
main	n_align	8	64	2	16	0.9735	0.1250
main	n_align	8	64	2	17	0.9868	0.5000
main	n_align	8	64	2	18	0.9868	0.5000
main	n_align	8	64	2	19	0.9868	0.5000
main	n_align	8	64	2	20	0.9868	0.5000
main	n_align	8	64	2	21	0.9868	0.5000
main	n_align	8	64	2	22	1.0000	1.0000
main	n_align	8	64	2	23	1.0000	1.0000
main	n_align	8	64	2	24	1.0000	1.0000
main	n_align	8	64	2	25	1.0000	1.0000
main	n_align	8	64	2	26	1.0000	1.0000
main	n_align	8	64	2	27	1.0000	1.0000
main	n_align	8	64	2	28	1.0000	1.0000
main	n_align	8	64	2	29	1.0000	1.0000
main	n_align	8	64	2	30	1.0000	1.0000
main	n_align	8	64	2	31	1.0000	1.0000
main	n_align	8	64	2	32	1.0000	1.0000
main	n_align	8	64	2	33	1.0000	1.0000
main	n_align	8	64	2	34	1.0000	1.0000
main	n_align	8	64	2	35	1.0000	1.0000
main	n_align	8	64	2	36	1.0000	1.0000
main	n_align	8	64	2	37	1.0000	1.0000
main	n_align	8	64	2	38	1.0000	1.0000
main	n_align	8	64	2	39	1.0000	1.0000
main	n_align	8	64	2	40	1.0000	1.0000
main	n_align	8	64	2	41	1.0000	1.0000
main	n_align	8	64	2	42	1.0000	1.0000
main	n_align	8	64	2	43	1.0000	1.0000
main	n_align	8	64	2	44	1.0000	1.0000
main	n_align	8	64	2	45	1.0000	1.0000
main	n_align	8	64	2	46	1.0000	1.0000
main	n_align	8	64	2	47	1.0000	1.0000
main	n_align	8	64	2	48	1.0000	1.0000
main	n_align	8	64	2	49	1.0000	1.0000
main	n_align	8	64	2	50	1.0000	1.0000
main	n_align	8	64	2	51	1.0000	1.0000
main	n_align	8	64	2	52	1.0000	1.0000
main	n_align	8	64	2	53	1.0000	1.0000
main	n_align	8	64	2	54	1.0000	1.0000
main	n_align	8	64	2	55	1.0000	1.0000
main	n_align	8	64	2	56	1.0000	1.0000
main	n_align	8	64	2	57	1.0000	1.0000
main	n_align	8	64	2	58	1.0000	1.0000
main	n_align	8	64	2	59	1.0000	1.0000
main	n_align	8	64	2	60	1.0000	1.0000
main	n_align	9	64	2	1	0.0000	0.0000
main	n_align	9	64	2	2	0.7690	0.0000
main	n_align	9	64	2	3	0.7881	0.0000
main	n_align	9	64	2	4	0.7881	0.0000
main	n_align	9	64	2	5	0.8063	0.0000
main	n_align	9	64	2	6	0.9321	0.0000
main	n_align	9	64	2	7	0.9470	0.0000
main	n_align	9	64	2	8	0.9470	0.0000
main	n_align	9	64	2	9	0.9603	0.0000
main	n_align	9	64	2	10	0.9603	0.0000
main	n_align	9	64	2	11	0.9603	0.0000
main	n_align	9	64	2	12	0.9619	0.0000
main	n_align	9	64	2	13	0.9685	0.1250
main	n_align	9	64	2	14	0.9735	0.2500
main	n_align	9	64	2	15	0.9735	0.2500
main	n_align	9	64	2	16	0.9735	0.2500
main	n_align	9	64	2	17	0.9785	0.3750
main	n_align	9	64	2	18	0.9950	0.8125
main	n_align	9	64	2	19	0.9983	0.9375
main	n_align	9	64	2	20	1.0000	1.0000
main	n_align	9	64	2	21	1.0000	1.0000
main	n_align	9	64	2	22	1.0000	1.0000
main	n_align	9	64	2	23	1.0000	1.0000
main	n_align	9	64	2	24	1.0000	1.0000
main	n_align	9	64	2	25	1.0000	1.0000
main	n_align	9	64	2	26	1.0000	1.0000
main	n_align	9	64	2	27	1.0000	1.0000
main	n_align	9	64	2	28	1.0000	1.0000
main	n_align	9	64	2	29	1.0000	1.0000
main	n_align	9	64	2	30	1.0000	1.0000
main	n_align	9	64	2	31	1.0000	1.0000
main	n_align	9	64	2	32	1.0000	1.0000
main	n_align	9	64	2	33	1.0000	1.0000
main	n_align	9	64	2	34	1.0000	1.0000
main	n_align	9	64	2	35	1.0000	1.0000
main	n_align	9	64	2	36	1.0000	1.0000
main	n_align	9	64	2	37	1.0000	1.0000
main	n_align	9	64	2	38	1.0000	1.0000
main	n_align	9	64	2	39	1.0000	1.0000
main	n_align	9	64	2	40	1.0000	1.0000
main	n_align	9	64	2	41	1.0000	1.0000
main	n_align	9	64	2	42	1.0000	1.0000
main	n_align	9	64	2	43	1.0000	1.0000
main	n_align	9	64	2	44	1.0000	1.0000
main	n_align	9	64	2	45	1.0000	1.0000
main	n_align	9	64	2	46	1.0000	1.0000
main	n_align	9	64	2	47	1.0000	1.0000
main	n_align	9	64	2	48	1.0000	1.0000
main	n_align	9	64	2	49	1.0000	1.0000
main	n_align	9	64	2	50	1.0000	1.0000
main	n_align	9	64	2	51	1.0000	1.0000
main	n_align	9	64	2	52	1.0000	1.0000
main	n_align	9	64	2	53	1.0000	1.0000
main	n_align	9	64	2	54	1.0000	1.0000
main	n_align	9	64	2	55	1.0000	1.0000
main	n_align	9	64	2	56	1.0000	1.0000
main	n_align	9	64	2	57	1.0000	1.0000
main	n_align	9	64	2	58	1.0000	1.0000
main	n_align	9	64	2	59	1.0000	1.0000
main	n_align	9	64	2	60	1.0000	1.0000
main	excl_pollute10	0	64	2	1	0.0000	0.0000
main	excl_pollute10	0	64	2	2	0.0000	0.0000
main	excl_pollute10	0	64	2	3	0.7616	0.0000
main	excl_pollute10	0	64	2	4	0.8411	0.0000
main	excl_pollute10	0	64	2	5	0.8411	0.0000
main	excl_pollute10	0	64	2	6	0.8411	0.0000
main	excl_pollute10	0	64	2	7	0.8634	0.0000
main	excl_pollute10	0	64	2	8	0.8808	0.0000
main	excl_pollute10	0	64	2	9	0.9272	0.0000
main	excl_pollute10	0	64	2	10	0.9338	0.0000
main	excl_pollute10	0	64	2	11	0.9735	0.2500
main	excl_pollute10	0	64	2	12	0.9868	0.5000
main	excl_pollute10	0	64	2	13	0.9851	0.4375
main	excl_pollute10	0	64	2	14	0.9983	0.9375
main	excl_pollute10	0	64	2	15	0.9983	0.9375
main	excl_pollute10	0	64	2	16	1.0000	1.0000
main	excl_pollute10	0	64	2	17	1.0000	1.0000
main	excl_pollute10	0	64	2	18	1.0000	1.0000
main	excl_pollute10	0	64	2	19	1.0000	1.0000
main	excl_pollute10	0	64	2	20	1.0000	1.0000
main	excl_pollute10	0	64	2	21	1.0000	1.0000
main	excl_pollute10	0	64	2	22	1.0000	1.0000
main	excl_pollute10	0	64	2	23	1.0000	1.0000
main	excl_pollute10	0	64	2	24	1.0000	1.0000
main	excl_pollute10	0	64	2	25	1.0000	1.0000
main	excl_pollute10	0	64	2	26	1.0000	1.0000
main	excl_pollute10	0	64	2	27	1.0000	1.0000
main	excl_pollute10	0	64	2	28	1.0000	1.0000
main	excl_pollute10	0	64	2	29	1.0000	1.0000
main	excl_pollute10	0	64	2	30	1.0000	1.0000
main	excl_pollute10	0	64	2	31	1.0000	1.0000
main	excl_pollute10	0	64	2	32	1.0000	1.0000
main	excl_pollute10	0	64	2	33	1.0000	1.0000
main	excl_pollute10	0	64	2	34	1.0000	1.0000
main	excl_pollute10	0	64	2	35	1.0000	1.0000
main	excl_pollute10	0	64	2	36	1.0000	1.0000
main	excl_pollute10	0	64	2	37	1.0000	1.0000
main	excl_pollute10	0	64	2	38	1.0000	1.0000
main	excl_pollute10	0	64	2	39	1.0000	1.0000
main	excl_pollute10	0	64	2	40	1.0000	1.0000
main	excl_pollute10	0	64	2	41	1.0000	1.0000
main	excl_pollute10	0	64	2	42	1.0000	1.0000
main	excl_pollute10	0	64	2	43	1.0000	1.0000
main	excl_pollute10	0	64	2	44	1.0000	1.0000
main	excl_pollute10	0	64	2	45	1.0000	1.0000
main	excl_pollute10	0	64	2	46	1.0000	1.0000
main	excl_pollute10	0	64	2	47	1.0000	1.0000
main	excl_pollute10	0	64	2	48	1.0000	1.0000
main	excl_pollute10	0	64	2	49	1.0000	1.0000
main	excl_pollute10	0	64	2	50	1.0000	1.0000
main	excl_pollute10	0	64	2	51	1.0000	1.0000
main	excl_pollute10	0	64	2	52	1.0000	1.0000
main	excl_pollute10	0	64	2	53	1.0000	1.0000
main	excl_pollute10	0	64	2	54	1.0000	1.0000
main	excl_pollute10	0	64	2	55	1.0000	1.0000
main	excl_pollute10	0	64	2	56	1.0000	1.0000
main	excl_pollute10	0	64	2	57	1.0000	1.0000
main	excl_pollute10	0	64	2	58	1.0000	1.0000
main	excl_pollute10	0	64	2	59	1.0000	1.0000
main	excl_pollute10	0	64	2	60	1.0000	1.0000
main	excl_pollute10	1	64	2	1	0.0017	0.0000
main	excl_pollute10	1	64	2	2	0.7632	0.0000
main	excl_pollute10	1	64	2	3	0.7724	0.0000
main	excl_pollute10	1	64	2	4	0.7616	0.0000
main	excl_pollute10	1	64	2	5	0.7616	0.0000
main	excl_pollute10	1	64	2	6	0.7616	0.0000
main	excl_pollute10	1	64	2	7	0.7616	0.0000
main	excl_pollute10	1	64	2	8	0.8659	0.0000
main	excl_pollute10	1	64	2	9	0.8940	0.0000
main	excl_pollute10	1	64	2	10	0.9015	0.0000
main	excl_pollute10	1	64	2	11	0.9106	0.0000
main	excl_pollute10	1	64	2	12	0.9470	0.0000
main	excl_pollute10	1	64	2	13	0.9470	0.0000
main	excl_pollute10	1	64	2	14	0.9487	0.0000
main	excl_pollute10	1	64	2	15	0.9578	0.0625
main	excl_pollute10	1	64	2	16	0.9719	0.2500
main	excl_pollute10	1	64	2	17	0.9735	0.2500
main	excl_pollute10	1	64	2	18	0.9752	0.3125
main	excl_pollute10	1	64	2	19	0.9810	0.4688
main	excl_pollute10	1	64	2	20	0.9868	0.5000
main	excl_pollute10	1	64	2	21	0.9868	0.5000
main	excl_pollute10	1	64	2	22	0.9868	0.5000
main	excl_pollute10	1	64	2	23	0.9868	0.5000
main	excl_pollute10	1	64	2	24	0.9868	0.5000
main	excl_pollute10	1	64	2	25	0.9868	0.5000
main	excl_pollute10	1	64	2	26	0.9868	0.5000
main	excl_pollute10	1	64	2	27	0.9901	0.6250
main	excl_pollute10	1	64	2	28	0.9934	0.7500
main	excl_pollute10	1	64	2	29	0.9967	0.8750
main	excl_pollute10	1	64	2	30	1.0000	1.0000
main	excl_pollute10	1	64	2	31	1.0000	1.0000
main	excl_pollute10	1	64	2	32	1.0000	1.0000
main	excl_pollute10	1	64	2	33	1.0000	1.0000
main	excl_pollute10	1	64	2	34	1.0000	1.0000
main	excl_pollute10	1	64	2	35	1.0000	1.0000
main	excl_pollute10	1	64	2	36	1.0000	1.0000
main	excl_pollute10	1	64	2	37	1.0000	1.0000
main	excl_pollute10	1	64	2	38	1.0000	1.0000
main	excl_pollute10	1	64	2	39	1.0000	1.0000
main	excl_pollute10	1	64	2	40	1.0000	1.0000
main	excl_pollute10	1	64	2	41	1.0000	1.0000
main	excl_pollute10	1	64	2	42	1.0000	1.0000
main	excl_pollute10	1	64	2	43	1.0000	1.0000
main	excl_pollute10	1	64	2	44	1.0000	1.0000
main	excl_pollute10	1	64	2	45	1.0000	1.0000
main	excl_pollute10	1	64	2	46	1.0000	1.0000
main	excl_pollute10	1	64	2	47	1.0000	1.0000
main	excl_pollute10	1	64	2	48	1.0000	1.0000
main	excl_pollute10	1	64	2	49	1.0000	1.0000
main	excl_pollute10	1	64	2	50	1.0000	1.0000
main	excl_pollute10	1	64	2	51	1.0000	1.0000
main	excl_pollute10	1	64	2	52	1.0000	1.0000
main	excl_pollute10	1	64	2	53	1.0000	1.0000
main	excl_pollute10	1	64	2	54	1.0000	1.0000
main	excl_pollute10	1	64	2	55	1.0000	1.0000
main	excl_pollute10	1	64	2	56	1.0000	1.0000
main	excl_pollute10	1	64	2	57	1.0000	1.0000
main	excl_pollute10	1	64	2	58	1.0000	1.0000
main	excl_pollute10	1	64	2	59	1.0000	1.0000
main	excl_pollute10	1	64	2	60	1.0000	1.0000
main	excl_pollute10	2	64	2	1	0.0000	0.0000
main	excl_pollute10	2	64	2	2	0.0000	0.0000
main	excl_pollute10	2	64	2	3	0.7616	0.0000
main	excl_pollute10	2	64	2	4	0.7715	0.0000
main	excl_pollute10	2	64	2	5	0.8245	0.0000
main	excl_pollute10	2	64	2	6	0.9073	0.0000
main	excl_pollute10	2	64	2	7	0.9280	0.0000
main	excl_pollute10	2	64	2	8	0.9338	0.0000
main	excl_pollute10	2	64	2	9	0.9603	0.0000
main	excl_pollute10	2	64	2	10	0.9661	0.2188
main	excl_pollute10	2	64	2	11	0.9735	0.2500
main	excl_pollute10	2	64	2	12	0.9735	0.2500
main	excl_pollute10	2	64	2	13	0.9735	0.2500
main	excl_pollute10	2	64	2	14	0.9735	0.2500
main	excl_pollute10	2	64	2	15	0.9735	0.2500
main	excl_pollute10	2	64	2	16	0.9735	0.2500
main	excl_pollute10	2	64	2	17	0.9735	0.2500
main	excl_pollute10	2	64	2	18	0.9735	0.2500
main	excl_pollute10	2	64	2	19	0.9735	0.2500
main	excl_pollute10	2	64	2	20	0.9735	0.2500
main	excl_pollute10	2	64	2	21	0.9735	0.2500
main	excl_pollute10	2	64	2	22	0.9735	0.2500
main	excl_pollute10	2	64	2	23	0.9735	0.2500
main	excl_pollute10	2	64	2	24	0.9735	0.2500
main	excl_pollute10	2	64	2	25	0.9768	0.3125
main	excl_pollute10	2	64	2	26	0.9851	0.5000
main	excl_pollute10	2	64	2	27	0.9868	0.5000
main	excl_pollute10	2	64	2	28	0.9868	0.5000
main	excl_pollute10	2	64	2	29	0.9868	0.5000
main	excl_pollute10	2	64	2	30	0.9925	0.7188
main	excl_pollute10	2	64	2	31	1.0000	1.0000
main	excl_pollute10	2	64	2	32	1.0000	1.0000
main	excl_pollute10	2	64	2	33	1.0000	1.0000
main	excl_pollute10	2	64	2	34	1.0000	1.0000
main	excl_pollute10	2	64	2	35	1.0000	1.0000
main	excl_pollute10	2	64	2	36	1.0000	1.0000
main	excl_pollute10	2	64	2	37	1.0000	1.0000
main	excl_pollute10	2	64	2	38	1.0000	1.0000
main	excl_pollute10	2	64	2	39	1.0000	1.0000
main	excl_pollute10	2	64	2	40	1.0000	1.0000
main	excl_pollute10	2	64	2	41	1.0000	1.0000
main	excl_pollute10	2	64	2	42	1.0000	1.0000
main	excl_pollute10	2	64	2	43	1.0000	1.0000
main	excl_pollute10	2	64	2	44	1.0000	1.0000
main	excl_pollute10	2	64	2	45	1.0000	1.0000
main	excl_pollute10	2	64	2	46	1.0000	1.0000
main	excl_pollute10	2	64	2	47	1.0000	1.0000
main	excl_pollute10	2	64	2	48	1.0000	1.0000
main	excl_pollute10	2	64	2	49	1.0000	1.0000
main	excl_pollute10	2	64	2	50	1.0000	1.0000
main	excl_pollute10	2	64	2	51	1.0000	1.0000
main	excl_pollute10	2	64	2	52	1.0000	1.0000
main	excl_pollute10	2	64	2	53	1.0000	1.0000
main	excl_pollute10	2	64	2	54	1.0000	1.0000
main	excl_pollute10	2	64	2	55	1.0000	1.0000
main	excl_pollute10	2	64	2	56	1.0000	1.0000
main	excl_pollute10	2	64	2	57	1.0000	1.0000
main	excl_pollute10	2	64	2	58	1.0000	1.0000
main	excl_pollute10	2	64	2	59	1.0000	1.0000
main	excl_pollute10	2	64	2	60	1.0000	1.0000
main	excl_pollute10	3	64	2	1	0.0000	0.0000
main	excl_pollute10	3	64	2	2	0.0546	0.0000
main	excl_pollute10	3	64	2	3	0.8411	0.0000
main	excl_pollute10	3	64	2	4	0.8543	0.0000
main	excl_pollute10	3	64	2	5	0.8543	0.0000
main	excl_pollute10	3	64	2	6	0.8543	0.0000
main	excl_pollute10	3	64	2	7	0.8543	0.0000
main	excl_pollute10	3	64	2	8	0.8709	0.0000
main	excl_pollute10	3	64	2	9	0.9305	0.0000
main	excl_pollute10	3	64	2	10	0.9338	0.0000
main	excl_pollute10	3	64	2	11	0.9338	0.0000
main	excl_pollute10	3	64	2	12	0.9603	0.0000
main	excl_pollute10	3	64	2	13	0.9619	0.0625
main	excl_pollute10	3	64	2	14	0.9710	0.2500
main	excl_pollute10	3	64	2	15	0.9735	0.2500
main	excl_pollute10	3	64	2	16	0.9735	0.2500
main	excl_pollute10	3	64	2	17	0.9735	0.2500
main	excl_pollute10	3	64	2	18	0.9735	0.2500
main	excl_pollute10	3	64	2	19	0.9760	0.3125
main	excl_pollute10	3	64	2	20	0.9843	0.5000
main	excl_pollute10	3	64	2	21	0.9868	0.5000
main	excl_pollute10	3	64	2	22	0.9868	0.5000
main	excl_pollute10	3	64	2	23	0.9868	0.5000
main	excl_pollute10	3	64	2	24	0.9868	0.5000
main	excl_pollute10	3	64	2	25	0.9868	0.5000
main	excl_pollute10	3	64	2	26	0.9868	0.5000
main	excl_pollute10	3	64	2	27	0.9868	0.5000
main	excl_pollute10	3	64	2	28	0.9868	0.5000
main	excl_pollute10	3	64	2	29	0.9868	0.5000
main	excl_pollute10	3	64	2	30	0.9868	0.5000
main	excl_pollute10	3	64	2	31	0.9876	0.5312
main	excl_pollute10	3	64	2	32	0.9901	0.6250
main	excl_pollute10	3	64	2	33	0.9959	0.8438
main	excl_pollute10	3	64	2	34	1.0000	1.0000
main	excl_pollute10	3	64	2	35	1.0000	1.0000
main	excl_pollute10	3	64	2	36	1.0000	1.0000
main	excl_pollute10	3	64	2	37	1.0000	1.0000
main	excl_pollute10	3	64	2	38	1.0000	1.0000
main	excl_pollute10	3	64	2	39	1.0000	1.0000
main	excl_pollute10	3	64	2	40	1.0000	1.0000
main	excl_pollute10	3	64	2	41	1.0000	1.0000
main	excl_pollute10	3	64	2	42	1.0000	1.0000
main	excl_pollute10	3	64	2	43	1.0000	1.0000
main	excl_pollute10	3	64	2	44	1.0000	1.0000
main	excl_pollute10	3	64	2	45	1.0000	1.0000
main	excl_pollute10	3	64	2	46	1.0000	1.0000
main	excl_pollute10	3	64	2	47	1.0000	1.0000
main	excl_pollute10	3	64	2	48	1.0000	1.0000
main	excl_pollute10	3	64	2	49	1.0000	1.0000
main	excl_pollute10	3	64	2	50	1.0000	1.0000
main	excl_pollute10	3	64	2	51	1.0000	1.0000
main	excl_pollute10	3	64	2	52	1.0000	1.0000
main	excl_pollute10	3	64	2	53	1.0000	1.0000
main	excl_pollute10	3	64	2	54	1.0000	1.0000
main	excl_pollute10	3	64	2	55	1.0000	1.0000
main	excl_pollute10	3	64	2	56	1.0000	1.0000
main	excl_pollute10	3	64	2	57	1.0000	1.0000
main	excl_pollute10	3	64	2	58	1.0000	1.0000
main	excl_pollute10	3	64	2	59	1.0000	1.0000
main	excl_pollute10	3	64	2	60	1.0000	1.0000
main	excl_pollute10	4	64	2	1	0.8411	0.0000
main	excl_pollute10	4	64	2	2	0.8411	0.0000
main	excl_pollute10	4	64	2	3	0.8411	0.0000
main	excl_pollute10	4	64	2	4	0.8940	0.0000
main	excl_pollute10	4	64	2	5	0.8940	0.0000
main	excl_pollute10	4	64	2	6	0.8940	0.0000
main	excl_pollute10	4	64	2	7	0.9048	0.0000
main	excl_pollute10	4	64	2	8	0.9205	0.0000
main	excl_pollute10	4	64	2	9	0.9205	0.0000
main	excl_pollute10	4	64	2	10	0.9205	0.0000
main	excl_pollute10	4	64	2	11	0.9288	0.0000
main	excl_pollute10	4	64	2	12	0.9338	0.0000
main	excl_pollute10	4	64	2	13	0.9412	0.0000
main	excl_pollute10	4	64	2	14	0.9470	0.0000
main	excl_pollute10	4	64	2	15	0.9545	0.0000
main	excl_pollute10	4	64	2	16	0.9603	0.0000
main	excl_pollute10	4	64	2	17	0.9636	0.0000
main	excl_pollute10	4	64	2	18	0.9735	0.0000
main	excl_pollute10	4	64	2	19	0.9735	0.0000
main	excl_pollute10	4	64	2	20	0.9776	0.1562
main	excl_pollute10	4	64	2	21	0.9983	0.9375
main	excl_pollute10	4	64	2	22	1.0000	1.0000
main	excl_pollute10	4	64	2	23	1.0000	1.0000
main	excl_pollute10	4	64	2	24	1.0000	1.0000
main	excl_pollute10	4	64	2	25	1.0000	1.0000
main	excl_pollute10	4	64	2	26	1.0000	1.0000
main	excl_pollute10	4	64	2	27	1.0000	1.0000
main	excl_pollute10	4	64	2	28	1.0000	1.0000
main	excl_pollute10	4	64	2	29	1.0000	1.0000
main	excl_pollute10	4	64	2	30	1.0000	1.0000
main	excl_pollute10	4	64	2	31	1.0000	1.0000
main	excl_pollute10	4	64	2	32	1.0000	1.0000
main	excl_pollute10	4	64	2	33	1.0000	1.0000
main	excl_pollute10	4	64	2	34	1.0000	1.0000
main	excl_pollute10	4	64	2	35	1.0000	1.0000
main	excl_pollute10	4	64	2	36	1.0000	1.0000
main	excl_pollute10	4	64	2	37	1.0000	1.0000
main	excl_pollute10	4	64	2	38	1.0000	1.0000
main	excl_pollute10	4	64	2	39	1.0000	1.0000
main	excl_pollute10	4	64	2	40	1.0000	1.0000
main	excl_pollute10	4	64	2	41	1.0000	1.0000
main	excl_pollute10	4	64	2	42	1.0000	1.0000
main	excl_pollute10	4	64	2	43	1.0000	1.0000
main	excl_pollute10	4	64	2	44	1.0000	1.0000
main	excl_pollute10	4	64	2	45	1.0000	1.0000
main	excl_pollute10	4	64	2	46	1.0000	1.0000
main	excl_pollute10	4	64	2	47	1.0000	1.0000
main	excl_pollute10	4	64	2	48	1.0000	1.0000
main	excl_pollute10	4	64	2	49	1.0000	1.0000
main	excl_pollute10	4	64	2	50	1.0000	1.0000
main	excl_pollute10	4	64	2	51	1.0000	1.0000
main	excl_pollute10	4	64	2	52	1.0000	1.0000
main	excl_pollute10	4	64	2	53	1.0000	1.0000
main	excl_pollute10	4	64	2	54	1.0000	1.0000
main	excl_pollute10	4	64	2	55	1.0000	1.0000
main	excl_pollute10	4	64	2	56	1.0000	1.0000
main	excl_pollute10	4	64	2	57	1.0000	1.0000
main	excl_pollute10	4	64	2	58	1.0000	1.0000
main	excl_pollute10	4	64	2	59	1.0000	1.0000
main	excl_pollute10	4	64	2	60	1.0000	1.0000
main	excl_pollute10	5	64	2	1	0.0464	0.0000
main	excl_pollute10	5	64	2	2	0.8146	0.0000
main	excl_pollute10	5	64	2	3	0.8940	0.0000
main	excl_pollute10	5	64	2	4	0.8940	0.0000
main	excl_pollute10	5	64	2	5	0.8940	0.0000
main	excl_pollute10	5	64	2	6	0.8974	0.0000
main	excl_pollute10	5	64	2	7	0.9603	0.0000
main	excl_pollute10	5	64	2	8	0.9603	0.0000
main	excl_pollute10	5	64	2	9	0.9603	0.0000
main	excl_pollute10	5	64	2	10	0.9619	0.0000
main	excl_pollute10	5	64	2	11	0.9735	0.0000
main	excl_pollute10	5	64	2	12	0.9868	0.5000
main	excl_pollute10	5	64	2	13	0.9868	0.5000
main	excl_pollute10	5	64	2	14	0.9868	0.5000
main	excl_pollute10	5	64	2	15	0.9868	0.5000
main	excl_pollute10	5	64	2	16	0.9868	0.5000
main	excl_pollute10	5	64	2	17	0.9868	0.5000
main	excl_pollute10	5	64	2	18	0.9868	0.5000
main	excl_pollute10	5	64	2	19	0.9868	0.5000
main	excl_pollute10	5	64	2	20	0.9884	0.5625
main	excl_pollute10	5	64	2	21	0.9942	0.7812
main	excl_pollute10	5	64	2	22	0.9975	0.9062
main	excl_pollute10	5	64	2	23	1.0000	1.0000
main	excl_pollute10	5	64	2	24	1.0000	1.0000
main	excl_pollute10	5	64	2	25	1.0000	1.0000
main	excl_pollute10	5	64	2	26	1.0000	1.0000
main	excl_pollute10	5	64	2	27	1.0000	1.0000
main	excl_pollute10	5	64	2	28	1.0000	1.0000
main	excl_pollute10	5	64	2	29	1.0000	1.0000
main	excl_pollute10	5	64	2	30	1.0000	1.0000
main	excl_pollute10	5	64	2	31	1.0000	1.0000
main	excl_pollute10	5	64	2	32	1.0000	1.0000
main	excl_pollute10	5	64	2	33	1.0000	1.0000
main	excl_pollute10	5	64	2	34	1.0000	1.0000
main	excl_pollute10	5	64	2	35	1.0000	1.0000
main	excl_pollute10	5	64	2	36	1.0000	1.0000
main	excl_pollute10	5	64	2	37	1.0000	1.0000
main	excl_pollute10	5	64	2	38	1.0000	1.0000
main	excl_pollute10	5	64	2	39	1.0000	1.0000
main	excl_pollute10	5	64	2	40	1.0000	1.0000
main	excl_pollute10	5	64	2	41	1.0000	1.0000
main	excl_pollute10	5	64	2	42	1.0000	1.0000
main	excl_pollute10	5	64	2	43	1.0000	1.0000
main	excl_pollute10	5	64	2	44	1.0000	1.0000
main	excl_pollute10	5	64	2	45	1.0000	1.0000
main	excl_pollute10	5	64	2	46	1.0000	1.0000
main	excl_pollute10	5	64	2	47	1.0000	1.0000
main	excl_pollute10	5	64	2	48	1.0000	1.0000
main	excl_pollute10	5	64	2	49	1.0000	1.0000
main	excl_pollute10	5	64	2	50	1.0000	1.0000
main	excl_pollute10	5	64	2	51	1.0000	1.0000
main	excl_pollute10	5	64	2	52	1.0000	1.0000
main	excl_pollute10	5	64	2	53	1.0000	1.0000
main	excl_pollute10	5	64	2	54	1.0000	1.0000
main	excl_pollute10	5	64	2	55	1.0000	1.0000
main	excl_pollute10	5	64	2	56	1.0000	1.0000
main	excl_pollute10	5	64	2	57	1.0000	1.0000
main	excl_pollute10	5	64	2	58	1.0000	1.0000
main	excl_pollute10	5	64	2	59	1.0000	1.0000
main	excl_pollute10	5	64	2	60	1.0000	1.0000
main	excl_pollute10	6	64	2	1	0.7616	0.0000
main	excl_pollute10	6	64	2	2	0.7616	0.0000
main	excl_pollute10	6	64	2	3	0.7616	0.0000
main	excl_pollute10	6	64	2	4	0.7649	0.0000
main	excl_pollute10	6	64	2	5	0.7649	0.0000
main	excl_pollute10	6	64	2	6	0.7649	0.0000
main	excl_pollute10	6	64	2	7	0.7748	0.0000
main	excl_pollute10	6	64	2	8	0.7748	0.0000
main	excl_pollute10	6	64	2	9	0.7748	0.0000
main	excl_pollute10	6	64	2	10	0.8162	0.0000
main	excl_pollute10	6	64	2	11	0.8924	0.0000
main	excl_pollute10	6	64	2	12	0.9470	0.0000
main	excl_pollute10	6	64	2	13	0.9470	0.0000
main	excl_pollute10	6	64	2	14	0.9470	0.0000
main	excl_pollute10	6	64	2	15	0.9470	0.0000
main	excl_pollute10	6	64	2	16	0.9470	0.0000
main	excl_pollute10	6	64	2	17	0.9512	0.0625
main	excl_pollute10	6	64	2	18	0.9627	0.2500
main	excl_pollute10	6	64	2	19	0.9652	0.2500
main	excl_pollute10	6	64	2	20	0.9702	0.2500
main	excl_pollute10	6	64	2	21	0.9735	0.2500
main	excl_pollute10	6	64	2	22	0.9752	0.3125
main	excl_pollute10	6	64	2	23	0.9801	0.4688
main	excl_pollute10	6	64	2	24	0.9834	0.5000
main	excl_pollute10	6	64	2	25	0.9868	0.5000
main	excl_pollute10	6	64	2	26	0.9868	0.5000
main	excl_pollute10	6	64	2	27	0.9868	0.5000
main	excl_pollute10	6	64	2	28	0.9868	0.5000
main	excl_pollute10	6	64	2	29	0.9868	0.5000
main	excl_pollute10	6	64	2	30	0.9868	0.5000
main	excl_pollute10	6	64	2	31	0.9868	0.5000
main	excl_pollute10	6	64	2	32	0.9901	0.6250
main	excl_pollute10	6	64	2	33	0.9942	0.7812
main	excl_pollute10	6	64	2	34	1.0000	1.0000
main	excl_pollute10	6	64	2	35	1.0000	1.0000
main	excl_pollute10	6	64	2	36	1.0000	1.0000
main	excl_pollute10	6	64	2	37	1.0000	1.0000
main	excl_pollute10	6	64	2	38	1.0000	1.0000
main	excl_pollute10	6	64	2	39	1.0000	1.0000
main	excl_pollute10	6	64	2	40	1.0000	1.0000
main	excl_pollute10	6	64	2	41	1.0000	1.0000
main	excl_pollute10	6	64	2	42	1.0000	1.0000
main	excl_pollute10	6	64	2	43	1.0000	1.0000
main	excl_pollute10	6	64	2	44	1.0000	1.0000
main	excl_pollute10	6	64	2	45	1.0000	1.0000
main	excl_pollute10	6	64	2	46	1.0000	1.0000
main	excl_pollute10	6	64	2	47	1.0000	1.0000
main	excl_pollute10	6	64	2	48	1.0000	1.0000
main	excl_pollute10	6	64	2	49	1.0000	1.0000
main	excl_pollute10	6	64	2	50	1.0000	1.0000
main	excl_pollute10	6	64	2	51	1.0000	1.0000
main	excl_pollute10	6	64	2	52	1.0000	1.0000
main	excl_pollute10	6	64	2	53	1.0000	1.0000
main	excl_pollute10	6	64	2	54	1.0000	1.0000
main	excl_pollute10	6	64	2	55	1.0000	1.0000
main	excl_pollute10	6	64	2	56	1.0000	1.0000
main	excl_pollute10	6	64	2	57	1.0000	1.0000
main	excl_pollute10	6	64	2	58	1.0000	1.0000
main	excl_pollute10	6	64	2	59	1.0000	1.0000
main	excl_pollute10	6	64	2	60	1.0000	1.0000
main	excl_pollute10	7	64	2	1	0.0000	0.0000
main	excl_pollute10	7	64	2	2	0.7616	0.0000
main	excl_pollute10	7	64	2	3	0.7616	0.0000
main	excl_pollute10	7	64	2	4	0.7616	0.0000
main	excl_pollute10	7	64	2	5	0.7616	0.0000
main	excl_pollute10	7	64	2	6	0.7616	0.0000
main	excl_pollute10	7	64	2	7	0.7616	0.0000
main	excl_pollute10	7	64	2	8	0.7740	0.0000
main	excl_pollute10	7	64	2	9	0.8411	0.0000
main	excl_pollute10	7	64	2	10	0.8435	0.0000
main	excl_pollute10	7	64	2	11	0.8675	0.0000
main	excl_pollute10	7	64	2	12	0.9205	0.0000
main	excl_pollute10	7	64	2	13	0.9205	0.0000
main	excl_pollute10	7	64	2	14	0.9503	0.0000
main	excl_pollute10	7	64	2	15	0.9735	0.2500
main	excl_pollute10	7	64	2	16	0.9735	0.2500
main	excl_pollute10	7	64	2	17	0.9868	0.5000
main	excl_pollute10	7	64	2	18	0.9967	0.8750
main	excl_pollute10	7	64	2	19	1.0000	1.0000
main	excl_pollute10	7	64	2	20	1.0000	1.0000
main	excl_pollute10	7	64	2	21	1.0000	1.0000
main	excl_pollute10	7	64	2	22	1.0000	1.0000
main	excl_pollute10	7	64	2	23	1.0000	1.0000
main	excl_pollute10	7	64	2	24	1.0000	1.0000
main	excl_pollute10	7	64	2	25	1.0000	1.0000
main	excl_pollute10	7	64	2	26	1.0000	1.0000
main	excl_pollute10	7	64	2	27	1.0000	1.0000
main	excl_pollute10	7	64	2	28	1.0000	1.0000
main	excl_pollute10	7	64	2	29	1.0000	1.0000
main	excl_pollute10	7	64	2	30	1.0000	1.0000
main	excl_pollute10	7	64	2	31	1.0000	1.0000
main	excl_pollute10	7	64	2	32	1.0000	1.0000
main	excl_pollute10	7	64	2	33	1.0000	1.0000
main	excl_pollute10	7	64	2	34	1.0000	1.0000
main	excl_pollute10	7	64	2	35	1.0000	1.0000
main	excl_pollute10	7	64	2	36	1.0000	1.0000
main	excl_pollute10	7	64	2	37	1.0000	1.0000
main	excl_pollute10	7	64	2	38	1.0000	1.0000
main	excl_pollute10	7	64	2	39	1.0000	1.0000
main	excl_pollute10	7	64	2	40	1.0000	1.0000
main	excl_pollute10	7	64	2	41	1.0000	1.0000
main	excl_pollute10	7	64	2	42	1.0000	1.0000
main	excl_pollute10	7	64	2	43	1.0000	1.0000
main	excl_pollute10	7	64	2	44	1.0000	1.0000
main	excl_pollute10	7	64	2	45	1.0000	1.0000
main	excl_pollute10	7	64	2	46	1.0000	1.0000
main	excl_pollute10	7	64	2	47	1.0000	1.0000
main	excl_pollute10	7	64	2	48	1.0000	1.0000
main	excl_pollute10	7	64	2	49	1.0000	1.0000
main	excl_pollute10	7	64	2	50	1.0000	1.0000
main	excl_pollute10	7	64	2	51	1.0000	1.0000
main	excl_pollute10	7	64	2	52	1.0000	1.0000
main	excl_pollute10	7	64	2	53	1.0000	1.0000
main	excl_pollute10	7	64	2	54	1.0000	1.0000
main	excl_pollute10	7	64	2	55	1.0000	1.0000
main	excl_pollute10	7	64	2	56	1.0000	1.0000
main	excl_pollute10	7	64	2	57	1.0000	1.0000
main	excl_pollute10	7	64	2	58	1.0000	1.0000
main	excl_pollute10	7	64	2	59	1.0000	1.0000
main	excl_pollute10	7	64	2	60	1.0000	1.0000
main	excl_pollute10	8	64	2	1	0.0000	0.0000
main	excl_pollute10	8	64	2	2	0.0720	0.0000
main	excl_pollute10	8	64	2	3	0.7616	0.0000
main	excl_pollute10	8	64	2	4	0.8146	0.0000
main	excl_pollute10	8	64	2	5	0.8146	0.0000
main	excl_pollute10	8	64	2	6	0.8146	0.0000
main	excl_pollute10	8	64	2	7	0.8411	0.0000
main	excl_pollute10	8	64	2	8	0.9230	0.0000
main	excl_pollute10	8	64	2	9	0.9470	0.0000
main	excl_pollute10	8	64	2	10	0.9470	0.0000
main	excl_pollute10	8	64	2	11	0.9470	0.0000
main	excl_pollute10	8	64	2	12	0.9470	0.0000
main	excl_pollute10	8	64	2	13	0.9603	0.0000
main	excl_pollute10	8	64	2	14	0.9603	0.0000
main	excl_pollute10	8	64	2	15	0.9603	0.0000
main	excl_pollute10	8	64	2	16	0.9619	0.0000
main	excl_pollute10	8	64	2	17	0.9685	0.0000
main	excl_pollute10	8	64	2	18	0.9735	0.0000
main	excl_pollute10	8	64	2	19	0.9752	0.0625
main	excl_pollute10	8	64	2	20	0.9868	0.5000
main	excl_pollute10	8	64	2	21	0.9868	0.5000
main	excl_pollute10	8	64	2	22	0.9884	0.5625
main	excl_pollute10	8	64	2	23	0.9967	0.8750
main	excl_pollute10	8	64	2	24	1.0000	1.0000
main	excl_pollute10	8	64	2	25	1.0000	1.0000
main	excl_pollute10	8	64	2	26	1.0000	1.0000
main	excl_pollute10	8	64	2	27	1.0000	1.0000
main	excl_pollute10	8	64	2	28	1.0000	1.0000
main	excl_pollute10	8	64	2	29	1.0000	1.0000
main	excl_pollute10	8	64	2	30	1.0000	1.0000
main	excl_pollute10	8	64	2	31	1.0000	1.0000
main	excl_pollute10	8	64	2	32	1.0000	1.0000
main	excl_pollute10	8	64	2	33	1.0000	1.0000
main	excl_pollute10	8	64	2	34	1.0000	1.0000
main	excl_pollute10	8	64	2	35	1.0000	1.0000
main	excl_pollute10	8	64	2	36	1.0000	1.0000
main	excl_pollute10	8	64	2	37	1.0000	1.0000
main	excl_pollute10	8	64	2	38	1.0000	1.0000
main	excl_pollute10	8	64	2	39	1.0000	1.0000
main	excl_pollute10	8	64	2	40	1.0000	1.0000
main	excl_pollute10	8	64	2	41	1.0000	1.0000
main	excl_pollute10	8	64	2	42	1.0000	1.0000
main	excl_pollute10	8	64	2	43	1.0000	1.0000
main	excl_pollute10	8	64	2	44	1.0000	1.0000
main	excl_pollute10	8	64	2	45	1.0000	1.0000
main	excl_pollute10	8	64	2	46	1.0000	1.0000
main	excl_pollute10	8	64	2	47	1.0000	1.0000
main	excl_pollute10	8	64	2	48	1.0000	1.0000
main	excl_pollute10	8	64	2	49	1.0000	1.0000
main	excl_pollute10	8	64	2	50	1.0000	1.0000
main	excl_pollute10	8	64	2	51	1.0000	1.0000
main	excl_pollute10	8	64	2	52	1.0000	1.0000
main	excl_pollute10	8	64	2	53	1.0000	1.0000
main	excl_pollute10	8	64	2	54	1.0000	1.0000
main	excl_pollute10	8	64	2	55	1.0000	1.0000
main	excl_pollute10	8	64	2	56	1.0000	1.0000
main	excl_pollute10	8	64	2	57	1.0000	1.0000
main	excl_pollute10	8	64	2	58	1.0000	1.0000
main	excl_pollute10	8	64	2	59	1.0000	1.0000
main	excl_pollute10	8	64	2	60	1.0000	1.0000
main	excl_pollute10	9	64	2	1	0.0000	0.0000
main	excl_pollute10	9	64	2	2	0.7666	0.0000
main	excl_pollute10	9	64	2	3	0.7881	0.0000
main	excl_pollute10	9	64	2	4	0.7881	0.0000
main	excl_pollute10	9	64	2	5	0.7881	0.0000
main	excl_pollute10	9	64	2	6	0.8435	0.0000
main	excl_pollute10	9	64	2	7	0.9272	0.0000
main	excl_pollute10	9	64	2	8	0.9470	0.0000
main	excl_pollute10	9	64	2	9	0.9470	0.0000
main	excl_pollute10	9	64	2	10	0.9603	0.0000
main	excl_pollute10	9	64	2	11	0.9603	0.0000
main	excl_pollute10	9	64	2	12	0.9603	0.0000
main	excl_pollute10	9	64	2	13	0.9661	0.0625
main	excl_pollute10	9	64	2	14	0.9752	0.2812
main	excl_pollute10	9	64	2	15	0.9868	0.5000
main	excl_pollute10	9	64	2	16	0.9868	0.5000
main	excl_pollute10	9	64	2	17	0.9868	0.5000
main	excl_pollute10	9	64	2	18	0.9884	0.5625
main	excl_pollute10	9	64	2	19	0.9934	0.7500
main	excl_pollute10	9	64	2	20	0.9950	0.8125
main	excl_pollute10	9	64	2	21	0.9983	0.9375
main	excl_pollute10	9	64	2	22	1.0000	1.0000
main	excl_pollute10	9	64	2	23	1.0000	1.0000
main	excl_pollute10	9	64	2	24	1.0000	1.0000
main	excl_pollute10	9	64	2	25	1.0000	1.0000
main	excl_pollute10	9	64	2	26	1.0000	1.0000
main	excl_pollute10	9	64	2	27	1.0000	1.0000
main	excl_pollute10	9	64	2	28	1.0000	1.0000
main	excl_pollute10	9	64	2	29	1.0000	1.0000
main	excl_pollute10	9	64	2	30	1.0000	1.0000
main	excl_pollute10	9	64	2	31	1.0000	1.0000
main	excl_pollute10	9	64	2	32	1.0000	1.0000
main	excl_pollute10	9	64	2	33	1.0000	1.0000
main	excl_pollute10	9	64	2	34	1.0000	1.0000
main	excl_pollute10	9	64	2	35	1.0000	1.0000
main	excl_pollute10	9	64	2	36	1.0000	1.0000
main	excl_pollute10	9	64	2	37	1.0000	1.0000
main	excl_pollute10	9	64	2	38	1.0000	1.0000
main	excl_pollute10	9	64	2	39	1.0000	1.0000
main	excl_pollute10	9	64	2	40	1.0000	1.0000
main	excl_pollute10	9	64	2	41	1.0000	1.0000
main	excl_pollute10	9	64	2	42	1.0000	1.0000
main	excl_pollute10	9	64	2	43	1.0000	1.0000
main	excl_pollute10	9	64	2	44	1.0000	1.0000
main	excl_pollute10	9	64	2	45	1.0000	1.0000
main	excl_pollute10	9	64	2	46	1.0000	1.0000
main	excl_pollute10	9	64	2	47	1.0000	1.0000
main	excl_pollute10	9	64	2	48	1.0000	1.0000
main	excl_pollute10	9	64	2	49	1.0000	1.0000
main	excl_pollute10	9	64	2	50	1.0000	1.0000
main	excl_pollute10	9	64	2	51	1.0000	1.0000
main	excl_pollute10	9	64	2	52	1.0000	1.0000
main	excl_pollute10	9	64	2	53	1.0000	1.0000
main	excl_pollute10	9	64	2	54	1.0000	1.0000
main	excl_pollute10	9	64	2	55	1.0000	1.0000
main	excl_pollute10	9	64	2	56	1.0000	1.0000
main	excl_pollute10	9	64	2	57	1.0000	1.0000
main	excl_pollute10	9	64	2	58	1.0000	1.0000
main	excl_pollute10	9	64	2	59	1.0000	1.0000
main	excl_pollute10	9	64	2	60	1.0000	1.0000
main	excl_pollute30	0	64	2	1	0.0000	0.0000
main	excl_pollute30	0	64	2	2	0.0000	0.0000
main	excl_pollute30	0	64	2	3	0.7616	0.0000
main	excl_pollute30	0	64	2	4	0.8146	0.0000
main	excl_pollute30	0	64	2	5	0.8411	0.0000
main	excl_pollute30	0	64	2	6	0.8742	0.0000
main	excl_pollute30	0	64	2	7	0.8808	0.0000
main	excl_pollute30	0	64	2	8	0.9189	0.0000
main	excl_pollute30	0	64	2	9	0.9338	0.0000
main	excl_pollute30	0	64	2	10	0.9503	0.0000
main	excl_pollute30	0	64	2	11	0.9603	0.0000
main	excl_pollute30	0	64	2	12	0.9735	0.2500
main	excl_pollute30	0	64	2	13	0.9735	0.2500
main	excl_pollute30	0	64	2	14	0.9851	0.5000
main	excl_pollute30	0	64	2	15	0.9868	0.5000
main	excl_pollute30	0	64	2	16	0.9868	0.5000
main	excl_pollute30	0	64	2	17	0.9868	0.5000
main	excl_pollute30	0	64	2	18	0.9901	0.6250
main	excl_pollute30	0	64	2	19	0.9959	0.8438
main	excl_pollute30	0	64	2	20	0.9992	0.9688
main	excl_pollute30	0	64	2	21	1.0000	1.0000
main	excl_pollute30	0	64	2	22	1.0000	1.0000
main	excl_pollute30	0	64	2	23	1.0000	1.0000
main	excl_pollute30	0	64	2	24	1.0000	1.0000
main	excl_pollute30	0	64	2	25	1.0000	1.0000
main	excl_pollute30	0	64	2	26	1.0000	1.0000
main	excl_pollute30	0	64	2	27	1.0000	1.0000
main	excl_pollute30	0	64	2	28	1.0000	1.0000
main	excl_pollute30	0	64	2	29	1.0000	1.0000
main	excl_pollute30	0	64	2	30	1.0000	1.0000
main	excl_pollute30	0	64	2	31	1.0000	1.0000
main	excl_pollute30	0	64	2	32	1.0000	1.0000
main	excl_pollute30	0	64	2	33	1.0000	1.0000
main	excl_pollute30	0	64	2	34	1.0000	1.0000
main	excl_pollute30	0	64	2	35	1.0000	1.0000
main	excl_pollute30	0	64	2	36	1.0000	1.0000
main	excl_pollute30	0	64	2	37	1.0000	1.0000
main	excl_pollute30	0	64	2	38	1.0000	1.0000
main	excl_pollute30	0	64	2	39	1.0000	1.0000
main	excl_pollute30	0	64	2	40	1.0000	1.0000
main	excl_pollute30	0	64	2	41	1.0000	1.0000
main	excl_pollute30	0	64	2	42	1.0000	1.0000
main	excl_pollute30	0	64	2	43	1.0000	1.0000
main	excl_pollute30	0	64	2	44	1.0000	1.0000
main	excl_pollute30	0	64	2	45	1.0000	1.0000
main	excl_pollute30	0	64	2	46	1.0000	1.0000
main	excl_pollute30	0	64	2	47	1.0000	1.0000
main	excl_pollute30	0	64	2	48	1.0000	1.0000
main	excl_pollute30	0	64	2	49	1.0000	1.0000
main	excl_pollute30	0	64	2	50	1.0000	1.0000
main	excl_pollute30	0	64	2	51	1.0000	1.0000
main	excl_pollute30	0	64	2	52	1.0000	1.0000
main	excl_pollute30	0	64	2	53	1.0000	1.0000
main	excl_pollute30	0	64	2	54	1.0000	1.0000
main	excl_pollute30	0	64	2	55	1.0000	1.0000
main	excl_pollute30	0	64	2	56	1.0000	1.0000
main	excl_pollute30	0	64	2	57	1.0000	1.0000
main	excl_pollute30	0	64	2	58	1.0000	1.0000
main	excl_pollute30	0	64	2	59	1.0000	1.0000
main	excl_pollute30	0	64	2	60	1.0000	1.0000
main	excl_pollute30	1	64	2	1	0.0008	0.0000
main	excl_pollute30	1	64	2	2	0.7624	0.0000
main	excl_pollute30	1	64	2	3	0.7624	0.0000
main	excl_pollute30	1	64	2	4	0.7616	0.0000
main	excl_pollute30	1	64	2	5	0.7616	0.0000
main	excl_pollute30	1	64	2	6	0.7616	0.0000
main	excl_pollute30	1	64	2	7	0.7616	0.0000
main	excl_pollute30	1	64	2	8	0.8444	0.0000
main	excl_pollute30	1	64	2	9	0.8940	0.0000
main	excl_pollute30	1	64	2	10	0.8940	0.0000
main	excl_pollute30	1	64	2	11	0.9023	0.0000
main	excl_pollute30	1	64	2	12	0.9164	0.0000
main	excl_pollute30	1	64	2	13	0.9470	0.0000
main	excl_pollute30	1	64	2	14	0.9470	0.0000
main	excl_pollute30	1	64	2	15	0.9470	0.0000
main	excl_pollute30	1	64	2	16	0.9512	0.0625
main	excl_pollute30	1	64	2	17	0.9677	0.2500
main	excl_pollute30	1	64	2	18	0.9735	0.2500
main	excl_pollute30	1	64	2	19	0.9735	0.2500
main	excl_pollute30	1	64	2	20	0.9735	0.2500
main	excl_pollute30	1	64	2	21	0.9810	0.4688
main	excl_pollute30	1	64	2	22	0.9868	0.5000
main	excl_pollute30	1	64	2	23	0.9868	0.5000
main	excl_pollute30	1	64	2	24	0.9868	0.5000
main	excl_pollute30	1	64	2	25	0.9868	0.5000
main	excl_pollute30	1	64	2	26	0.9868	0.5000
main	excl_pollute30	1	64	2	27	0.9868	0.5000
main	excl_pollute30	1	64	2	28	0.9868	0.5000
main	excl_pollute30	1	64	2	29	0.9868	0.5000
main	excl_pollute30	1	64	2	30	0.9868	0.5000
main	excl_pollute30	1	64	2	31	0.9868	0.5000
main	excl_pollute30	1	64	2	32	0.9868	0.5000
main	excl_pollute30	1	64	2	33	0.9876	0.5312
main	excl_pollute30	1	64	2	34	0.9917	0.6875
main	excl_pollute30	1	64	2	35	1.0000	1.0000
main	excl_pollute30	1	64	2	36	1.0000	1.0000
main	excl_pollute30	1	64	2	37	1.0000	1.0000
main	excl_pollute30	1	64	2	38	1.0000	1.0000
main	excl_pollute30	1	64	2	39	1.0000	1.0000
main	excl_pollute30	1	64	2	40	1.0000	1.0000
main	excl_pollute30	1	64	2	41	1.0000	1.0000
main	excl_pollute30	1	64	2	42	1.0000	1.0000
main	excl_pollute30	1	64	2	43	1.0000	1.0000
main	excl_pollute30	1	64	2	44	1.0000	1.0000
main	excl_pollute30	1	64	2	45	1.0000	1.0000
main	excl_pollute30	1	64	2	46	1.0000	1.0000
main	excl_pollute30	1	64	2	47	1.0000	1.0000
main	excl_pollute30	1	64	2	48	1.0000	1.0000
main	excl_pollute30	1	64	2	49	1.0000	1.0000
main	excl_pollute30	1	64	2	50	1.0000	1.0000
main	excl_pollute30	1	64	2	51	1.0000	1.0000
main	excl_pollute30	1	64	2	52	1.0000	1.0000
main	excl_pollute30	1	64	2	53	1.0000	1.0000
main	excl_pollute30	1	64	2	54	1.0000	1.0000
main	excl_pollute30	1	64	2	55	1.0000	1.0000
main	excl_pollute30	1	64	2	56	1.0000	1.0000
main	excl_pollute30	1	64	2	57	1.0000	1.0000
main	excl_pollute30	1	64	2	58	1.0000	1.0000
main	excl_pollute30	1	64	2	59	1.0000	1.0000
main	excl_pollute30	1	64	2	60	1.0000	1.0000
main	excl_pollute30	2	64	2	1	0.0000	0.0000
main	excl_pollute30	2	64	2	2	0.0000	0.0000
main	excl_pollute30	2	64	2	3	0.7616	0.0000
main	excl_pollute30	2	64	2	4	0.7616	0.0000
main	excl_pollute30	2	64	2	5	0.7947	0.0000
main	excl_pollute30	2	64	2	6	0.8146	0.0000
main	excl_pollute30	2	64	2	7	0.8278	0.0000
main	excl_pollute30	2	64	2	8	0.9073	0.0000
main	excl_pollute30	2	64	2	9	0.9238	0.0000
main	excl_pollute30	2	64	2	10	0.9338	0.0000
main	excl_pollute30	2	64	2	11	0.9603	0.0000
main	excl_pollute30	2	64	2	12	0.9603	0.0000
main	excl_pollute30	2	64	2	13	0.9603	0.0000
main	excl_pollute30	2	64	2	14	0.9603	0.0000
main	excl_pollute30	2	64	2	15	0.9603	0.0000
main	excl_pollute30	2	64	2	16	0.9669	0.2500
main	excl_pollute30	2	64	2	17	0.9710	0.2500
main	excl_pollute30	2	64	2	18	0.9735	0.2500
main	excl_pollute30	2	64	2	19	0.9735	0.2500
main	excl_pollute30	2	64	2	20	0.9735	0.2500
main	excl_pollute30	2	64	2	21	0.9743	0.2500
main	excl_pollute30	2	64	2	22	0.9801	0.3125
main	excl_pollute30	2	64	2	23	0.9868	0.5000
main	excl_pollute30	2	64	2	24	0.9868	0.5000
main	excl_pollute30	2	64	2	25	0.9868	0.5000
main	excl_pollute30	2	64	2	26	0.9884	0.5625
main	excl_pollute30	2	64	2	27	1.0000	1.0000
main	excl_pollute30	2	64	2	28	1.0000	1.0000
main	excl_pollute30	2	64	2	29	1.0000	1.0000
main	excl_pollute30	2	64	2	30	1.0000	1.0000
main	excl_pollute30	2	64	2	31	1.0000	1.0000
main	excl_pollute30	2	64	2	32	1.0000	1.0000
main	excl_pollute30	2	64	2	33	1.0000	1.0000
main	excl_pollute30	2	64	2	34	1.0000	1.0000
main	excl_pollute30	2	64	2	35	1.0000	1.0000
main	excl_pollute30	2	64	2	36	1.0000	1.0000
main	excl_pollute30	2	64	2	37	1.0000	1.0000
main	excl_pollute30	2	64	2	38	1.0000	1.0000
main	excl_pollute30	2	64	2	39	1.0000	1.0000
main	excl_pollute30	2	64	2	40	1.0000	1.0000
main	excl_pollute30	2	64	2	41	1.0000	1.0000
main	excl_pollute30	2	64	2	42	1.0000	1.0000
main	excl_pollute30	2	64	2	43	1.0000	1.0000
main	excl_pollute30	2	64	2	44	1.0000	1.0000
main	excl_pollute30	2	64	2	45	1.0000	1.0000
main	excl_pollute30	2	64	2	46	1.0000	1.0000
main	excl_pollute30	2	64	2	47	1.0000	1.0000
main	excl_pollute30	2	64	2	48	1.0000	1.0000
main	excl_pollute30	2	64	2	49	1.0000	1.0000
main	excl_pollute30	2	64	2	50	1.0000	1.0000
main	excl_pollute30	2	64	2	51	1.0000	1.0000
main	excl_pollute30	2	64	2	52	1.0000	1.0000
main	excl_pollute30	2	64	2	53	1.0000	1.0000
main	excl_pollute30	2	64	2	54	1.0000	1.0000
main	excl_pollute30	2	64	2	55	1.0000	1.0000
main	excl_pollute30	2	64	2	56	1.0000	1.0000
main	excl_pollute30	2	64	2	57	1.0000	1.0000
main	excl_pollute30	2	64	2	58	1.0000	1.0000
main	excl_pollute30	2	64	2	59	1.0000	1.0000
main	excl_pollute30	2	64	2	60	1.0000	1.0000
main	excl_pollute30	3	64	2	1	0.0000	0.0000
main	excl_pollute30	3	64	2	2	0.0000	0.0000
main	excl_pollute30	3	64	2	3	0.8411	0.0000
main	excl_pollute30	3	64	2	4	0.8411	0.0000
main	excl_pollute30	3	64	2	5	0.8543	0.0000
main	excl_pollute30	3	64	2	6	0.8543	0.0000
main	excl_pollute30	3	64	2	7	0.8543	0.0000
main	excl_pollute30	3	64	2	8	0.8543	0.0000
main	excl_pollute30	3	64	2	9	0.8543	0.0000
main	excl_pollute30	3	64	2	10	0.9073	0.0000
main	excl_pollute30	3	64	2	11	0.9603	0.0000
main	excl_pollute30	3	64	2	12	0.9603	0.0000
main	excl_pollute30	3	64	2	13	0.9603	0.0000
main	excl_pollute30	3	64	2	14	0.9603	0.0000
main	excl_pollute30	3	64	2	15	0.9636	0.0625
main	excl_pollute30	3	64	2	16	0.9694	0.2188
main	excl_pollute30	3	64	2	17	0.9719	0.2500
main	excl_pollute30	3	64	2	18	0.9735	0.2500
main	excl_pollute30	3	64	2	19	0.9735	0.2500
main	excl_pollute30	3	64	2	20	0.9735	0.2500
main	excl_pollute30	3	64	2	21	0.9735	0.2500
main	excl_pollute30	3	64	2	22	0.9760	0.3125
main	excl_pollute30	3	64	2	23	0.9843	0.5000
main	excl_pollute30	3	64	2	24	0.9868	0.5000
main	excl_pollute30	3	64	2	25	0.9868	0.5000
main	excl_pollute30	3	64	2	26	0.9868	0.5000
main	excl_pollute30	3	64	2	27	0.9868	0.5000
main	excl_pollute30	3	64	2	28	0.9868	0.5000
main	excl_pollute30	3	64	2	29	0.9868	0.5000
main	excl_pollute30	3	64	2	30	0.9868	0.5000
main	excl_pollute30	3	64	2	31	0.9868	0.5000
main	excl_pollute30	3	64	2	32	0.9868	0.5000
main	excl_pollute30	3	64	2	33	0.9868	0.5000
main	excl_pollute30	3	64	2	34	0.9901	0.6250
main	excl_pollute30	3	64	2	35	0.9959	0.8438
main	excl_pollute30	3	64	2	36	1.0000	1.0000
main	excl_pollute30	3	64	2	37	1.0000	1.0000
main	excl_pollute30	3	64	2	38	1.0000	1.0000
main	excl_pollute30	3	64	2	39	1.0000	1.0000
main	excl_pollute30	3	64	2	40	1.0000	1.0000
main	excl_pollute30	3	64	2	41	1.0000	1.0000
main	excl_pollute30	3	64	2	42	1.0000	1.0000
main	excl_pollute30	3	64	2	43	1.0000	1.0000
main	excl_pollute30	3	64	2	44	1.0000	1.0000
main	excl_pollute30	3	64	2	45	1.0000	1.0000
main	excl_pollute30	3	64	2	46	1.0000	1.0000
main	excl_pollute30	3	64	2	47	1.0000	1.0000
main	excl_pollute30	3	64	2	48	1.0000	1.0000
main	excl_pollute30	3	64	2	49	1.0000	1.0000
main	excl_pollute30	3	64	2	50	1.0000	1.0000
main	excl_pollute30	3	64	2	51	1.0000	1.0000
main	excl_pollute30	3	64	2	52	1.0000	1.0000
main	excl_pollute30	3	64	2	53	1.0000	1.0000
main	excl_pollute30	3	64	2	54	1.0000	1.0000
main	excl_pollute30	3	64	2	55	1.0000	1.0000
main	excl_pollute30	3	64	2	56	1.0000	1.0000
main	excl_pollute30	3	64	2	57	1.0000	1.0000
main	excl_pollute30	3	64	2	58	1.0000	1.0000
main	excl_pollute30	3	64	2	59	1.0000	1.0000
main	excl_pollute30	3	64	2	60	1.0000	1.0000
main	excl_pollute30	4	64	2	1	0.1523	0.0000
main	excl_pollute30	4	64	2	2	0.8411	0.0000
main	excl_pollute30	4	64	2	3	0.8411	0.0000
main	excl_pollute30	4	64	2	4	0.8940	0.0000
main	excl_pollute30	4	64	2	5	0.8940	0.0000
main	excl_pollute30	4	64	2	6	0.8940	0.0000
main	excl_pollute30	4	64	2	7	0.9089	0.0000
main	excl_pollute30	4	64	2	8	0.9288	0.0000
main	excl_pollute30	4	64	2	9	0.9338	0.0000
main	excl_pollute30	4	64	2	10	0.9338	0.0000
main	excl_pollute30	4	64	2	11	0.9338	0.0000
main	excl_pollute30	4	64	2	12	0.9338	0.0000
main	excl_pollute30	4	64	2	13	0.9338	0.0000
main	excl_pollute30	4	64	2	14	0.9338	0.0000
main	excl_pollute30	4	64	2	15	0.9412	0.0000
main	excl_pollute30	4	64	2	16	0.9470	0.0000
main	excl_pollute30	4	64	2	17	0.9503	0.0000
main	excl_pollute30	4	64	2	18	0.9636	0.0000
main	excl_pollute30	4	64	2	19	0.9735	0.0000
main	excl_pollute30	4	64	2	20	0.9735	0.0000
main	excl_pollute30	4	64	2	21	0.9735	0.0000
main	excl_pollute30	4	64	2	22	0.9752	0.0625
main	excl_pollute30	4	64	2	23	0.9843	0.4062
main	excl_pollute30	4	64	2	24	0.9983	0.9375
main	excl_pollute30	4	64	2	25	1.0000	1.0000
main	excl_pollute30	4	64	2	26	1.0000	1.0000
main	excl_pollute30	4	64	2	27	1.0000	1.0000
main	excl_pollute30	4	64	2	28	1.0000	1.0000
main	excl_pollute30	4	64	2	29	1.0000	1.0000
main	excl_pollute30	4	64	2	30	1.0000	1.0000
main	excl_pollute30	4	64	2	31	1.0000	1.0000
main	excl_pollute30	4	64	2	32	1.0000	1.0000
main	excl_pollute30	4	64	2	33	1.0000	1.0000
main	excl_pollute30	4	64	2	34	1.0000	1.0000
main	excl_pollute30	4	64	2	35	1.0000	1.0000
main	excl_pollute30	4	64	2	36	1.0000	1.0000
main	excl_pollute30	4	64	2	37	1.0000	1.0000
main	excl_pollute30	4	64	2	38	1.0000	1.0000
main	excl_pollute30	4	64	2	39	1.0000	1.0000
main	excl_pollute30	4	64	2	40	1.0000	1.0000
main	excl_pollute30	4	64	2	41	1.0000	1.0000
main	excl_pollute30	4	64	2	42	1.0000	1.0000
main	excl_pollute30	4	64	2	43	1.0000	1.0000
main	excl_pollute30	4	64	2	44	1.0000	1.0000
main	excl_pollute30	4	64	2	45	1.0000	1.0000
main	excl_pollute30	4	64	2	46	1.0000	1.0000
main	excl_pollute30	4	64	2	47	1.0000	1.0000
main	excl_pollute30	4	64	2	48	1.0000	1.0000
main	excl_pollute30	4	64	2	49	1.0000	1.0000
main	excl_pollute30	4	64	2	50	1.0000	1.0000
main	excl_pollute30	4	64	2	51	1.0000	1.0000
main	excl_pollute30	4	64	2	52	1.0000	1.0000
main	excl_pollute30	4	64	2	53	1.0000	1.0000
main	excl_pollute30	4	64	2	54	1.0000	1.0000
main	excl_pollute30	4	64	2	55	1.0000	1.0000
main	excl_pollute30	4	64	2	56	1.0000	1.0000
main	excl_pollute30	4	64	2	57	1.0000	1.0000
main	excl_pollute30	4	64	2	58	1.0000	1.0000
main	excl_pollute30	4	64	2	59	1.0000	1.0000
main	excl_pollute30	4	64	2	60	1.0000	1.0000
main	excl_pollute30	5	64	2	1	0.0000	0.0000
main	excl_pollute30	5	64	2	2	0.7616	0.0000
main	excl_pollute30	5	64	2	3	0.8940	0.0000
main	excl_pollute30	5	64	2	4	0.8940	0.0000
main	excl_pollute30	5	64	2	5	0.8940	0.0000
main	excl_pollute30	5	64	2	6	0.8940	0.0000
main	excl_pollute30	5	64	2	7	0.8974	0.0000
main	excl_pollute30	5	64	2	8	0.9603	0.0000
main	excl_pollute30	5	64	2	9	0.9603	0.0000
main	excl_pollute30	5	64	2	10	0.9603	0.0000
main	excl_pollute30	5	64	2	11	0.9603	0.0000
main	excl_pollute30	5	64	2	12	0.9636	0.0625
main	excl_pollute30	5	64	2	13	0.9851	0.5000
main	excl_pollute30	5	64	2	14	0.9868	0.5000
main	excl_pollute30	5	64	2	15	0.9868	0.5000
main	excl_pollute30	5	64	2	16	0.9868	0.5000
main	excl_pollute30	5	64	2	17	0.9868	0.5000
main	excl_pollute30	5	64	2	18	0.9868	0.5000
main	excl_pollute30	5	64	2	19	0.9868	0.5000
main	excl_pollute30	5	64	2	20	0.9868	0.5000
main	excl_pollute30	5	64	2	21	0.9868	0.5000
main	excl_pollute30	5	64	2	22	0.9868	0.5000
main	excl_pollute30	5	64	2	23	0.9917	0.6875
main	excl_pollute30	5	64	2	24	0.9975	0.9062
main	excl_pollute30	5	64	2	25	0.9992	0.9688
main	excl_pollute30	5	64	2	26	1.0000	1.0000
main	excl_pollute30	5	64	2	27	1.0000	1.0000
main	excl_pollute30	5	64	2	28	1.0000	1.0000
main	excl_pollute30	5	64	2	29	1.0000	1.0000
main	excl_pollute30	5	64	2	30	1.0000	1.0000
main	excl_pollute30	5	64	2	31	1.0000	1.0000
main	excl_pollute30	5	64	2	32	1.0000	1.0000
main	excl_pollute30	5	64	2	33	1.0000	1.0000
main	excl_pollute30	5	64	2	34	1.0000	1.0000
main	excl_pollute30	5	64	2	35	1.0000	1.0000
main	excl_pollute30	5	64	2	36	1.0000	1.0000
main	excl_pollute30	5	64	2	37	1.0000	1.0000
main	excl_pollute30	5	64	2	38	1.0000	1.0000
main	excl_pollute30	5	64	2	39	1.0000	1.0000
main	excl_pollute30	5	64	2	40	1.0000	1.0000
main	excl_pollute30	5	64	2	41	1.0000	1.0000
main	excl_pollute30	5	64	2	42	1.0000	1.0000
main	excl_pollute30	5	64	2	43	1.0000	1.0000
main	excl_pollute30	5	64	2	44	1.0000	1.0000
main	excl_pollute30	5	64	2	45	1.0000	1.0000
main	excl_pollute30	5	64	2	46	1.0000	1.0000
main	excl_pollute30	5	64	2	47	1.0000	1.0000
main	excl_pollute30	5	64	2	48	1.0000	1.0000
main	excl_pollute30	5	64	2	49	1.0000	1.0000
main	excl_pollute30	5	64	2	50	1.0000	1.0000
main	excl_pollute30	5	64	2	51	1.0000	1.0000
main	excl_pollute30	5	64	2	52	1.0000	1.0000
main	excl_pollute30	5	64	2	53	1.0000	1.0000
main	excl_pollute30	5	64	2	54	1.0000	1.0000
main	excl_pollute30	5	64	2	55	1.0000	1.0000
main	excl_pollute30	5	64	2	56	1.0000	1.0000
main	excl_pollute30	5	64	2	57	1.0000	1.0000
main	excl_pollute30	5	64	2	58	1.0000	1.0000
main	excl_pollute30	5	64	2	59	1.0000	1.0000
main	excl_pollute30	5	64	2	60	1.0000	1.0000
main	excl_pollute30	6	64	2	1	0.7616	0.0000
main	excl_pollute30	6	64	2	2	0.7616	0.0000
main	excl_pollute30	6	64	2	3	0.7616	0.0000
main	excl_pollute30	6	64	2	4	0.7616	0.0000
main	excl_pollute30	6	64	2	5	0.7732	0.0000
main	excl_pollute30	6	64	2	6	0.7748	0.0000
main	excl_pollute30	6	64	2	7	0.7748	0.0000
main	excl_pollute30	6	64	2	8	0.7748	0.0000
main	excl_pollute30	6	64	2	9	0.7748	0.0000
main	excl_pollute30	6	64	2	10	0.7748	0.0000
main	excl_pollute30	6	64	2	11	0.7748	0.0000
main	excl_pollute30	6	64	2	12	0.8030	0.0000
main	excl_pollute30	6	64	2	13	0.8593	0.0000
main	excl_pollute30	6	64	2	14	0.9247	0.0000
main	excl_pollute30	6	64	2	15	0.9470	0.0000
main	excl_pollute30	6	64	2	16	0.9470	0.0000
main	excl_pollute30	6	64	2	17	0.9470	0.0000
main	excl_pollute30	6	64	2	18	0.9470	0.0000
main	excl_pollute30	6	64	2	19	0.9512	0.0625
main	excl_pollute30	6	64	2	20	0.9545	0.1250
main	excl_pollute30	6	64	2	21	0.9636	0.2500
main	excl_pollute30	6	64	2	22	0.9677	0.2500
main	excl_pollute30	6	64	2	23	0.9719	0.2500
main	excl_pollute30	6	64	2	24	0.9735	0.2500
main	excl_pollute30	6	64	2	25	0.9735	0.2500
main	excl_pollute30	6	64	2	26	0.9752	0.3125
main	excl_pollute30	6	64	2	27	0.9818	0.5000
main	excl_pollute30	6	64	2	28	0.9868	0.5000
main	excl_pollute30	6	64	2	29	0.9868	0.5000
main	excl_pollute30	6	64	2	30	0.9868	0.5000
main	excl_pollute30	6	64	2	31	0.9868	0.5000
main	excl_pollute30	6	64	2	32	0.9868	0.5000
main	excl_pollute30	6	64	2	33	0.9868	0.5000
main	excl_pollute30	6	64	2	34	0.9868	0.5000
main	excl_pollute30	6	64	2	35	0.9868	0.5000
main	excl_pollute30	6	64	2	36	0.9868	0.5000
main	excl_pollute30	6	64	2	37	0.9868	0.5000
main	excl_pollute30	6	64	2	38	0.9901	0.6250
main	excl_pollute30	6	64	2	39	0.9901	0.6250
main	excl_pollute30	6	64	2	40	0.9959	0.8438
main	excl_pollute30	6	64	2	41	1.0000	1.0000
main	excl_pollute30	6	64	2	42	1.0000	1.0000
main	excl_pollute30	6	64	2	43	1.0000	1.0000
main	excl_pollute30	6	64	2	44	1.0000	1.0000
main	excl_pollute30	6	64	2	45	1.0000	1.0000
main	excl_pollute30	6	64	2	46	1.0000	1.0000
main	excl_pollute30	6	64	2	47	1.0000	1.0000
main	excl_pollute30	6	64	2	48	1.0000	1.0000
main	excl_pollute30	6	64	2	49	1.0000	1.0000
main	excl_pollute30	6	64	2	50	1.0000	1.0000
main	excl_pollute30	6	64	2	51	1.0000	1.0000
main	excl_pollute30	6	64	2	52	1.0000	1.0000
main	excl_pollute30	6	64	2	53	1.0000	1.0000
main	excl_pollute30	6	64	2	54	1.0000	1.0000
main	excl_pollute30	6	64	2	55	1.0000	1.0000
main	excl_pollute30	6	64	2	56	1.0000	1.0000
main	excl_pollute30	6	64	2	57	1.0000	1.0000
main	excl_pollute30	6	64	2	58	1.0000	1.0000
main	excl_pollute30	6	64	2	59	1.0000	1.0000
main	excl_pollute30	6	64	2	60	1.0000	1.0000
main	excl_pollute30	7	64	2	1	0.0000	0.0000
main	excl_pollute30	7	64	2	2	0.7616	0.0000
main	excl_pollute30	7	64	2	3	0.7616	0.0000
main	excl_pollute30	7	64	2	4	0.7616	0.0000
main	excl_pollute30	7	64	2	5	0.7616	0.0000
main	excl_pollute30	7	64	2	6	0.7616	0.0000
main	excl_pollute30	7	64	2	7	0.7616	0.0000
main	excl_pollute30	7	64	2	8	0.8411	0.0000
main	excl_pollute30	7	64	2	9	0.8411	0.0000
main	excl_pollute30	7	64	2	10	0.8411	0.0000
main	excl_pollute30	7	64	2	11	0.8675	0.0000
main	excl_pollute30	7	64	2	12	0.9040	0.0000
main	excl_pollute30	7	64	2	13	0.9205	0.0000
main	excl_pollute30	7	64	2	14	0.9255	0.0000
main	excl_pollute30	7	64	2	15	0.9503	0.0625
main	excl_pollute30	7	64	2	16	0.9735	0.2500
main	excl_pollute30	7	64	2	17	0.9735	0.2500
main	excl_pollute30	7	64	2	18	0.9735	0.2500
main	excl_pollute30	7	64	2	19	0.9735	0.2500
main	excl_pollute30	7	64	2	20	0.9735	0.2500
main	excl_pollute30	7	64	2	21	0.9868	0.5000
main	excl_pollute30	7	64	2	22	0.9950	0.8125
main	excl_pollute30	7	64	2	23	1.0000	1.0000
main	excl_pollute30	7	64	2	24	1.0000	1.0000
main	excl_pollute30	7	64	2	25	1.0000	1.0000
main	excl_pollute30	7	64	2	26	1.0000	1.0000
main	excl_pollute30	7	64	2	27	1.0000	1.0000
main	excl_pollute30	7	64	2	28	1.0000	1.0000
main	excl_pollute30	7	64	2	29	1.0000	1.0000
main	excl_pollute30	7	64	2	30	1.0000	1.0000
main	excl_pollute30	7	64	2	31	1.0000	1.0000
main	excl_pollute30	7	64	2	32	1.0000	1.0000
main	excl_pollute30	7	64	2	33	1.0000	1.0000
main	excl_pollute30	7	64	2	34	1.0000	1.0000
main	excl_pollute30	7	64	2	35	1.0000	1.0000
main	excl_pollute30	7	64	2	36	1.0000	1.0000
main	excl_pollute30	7	64	2	37	1.0000	1.0000
main	excl_pollute30	7	64	2	38	1.0000	1.0000
main	excl_pollute30	7	64	2	39	1.0000	1.0000
main	excl_pollute30	7	64	2	40	1.0000	1.0000
main	excl_pollute30	7	64	2	41	1.0000	1.0000
main	excl_pollute30	7	64	2	42	1.0000	1.0000
main	excl_pollute30	7	64	2	43	1.0000	1.0000
main	excl_pollute30	7	64	2	44	1.0000	1.0000
main	excl_pollute30	7	64	2	45	1.0000	1.0000
main	excl_pollute30	7	64	2	46	1.0000	1.0000
main	excl_pollute30	7	64	2	47	1.0000	1.0000
main	excl_pollute30	7	64	2	48	1.0000	1.0000
main	excl_pollute30	7	64	2	49	1.0000	1.0000
main	excl_pollute30	7	64	2	50	1.0000	1.0000
main	excl_pollute30	7	64	2	51	1.0000	1.0000
main	excl_pollute30	7	64	2	52	1.0000	1.0000
main	excl_pollute30	7	64	2	53	1.0000	1.0000
main	excl_pollute30	7	64	2	54	1.0000	1.0000
main	excl_pollute30	7	64	2	55	1.0000	1.0000
main	excl_pollute30	7	64	2	56	1.0000	1.0000
main	excl_pollute30	7	64	2	57	1.0000	1.0000
main	excl_pollute30	7	64	2	58	1.0000	1.0000
main	excl_pollute30	7	64	2	59	1.0000	1.0000
main	excl_pollute30	7	64	2	60	1.0000	1.0000
main	excl_pollute30	8	64	2	1	0.0000	0.0000
main	excl_pollute30	8	64	2	2	0.0000	0.0000
main	excl_pollute30	8	64	2	3	0.7616	0.0000
main	excl_pollute30	8	64	2	4	0.7732	0.0000
main	excl_pollute30	8	64	2	5	0.8146	0.0000
main	excl_pollute30	8	64	2	6	0.8146	0.0000
main	excl_pollute30	8	64	2	7	0.8146	0.0000
main	excl_pollute30	8	64	2	8	0.8609	0.0000
main	excl_pollute30	8	64	2	9	0.9263	0.0000
main	excl_pollute30	8	64	2	10	0.9470	0.0000
main	excl_pollute30	8	64	2	11	0.9470	0.0000
main	excl_pollute30	8	64	2	12	0.9470	0.0000
main	excl_pollute30	8	64	2	13	0.9470	0.0000
main	excl_pollute30	8	64	2	14	0.9603	0.0000
main	excl_pollute30	8	64	2	15	0.9603	0.0000
main	excl_pollute30	8	64	2	16	0.9603	0.0000
main	excl_pollute30	8	64	2	17	0.9603	0.0000
main	excl_pollute30	8	64	2	18	0.9619	0.0000
main	excl_pollute30	8	64	2	19	0.9685	0.0000
main	excl_pollute30	8	64	2	20	0.9719	0.0000
main	excl_pollute30	8	64	2	21	0.9735	0.0000
main	excl_pollute30	8	64	2	22	0.9735	0.0000
main	excl_pollute30	8	64	2	23	0.9735	0.0000
main	excl_pollute30	8	64	2	24	0.9868	0.5000
main	excl_pollute30	8	64	2	25	0.9868	0.5000
main	excl_pollute30	8	64	2	26	0.9901	0.6250
main	excl_pollute30	8	64	2	27	0.9983	0.9375
main	excl_pollute30	8	64	2	28	1.0000	1.0000
main	excl_pollute30	8	64	2	29	1.0000	1.0000
main	excl_pollute30	8	64	2	30	1.0000	1.0000
main	excl_pollute30	8	64	2	31	1.0000	1.0000
main	excl_pollute30	8	64	2	32	1.0000	1.0000
main	excl_pollute30	8	64	2	33	1.0000	1.0000
main	excl_pollute30	8	64	2	34	1.0000	1.0000
main	excl_pollute30	8	64	2	35	1.0000	1.0000
main	excl_pollute30	8	64	2	36	1.0000	1.0000
main	excl_pollute30	8	64	2	37	1.0000	1.0000
main	excl_pollute30	8	64	2	38	1.0000	1.0000
main	excl_pollute30	8	64	2	39	1.0000	1.0000
main	excl_pollute30	8	64	2	40	1.0000	1.0000
main	excl_pollute30	8	64	2	41	1.0000	1.0000
main	excl_pollute30	8	64	2	42	1.0000	1.0000
main	excl_pollute30	8	64	2	43	1.0000	1.0000
main	excl_pollute30	8	64	2	44	1.0000	1.0000
main	excl_pollute30	8	64	2	45	1.0000	1.0000
main	excl_pollute30	8	64	2	46	1.0000	1.0000
main	excl_pollute30	8	64	2	47	1.0000	1.0000
main	excl_pollute30	8	64	2	48	1.0000	1.0000
main	excl_pollute30	8	64	2	49	1.0000	1.0000
main	excl_pollute30	8	64	2	50	1.0000	1.0000
main	excl_pollute30	8	64	2	51	1.0000	1.0000
main	excl_pollute30	8	64	2	52	1.0000	1.0000
main	excl_pollute30	8	64	2	53	1.0000	1.0000
main	excl_pollute30	8	64	2	54	1.0000	1.0000
main	excl_pollute30	8	64	2	55	1.0000	1.0000
main	excl_pollute30	8	64	2	56	1.0000	1.0000
main	excl_pollute30	8	64	2	57	1.0000	1.0000
main	excl_pollute30	8	64	2	58	1.0000	1.0000
main	excl_pollute30	8	64	2	59	1.0000	1.0000
main	excl_pollute30	8	64	2	60	1.0000	1.0000
main	excl_pollute30	9	64	2	1	0.0000	0.0000
main	excl_pollute30	9	64	2	2	0.7616	0.0000
main	excl_pollute30	9	64	2	3	0.7757	0.0000
main	excl_pollute30	9	64	2	4	0.7881	0.0000
main	excl_pollute30	9	64	2	5	0.7881	0.0000
main	excl_pollute30	9	64	2	6	0.7806	0.0000
main	excl_pollute30	9	64	2	7	0.8030	0.0000
main	excl_pollute30	9	64	2	8	0.8874	0.0000
main	excl_pollute30	9	64	2	9	0.9437	0.0000
main	excl_pollute30	9	64	2	10	0.9470	0.0000
main	excl_pollute30	9	64	2	11	0.9470	0.0000
main	excl_pollute30	9	64	2	12	0.9503	0.0000
main	excl_pollute30	9	64	2	13	0.9603	0.0000
main	excl_pollute30	9	64	2	14	0.9603	0.0000
main	excl_pollute30	9	64	2	15	0.9603	0.0000
main	excl_pollute30	9	64	2	16	0.9636	0.0625
main	excl_pollute30	9	64	2	17	0.9768	0.3125
main	excl_pollute30	9	64	2	18	0.9868	0.5000
main	excl_pollute30	9	64	2	19	0.9868	0.5000
main	excl_pollute30	9	64	2	20	0.9868	0.5000
main	excl_pollute30	9	64	2	21	0.9884	0.5625
main	excl_pollute30	9	64	2	22	0.9950	0.8125
main	excl_pollute30	9	64	2	23	0.9967	0.8750
main	excl_pollute30	9	64	2	24	1.0000	1.0000
main	excl_pollute30	9	64	2	25	1.0000	1.0000
main	excl_pollute30	9	64	2	26	1.0000	1.0000
main	excl_pollute30	9	64	2	27	1.0000	1.0000
main	excl_pollute30	9	64	2	28	1.0000	1.0000
main	excl_pollute30	9	64	2	29	1.0000	1.0000
main	excl_pollute30	9	64	2	30	1.0000	1.0000
main	excl_pollute30	9	64	2	31	1.0000	1.0000
main	excl_pollute30	9	64	2	32	1.0000	1.0000
main	excl_pollute30	9	64	2	33	1.0000	1.0000
main	excl_pollute30	9	64	2	34	1.0000	1.0000
main	excl_pollute30	9	64	2	35	1.0000	1.0000
main	excl_pollute30	9	64	2	36	1.0000	1.0000
main	excl_pollute30	9	64	2	37	1.0000	1.0000
main	excl_pollute30	9	64	2	38	1.0000	1.0000
main	excl_pollute30	9	64	2	39	1.0000	1.0000
main	excl_pollute30	9	64	2	40	1.0000	1.0000
main	excl_pollute30	9	64	2	41	1.0000	1.0000
main	excl_pollute30	9	64	2	42	1.0000	1.0000
main	excl_pollute30	9	64	2	43	1.0000	1.0000
main	excl_pollute30	9	64	2	44	1.0000	1.0000
main	excl_pollute30	9	64	2	45	1.0000	1.0000
main	excl_pollute30	9	64	2	46	1.0000	1.0000
main	excl_pollute30	9	64	2	47	1.0000	1.0000
main	excl_pollute30	9	64	2	48	1.0000	1.0000
main	excl_pollute30	9	64	2	49	1.0000	1.0000
main	excl_pollute30	9	64	2	50	1.0000	1.0000
main	excl_pollute30	9	64	2	51	1.0000	1.0000
main	excl_pollute30	9	64	2	52	1.0000	1.0000
main	excl_pollute30	9	64	2	53	1.0000	1.0000
main	excl_pollute30	9	64	2	54	1.0000	1.0000
main	excl_pollute30	9	64	2	55	1.0000	1.0000
main	excl_pollute30	9	64	2	56	1.0000	1.0000
main	excl_pollute30	9	64	2	57	1.0000	1.0000
main	excl_pollute30	9	64	2	58	1.0000	1.0000
main	excl_pollute30	9	64	2	59	1.0000	1.0000
main	excl_pollute30	9	64	2	60	1.0000	1.0000
main	canc_1side	0	64	2	1	0.0000	0.0000
main	canc_1side	0	64	2	2	0.0000	0.0000
main	canc_1side	0	64	2	3	0.0795	0.0000
main	canc_1side	0	64	2	4	0.0795	0.0000
main	canc_1side	0	64	2	5	0.0795	0.0000
main	canc_1side	0	64	2	6	0.0795	0.0000
main	canc_1side	0	64	2	7	0.0795	0.0000
main	canc_1side	0	64	2	8	0.0828	0.0000
main	canc_1side	0	64	2	9	0.1606	0.0000
main	canc_1side	0	64	2	10	0.1854	0.0000
main	canc_1side	0	64	2	11	0.1887	0.0000
main	canc_1side	0	64	2	12	0.2119	0.0000
main	canc_1side	0	64	2	13	0.2194	0.0000
main	canc_1side	0	64	2	14	0.2318	0.0000
main	canc_1side	0	64	2	15	0.2384	0.0000
main	canc_1side	0	64	2	16	0.2384	0.0000
main	canc_1side	0	64	2	17	0.2649	0.0625
main	canc_1side	0	64	2	18	1.0000	1.0000
main	canc_1side	0	64	2	19	1.0000	1.0000
main	canc_1side	0	64	2	20	1.0000	1.0000
main	canc_1side	0	64	2	21	1.0000	1.0000
main	canc_1side	0	64	2	22	1.0000	1.0000
main	canc_1side	0	64	2	23	1.0000	1.0000
main	canc_1side	0	64	2	24	1.0000	1.0000
main	canc_1side	0	64	2	25	1.0000	1.0000
main	canc_1side	0	64	2	26	1.0000	1.0000
main	canc_1side	0	64	2	27	1.0000	1.0000
main	canc_1side	0	64	2	28	1.0000	1.0000
main	canc_1side	0	64	2	29	1.0000	1.0000
main	canc_1side	0	64	2	30	1.0000	1.0000
main	canc_1side	0	64	2	31	1.0000	1.0000
main	canc_1side	0	64	2	32	1.0000	1.0000
main	canc_1side	0	64	2	33	1.0000	1.0000
main	canc_1side	0	64	2	34	1.0000	1.0000
main	canc_1side	0	64	2	35	1.0000	1.0000
main	canc_1side	0	64	2	36	1.0000	1.0000
main	canc_1side	0	64	2	37	1.0000	1.0000
main	canc_1side	0	64	2	38	1.0000	1.0000
main	canc_1side	0	64	2	39	1.0000	1.0000
main	canc_1side	0	64	2	40	1.0000	1.0000
main	canc_1side	0	64	2	41	1.0000	1.0000
main	canc_1side	0	64	2	42	1.0000	1.0000
main	canc_1side	0	64	2	43	1.0000	1.0000
main	canc_1side	0	64	2	44	1.0000	1.0000
main	canc_1side	0	64	2	45	1.0000	1.0000
main	canc_1side	0	64	2	46	1.0000	1.0000
main	canc_1side	0	64	2	47	1.0000	1.0000
main	canc_1side	0	64	2	48	1.0000	1.0000
main	canc_1side	0	64	2	49	1.0000	1.0000
main	canc_1side	0	64	2	50	1.0000	1.0000
main	canc_1side	0	64	2	51	1.0000	1.0000
main	canc_1side	0	64	2	52	1.0000	1.0000
main	canc_1side	0	64	2	53	1.0000	1.0000
main	canc_1side	0	64	2	54	1.0000	1.0000
main	canc_1side	0	64	2	55	1.0000	1.0000
main	canc_1side	0	64	2	56	1.0000	1.0000
main	canc_1side	0	64	2	57	1.0000	1.0000
main	canc_1side	0	64	2	58	1.0000	1.0000
main	canc_1side	0	64	2	59	1.0000	1.0000
main	canc_1side	0	64	2	60	1.0000	1.0000
main	canc_1side	1	64	2	1	0.0000	0.0000
main	canc_1side	1	64	2	2	0.0000	0.0000
main	canc_1side	1	64	2	3	0.0000	0.0000
main	canc_1side	1	64	2	4	0.0207	0.0000
main	canc_1side	1	64	2	5	0.0132	0.0000
main	canc_1side	1	64	2	6	0.1457	0.0000
main	canc_1side	1	64	2	7	0.1656	0.0000
main	canc_1side	1	64	2	8	0.1854	0.0000
main	canc_1side	1	64	2	9	0.1854	0.0000
main	canc_1side	1	64	2	10	0.1854	0.0000
main	canc_1side	1	64	2	11	0.1854	0.0000
main	canc_1side	1	64	2	12	0.1896	0.0000
main	canc_1side	1	64	2	13	0.2061	0.0000
main	canc_1side	1	64	2	14	0.2401	0.0000
main	canc_1side	1	64	2	15	0.5993	0.2500
main	canc_1side	1	64	2	16	0.9851	0.5000
main	canc_1side	1	64	2	17	0.9868	0.5000
main	canc_1side	1	64	2	18	0.9868	0.5000
main	canc_1side	1	64	2	19	0.9868	0.5000
main	canc_1side	1	64	2	20	0.9868	0.5000
main	canc_1side	1	64	2	21	0.9868	0.5000
main	canc_1side	1	64	2	22	0.9868	0.5000
main	canc_1side	1	64	2	23	0.9868	0.5000
main	canc_1side	1	64	2	24	0.9884	0.5625
main	canc_1side	1	64	2	25	0.9901	0.6250
main	canc_1side	1	64	2	26	0.9967	0.8750
main	canc_1side	1	64	2	27	1.0000	1.0000
main	canc_1side	1	64	2	28	1.0000	1.0000
main	canc_1side	1	64	2	29	1.0000	1.0000
main	canc_1side	1	64	2	30	1.0000	1.0000
main	canc_1side	1	64	2	31	1.0000	1.0000
main	canc_1side	1	64	2	32	1.0000	1.0000
main	canc_1side	1	64	2	33	1.0000	1.0000
main	canc_1side	1	64	2	34	1.0000	1.0000
main	canc_1side	1	64	2	35	1.0000	1.0000
main	canc_1side	1	64	2	36	1.0000	1.0000
main	canc_1side	1	64	2	37	1.0000	1.0000
main	canc_1side	1	64	2	38	1.0000	1.0000
main	canc_1side	1	64	2	39	1.0000	1.0000
main	canc_1side	1	64	2	40	1.0000	1.0000
main	canc_1side	1	64	2	41	1.0000	1.0000
main	canc_1side	1	64	2	42	1.0000	1.0000
main	canc_1side	1	64	2	43	1.0000	1.0000
main	canc_1side	1	64	2	44	1.0000	1.0000
main	canc_1side	1	64	2	45	1.0000	1.0000
main	canc_1side	1	64	2	46	1.0000	1.0000
main	canc_1side	1	64	2	47	1.0000	1.0000
main	canc_1side	1	64	2	48	1.0000	1.0000
main	canc_1side	1	64	2	49	1.0000	1.0000
main	canc_1side	1	64	2	50	1.0000	1.0000
main	canc_1side	1	64	2	51	1.0000	1.0000
main	canc_1side	1	64	2	52	1.0000	1.0000
main	canc_1side	1	64	2	53	1.0000	1.0000
main	canc_1side	1	64	2	54	1.0000	1.0000
main	canc_1side	1	64	2	55	1.0000	1.0000
main	canc_1side	1	64	2	56	1.0000	1.0000
main	canc_1side	1	64	2	57	1.0000	1.0000
main	canc_1side	1	64	2	58	1.0000	1.0000
main	canc_1side	1	64	2	59	1.0000	1.0000
main	canc_1side	1	64	2	60	1.0000	1.0000
main	canc_1side	2	64	2	1	0.0000	0.0000
main	canc_1side	2	64	2	2	0.0000	0.0000
main	canc_1side	2	64	2	3	0.0000	0.0000
main	canc_1side	2	64	2	4	0.0530	0.0000
main	canc_1side	2	64	2	5	0.0530	0.0000
main	canc_1side	2	64	2	6	0.0596	0.0000
main	canc_1side	2	64	2	7	0.1457	0.0000
main	canc_1side	2	64	2	8	0.1722	0.0000
main	canc_1side	2	64	2	9	0.1987	0.0000
main	canc_1side	2	64	2	10	0.1987	0.0000
main	canc_1side	2	64	2	11	0.2119	0.0000
main	canc_1side	2	64	2	12	0.2235	0.0000
main	canc_1side	2	64	2	13	0.2252	0.0000
main	canc_1side	2	64	2	14	0.2252	0.0000
main	canc_1side	2	64	2	15	0.2252	0.0000
main	canc_1side	2	64	2	16	0.2252	0.0000
main	canc_1side	2	64	2	17	0.2252	0.0000
main	canc_1side	2	64	2	18	0.2252	0.0000
main	canc_1side	2	64	2	19	0.2252	0.0000
main	canc_1side	2	64	2	20	0.2252	0.0000
main	canc_1side	2	64	2	21	0.2252	0.0000
main	canc_1side	2	64	2	22	0.2252	0.0000
main	canc_1side	2	64	2	23	0.2252	0.0000
main	canc_1side	2	64	2	24	0.2252	0.0000
main	canc_1side	2	64	2	25	0.2252	0.0000
main	canc_1side	2	64	2	26	0.3750	0.1875
main	canc_1side	2	64	2	27	0.9868	0.5000
main	canc_1side	2	64	2	28	0.9868	0.5000
main	canc_1side	2	64	2	29	0.9868	0.5000
main	canc_1side	2	64	2	30	0.9868	0.5000
main	canc_1side	2	64	2	31	0.9868	0.5000
main	canc_1side	2	64	2	32	0.9901	0.6250
main	canc_1side	2	64	2	33	0.9959	0.8438
main	canc_1side	2	64	2	34	1.0000	1.0000
main	canc_1side	2	64	2	35	1.0000	1.0000
main	canc_1side	2	64	2	36	1.0000	1.0000
main	canc_1side	2	64	2	37	1.0000	1.0000
main	canc_1side	2	64	2	38	1.0000	1.0000
main	canc_1side	2	64	2	39	1.0000	1.0000
main	canc_1side	2	64	2	40	1.0000	1.0000
main	canc_1side	2	64	2	41	1.0000	1.0000
main	canc_1side	2	64	2	42	1.0000	1.0000
main	canc_1side	2	64	2	43	1.0000	1.0000
main	canc_1side	2	64	2	44	1.0000	1.0000
main	canc_1side	2	64	2	45	1.0000	1.0000
main	canc_1side	2	64	2	46	1.0000	1.0000
main	canc_1side	2	64	2	47	1.0000	1.0000
main	canc_1side	2	64	2	48	1.0000	1.0000
main	canc_1side	2	64	2	49	1.0000	1.0000
main	canc_1side	2	64	2	50	1.0000	1.0000
main	canc_1side	2	64	2	51	1.0000	1.0000
main	canc_1side	2	64	2	52	1.0000	1.0000
main	canc_1side	2	64	2	53	1.0000	1.0000
main	canc_1side	2	64	2	54	1.0000	1.0000
main	canc_1side	2	64	2	55	1.0000	1.0000
main	canc_1side	2	64	2	56	1.0000	1.0000
main	canc_1side	2	64	2	57	1.0000	1.0000
main	canc_1side	2	64	2	58	1.0000	1.0000
main	canc_1side	2	64	2	59	1.0000	1.0000
main	canc_1side	2	64	2	60	1.0000	1.0000
main	canc_1side	3	64	2	1	0.0000	0.0000
main	canc_1side	3	64	2	2	0.0000	0.0000
main	canc_1side	3	64	2	3	0.0795	0.0000
main	canc_1side	3	64	2	4	0.0811	0.0000
main	canc_1side	3	64	2	5	0.1457	0.0000
main	canc_1side	3	64	2	6	0.1457	0.0000
main	canc_1side	3	64	2	7	0.1639	0.0000
main	canc_1side	3	64	2	8	0.1722	0.0000
main	canc_1side	3	64	2	9	0.1722	0.0000
main	canc_1side	3	64	2	10	0.1722	0.0000
main	canc_1side	3	64	2	11	0.1854	0.0000
main	canc_1side	3	64	2	12	0.2070	0.0000
main	canc_1side	3	64	2	13	0.2119	0.0000
main	canc_1side	3	64	2	14	0.2119	0.0000
main	canc_1side	3	64	2	15	0.2119	0.0000
main	canc_1side	3	64	2	16	0.2127	0.0000
main	canc_1side	3	64	2	17	0.2252	0.0000
main	canc_1side	3	64	2	18	0.2252	0.0000
main	canc_1side	3	64	2	19	0.2252	0.0000
main	canc_1side	3	64	2	20	0.2252	0.0000
main	canc_1side	3	64	2	21	0.2252	0.0000
main	canc_1side	3	64	2	22	0.2384	0.0000
main	canc_1side	3	64	2	23	0.2384	0.0000
main	canc_1side	3	64	2	24	0.2384	0.0000
main	canc_1side	3	64	2	25	0.2384	0.0000
main	canc_1side	3	64	2	26	0.2384	0.0000
main	canc_1side	3	64	2	27	0.2384	0.0000
main	canc_1side	3	64	2	28	0.2384	0.0000
main	canc_1side	3	64	2	29	0.2384	0.0000
main	canc_1side	3	64	2	30	0.2384	0.0000
main	canc_1side	3	64	2	31	0.2384	0.0000
main	canc_1side	3	64	2	32	1.0000	1.0000
main	canc_1side	3	64	2	33	1.0000	1.0000
main	canc_1side	3	64	2	34	1.0000	1.0000
main	canc_1side	3	64	2	35	1.0000	1.0000
main	canc_1side	3	64	2	36	1.0000	1.0000
main	canc_1side	3	64	2	37	1.0000	1.0000
main	canc_1side	3	64	2	38	1.0000	1.0000
main	canc_1side	3	64	2	39	1.0000	1.0000
main	canc_1side	3	64	2	40	1.0000	1.0000
main	canc_1side	3	64	2	41	1.0000	1.0000
main	canc_1side	3	64	2	42	1.0000	1.0000
main	canc_1side	3	64	2	43	1.0000	1.0000
main	canc_1side	3	64	2	44	1.0000	1.0000
main	canc_1side	3	64	2	45	1.0000	1.0000
main	canc_1side	3	64	2	46	1.0000	1.0000
main	canc_1side	3	64	2	47	1.0000	1.0000
main	canc_1side	3	64	2	48	1.0000	1.0000
main	canc_1side	3	64	2	49	1.0000	1.0000
main	canc_1side	3	64	2	50	1.0000	1.0000
main	canc_1side	3	64	2	51	1.0000	1.0000
main	canc_1side	3	64	2	52	1.0000	1.0000
main	canc_1side	3	64	2	53	1.0000	1.0000
main	canc_1side	3	64	2	54	1.0000	1.0000
main	canc_1side	3	64	2	55	1.0000	1.0000
main	canc_1side	3	64	2	56	1.0000	1.0000
main	canc_1side	3	64	2	57	1.0000	1.0000
main	canc_1side	3	64	2	58	1.0000	1.0000
main	canc_1side	3	64	2	59	1.0000	1.0000
main	canc_1side	3	64	2	60	1.0000	1.0000
main	canc_1side	4	64	2	1	0.0000	0.0000
main	canc_1side	4	64	2	2	0.0795	0.0000
main	canc_1side	4	64	2	3	0.0795	0.0000
main	canc_1side	4	64	2	4	0.0927	0.0000
main	canc_1side	4	64	2	5	0.1589	0.0000
main	canc_1side	4	64	2	6	0.1722	0.0000
main	canc_1side	4	64	2	7	0.1722	0.0000
main	canc_1side	4	64	2	8	0.1722	0.0000
main	canc_1side	4	64	2	9	0.1722	0.0000
main	canc_1side	4	64	2	10	0.1722	0.0000
main	canc_1side	4	64	2	11	0.1722	0.0000
main	canc_1side	4	64	2	12	0.1854	0.0000
main	canc_1side	4	64	2	13	0.1854	0.0000
main	canc_1side	4	64	2	14	0.2310	0.0000
main	canc_1side	4	64	2	15	0.9702	0.0000
main	canc_1side	4	64	2	16	0.9868	0.5000
main	canc_1side	4	64	2	17	0.9868	0.5000
main	canc_1side	4	64	2	18	0.9868	0.5000
main	canc_1side	4	64	2	19	0.9868	0.5000
main	canc_1side	4	64	2	20	0.9884	0.5625
main	canc_1side	4	64	2	21	0.9917	0.6875
main	canc_1side	4	64	2	22	1.0000	1.0000
main	canc_1side	4	64	2	23	1.0000	1.0000
main	canc_1side	4	64	2	24	1.0000	1.0000
main	canc_1side	4	64	2	25	1.0000	1.0000
main	canc_1side	4	64	2	26	1.0000	1.0000
main	canc_1side	4	64	2	27	1.0000	1.0000
main	canc_1side	4	64	2	28	1.0000	1.0000
main	canc_1side	4	64	2	29	1.0000	1.0000
main	canc_1side	4	64	2	30	1.0000	1.0000
main	canc_1side	4	64	2	31	1.0000	1.0000
main	canc_1side	4	64	2	32	1.0000	1.0000
main	canc_1side	4	64	2	33	1.0000	1.0000
main	canc_1side	4	64	2	34	1.0000	1.0000
main	canc_1side	4	64	2	35	1.0000	1.0000
main	canc_1side	4	64	2	36	1.0000	1.0000
main	canc_1side	4	64	2	37	1.0000	1.0000
main	canc_1side	4	64	2	38	1.0000	1.0000
main	canc_1side	4	64	2	39	1.0000	1.0000
main	canc_1side	4	64	2	40	1.0000	1.0000
main	canc_1side	4	64	2	41	1.0000	1.0000
main	canc_1side	4	64	2	42	1.0000	1.0000
main	canc_1side	4	64	2	43	1.0000	1.0000
main	canc_1side	4	64	2	44	1.0000	1.0000
main	canc_1side	4	64	2	45	1.0000	1.0000
main	canc_1side	4	64	2	46	1.0000	1.0000
main	canc_1side	4	64	2	47	1.0000	1.0000
main	canc_1side	4	64	2	48	1.0000	1.0000
main	canc_1side	4	64	2	49	1.0000	1.0000
main	canc_1side	4	64	2	50	1.0000	1.0000
main	canc_1side	4	64	2	51	1.0000	1.0000
main	canc_1side	4	64	2	52	1.0000	1.0000
main	canc_1side	4	64	2	53	1.0000	1.0000
main	canc_1side	4	64	2	54	1.0000	1.0000
main	canc_1side	4	64	2	55	1.0000	1.0000
main	canc_1side	4	64	2	56	1.0000	1.0000
main	canc_1side	4	64	2	57	1.0000	1.0000
main	canc_1side	4	64	2	58	1.0000	1.0000
main	canc_1side	4	64	2	59	1.0000	1.0000
main	canc_1side	4	64	2	60	1.0000	1.0000
main	canc_1side	5	64	2	1	0.0530	0.0000
main	canc_1side	5	64	2	2	0.0530	0.0000
main	canc_1side	5	64	2	3	0.0786	0.0000
main	canc_1side	5	64	2	4	0.1457	0.0000
main	canc_1side	5	64	2	5	0.1457	0.0000
main	canc_1side	5	64	2	6	0.1540	0.0000
main	canc_1side	5	64	2	7	0.1904	0.0000
main	canc_1side	5	64	2	8	0.1987	0.0000
main	canc_1side	5	64	2	9	0.1987	0.0000
main	canc_1side	5	64	2	10	0.1987	0.0000
main	canc_1side	5	64	2	11	0.1987	0.0000
main	canc_1side	5	64	2	12	0.1987	0.0000
main	canc_1side	5	64	2	13	0.3195	0.0625
main	canc_1side	5	64	2	14	0.9752	0.3125
main	canc_1side	5	64	2	15	0.9851	0.5000
main	canc_1side	5	64	2	16	0.9868	0.5000
main	canc_1side	5	64	2	17	0.9868	0.5000
main	canc_1side	5	64	2	18	0.9868	0.5000
main	canc_1side	5	64	2	19	0.9868	0.5000
main	canc_1side	5	64	2	20	0.9868	0.5000
main	canc_1side	5	64	2	21	0.9868	0.5000
main	canc_1side	5	64	2	22	0.9868	0.5000
main	canc_1side	5	64	2	23	0.9868	0.5000
main	canc_1side	5	64	2	24	0.9868	0.5000
main	canc_1side	5	64	2	25	0.9868	0.5000
main	canc_1side	5	64	2	26	0.9868	0.5000
main	canc_1side	5	64	2	27	0.9868	0.5000
main	canc_1side	5	64	2	28	0.9868	0.5000
main	canc_1side	5	64	2	29	0.9868	0.5000
main	canc_1side	5	64	2	30	0.9868	0.5000
main	canc_1side	5	64	2	31	0.9868	0.5000
main	canc_1side	5	64	2	32	0.9901	0.6250
main	canc_1side	5	64	2	33	1.0000	1.0000
main	canc_1side	5	64	2	34	1.0000	1.0000
main	canc_1side	5	64	2	35	1.0000	1.0000
main	canc_1side	5	64	2	36	1.0000	1.0000
main	canc_1side	5	64	2	37	1.0000	1.0000
main	canc_1side	5	64	2	38	1.0000	1.0000
main	canc_1side	5	64	2	39	1.0000	1.0000
main	canc_1side	5	64	2	40	1.0000	1.0000
main	canc_1side	5	64	2	41	1.0000	1.0000
main	canc_1side	5	64	2	42	1.0000	1.0000
main	canc_1side	5	64	2	43	1.0000	1.0000
main	canc_1side	5	64	2	44	1.0000	1.0000
main	canc_1side	5	64	2	45	1.0000	1.0000
main	canc_1side	5	64	2	46	1.0000	1.0000
main	canc_1side	5	64	2	47	1.0000	1.0000
main	canc_1side	5	64	2	48	1.0000	1.0000
main	canc_1side	5	64	2	49	1.0000	1.0000
main	canc_1side	5	64	2	50	1.0000	1.0000
main	canc_1side	5	64	2	51	1.0000	1.0000
main	canc_1side	5	64	2	52	1.0000	1.0000
main	canc_1side	5	64	2	53	1.0000	1.0000
main	canc_1side	5	64	2	54	1.0000	1.0000
main	canc_1side	5	64	2	55	1.0000	1.0000
main	canc_1side	5	64	2	56	1.0000	1.0000
main	canc_1side	5	64	2	57	1.0000	1.0000
main	canc_1side	5	64	2	58	1.0000	1.0000
main	canc_1side	5	64	2	59	1.0000	1.0000
main	canc_1side	5	64	2	60	1.0000	1.0000
main	canc_1side	6	64	2	1	0.0000	0.0000
main	canc_1side	6	64	2	2	0.0000	0.0000
main	canc_1side	6	64	2	3	0.0530	0.0000
main	canc_1side	6	64	2	4	0.0662	0.0000
main	canc_1side	6	64	2	5	0.0662	0.0000
main	canc_1side	6	64	2	6	0.0836	0.0000
main	canc_1side	6	64	2	7	0.1035	0.0000
main	canc_1side	6	64	2	8	0.1854	0.0000
main	canc_1side	6	64	2	9	0.1854	0.0000
main	canc_1side	6	64	2	10	0.1854	0.0000
main	canc_1side	6	64	2	11	0.2864	0.0000
main	canc_1side	6	64	2	12	0.9470	0.0000
main	canc_1side	6	64	2	13	0.9669	0.2500
main	canc_1side	6	64	2	14	0.9743	0.2812
main	canc_1side	6	64	2	15	0.9868	0.5625
main	canc_1side	6	64	2	16	1.0000	1.0000
main	canc_1side	6	64	2	17	1.0000	1.0000
main	canc_1side	6	64	2	18	1.0000	1.0000
main	canc_1side	6	64	2	19	1.0000	1.0000
main	canc_1side	6	64	2	20	1.0000	1.0000
main	canc_1side	6	64	2	21	1.0000	1.0000
main	canc_1side	6	64	2	22	1.0000	1.0000
main	canc_1side	6	64	2	23	1.0000	1.0000
main	canc_1side	6	64	2	24	1.0000	1.0000
main	canc_1side	6	64	2	25	1.0000	1.0000
main	canc_1side	6	64	2	26	1.0000	1.0000
main	canc_1side	6	64	2	27	1.0000	1.0000
main	canc_1side	6	64	2	28	1.0000	1.0000
main	canc_1side	6	64	2	29	1.0000	1.0000
main	canc_1side	6	64	2	30	1.0000	1.0000
main	canc_1side	6	64	2	31	1.0000	1.0000
main	canc_1side	6	64	2	32	1.0000	1.0000
main	canc_1side	6	64	2	33	1.0000	1.0000
main	canc_1side	6	64	2	34	1.0000	1.0000
main	canc_1side	6	64	2	35	1.0000	1.0000
main	canc_1side	6	64	2	36	1.0000	1.0000
main	canc_1side	6	64	2	37	1.0000	1.0000
main	canc_1side	6	64	2	38	1.0000	1.0000
main	canc_1side	6	64	2	39	1.0000	1.0000
main	canc_1side	6	64	2	40	1.0000	1.0000
main	canc_1side	6	64	2	41	1.0000	1.0000
main	canc_1side	6	64	2	42	1.0000	1.0000
main	canc_1side	6	64	2	43	1.0000	1.0000
main	canc_1side	6	64	2	44	1.0000	1.0000
main	canc_1side	6	64	2	45	1.0000	1.0000
main	canc_1side	6	64	2	46	1.0000	1.0000
main	canc_1side	6	64	2	47	1.0000	1.0000
main	canc_1side	6	64	2	48	1.0000	1.0000
main	canc_1side	6	64	2	49	1.0000	1.0000
main	canc_1side	6	64	2	50	1.0000	1.0000
main	canc_1side	6	64	2	51	1.0000	1.0000
main	canc_1side	6	64	2	52	1.0000	1.0000
main	canc_1side	6	64	2	53	1.0000	1.0000
main	canc_1side	6	64	2	54	1.0000	1.0000
main	canc_1side	6	64	2	55	1.0000	1.0000
main	canc_1side	6	64	2	56	1.0000	1.0000
main	canc_1side	6	64	2	57	1.0000	1.0000
main	canc_1side	6	64	2	58	1.0000	1.0000
main	canc_1side	6	64	2	59	1.0000	1.0000
main	canc_1side	6	64	2	60	1.0000	1.0000
main	canc_1side	7	64	2	1	0.0000	0.0000
main	canc_1side	7	64	2	2	0.0480	0.0000
main	canc_1side	7	64	2	3	0.0265	0.0000
main	canc_1side	7	64	2	4	0.0000	0.0000
main	canc_1side	7	64	2	5	0.0000	0.0000
main	canc_1side	7	64	2	6	0.0000	0.0000
main	canc_1side	7	64	2	7	0.0149	0.0000
main	canc_1side	7	64	2	8	0.1060	0.0000
main	canc_1side	7	64	2	9	0.1060	0.0000
main	canc_1side	7	64	2	10	0.1556	0.0000
main	canc_1side	7	64	2	11	0.1854	0.0000
main	canc_1side	7	64	2	12	0.1987	0.0000
main	canc_1side	7	64	2	13	0.2036	0.0000
main	canc_1side	7	64	2	14	0.2119	0.0000
main	canc_1side	7	64	2	15	0.2235	0.0000
main	canc_1side	7	64	2	16	0.2252	0.0000
main	canc_1side	7	64	2	17	0.2252	0.0000
main	canc_1side	7	64	2	18	0.2351	0.0000
main	canc_1side	7	64	2	19	0.2384	0.0000
main	canc_1side	7	64	2	20	0.2384	0.0000
main	canc_1side	7	64	2	21	0.2384	0.0000
main	canc_1side	7	64	2	22	0.2384	0.0000
main	canc_1side	7	64	2	23	0.2384	0.0000
main	canc_1side	7	64	2	24	0.2384	0.0000
main	canc_1side	7	64	2	25	0.2649	0.0625
main	canc_1side	7	64	2	26	0.4139	0.3125
main	canc_1side	7	64	2	27	0.6788	0.6875
main	canc_1side	7	64	2	28	1.0000	1.0000
main	canc_1side	7	64	2	29	1.0000	1.0000
main	canc_1side	7	64	2	30	1.0000	1.0000
main	canc_1side	7	64	2	31	1.0000	1.0000
main	canc_1side	7	64	2	32	1.0000	1.0000
main	canc_1side	7	64	2	33	1.0000	1.0000
main	canc_1side	7	64	2	34	1.0000	1.0000
main	canc_1side	7	64	2	35	1.0000	1.0000
main	canc_1side	7	64	2	36	1.0000	1.0000
main	canc_1side	7	64	2	37	1.0000	1.0000
main	canc_1side	7	64	2	38	1.0000	1.0000
main	canc_1side	7	64	2	39	1.0000	1.0000
main	canc_1side	7	64	2	40	1.0000	1.0000
main	canc_1side	7	64	2	41	1.0000	1.0000
main	canc_1side	7	64	2	42	1.0000	1.0000
main	canc_1side	7	64	2	43	1.0000	1.0000
main	canc_1side	7	64	2	44	1.0000	1.0000
main	canc_1side	7	64	2	45	1.0000	1.0000
main	canc_1side	7	64	2	46	1.0000	1.0000
main	canc_1side	7	64	2	47	1.0000	1.0000
main	canc_1side	7	64	2	48	1.0000	1.0000
main	canc_1side	7	64	2	49	1.0000	1.0000
main	canc_1side	7	64	2	50	1.0000	1.0000
main	canc_1side	7	64	2	51	1.0000	1.0000
main	canc_1side	7	64	2	52	1.0000	1.0000
main	canc_1side	7	64	2	53	1.0000	1.0000
main	canc_1side	7	64	2	54	1.0000	1.0000
main	canc_1side	7	64	2	55	1.0000	1.0000
main	canc_1side	7	64	2	56	1.0000	1.0000
main	canc_1side	7	64	2	57	1.0000	1.0000
main	canc_1side	7	64	2	58	1.0000	1.0000
main	canc_1side	7	64	2	59	1.0000	1.0000
main	canc_1side	7	64	2	60	1.0000	1.0000
main	canc_1side	8	64	2	1	0.0000	0.0000
main	canc_1side	8	64	2	2	0.0000	0.0000
main	canc_1side	8	64	2	3	0.0000	0.0000
main	canc_1side	8	64	2	4	0.0000	0.0000
main	canc_1side	8	64	2	5	0.0728	0.0000
main	canc_1side	8	64	2	6	0.0795	0.0000
main	canc_1side	8	64	2	7	0.0795	0.0000
main	canc_1side	8	64	2	8	0.1060	0.0000
main	canc_1side	8	64	2	9	0.1060	0.0000
main	canc_1side	8	64	2	10	0.1854	0.0000
main	canc_1side	8	64	2	11	0.1854	0.0000
main	canc_1side	8	64	2	12	0.1854	0.0000
main	canc_1side	8	64	2	13	0.2036	0.0000
main	canc_1side	8	64	2	14	0.2293	0.0000
main	canc_1side	8	64	2	15	1.0000	1.0000
main	canc_1side	8	64	2	16	1.0000	1.0000
main	canc_1side	8	64	2	17	1.0000	1.0000
main	canc_1side	8	64	2	18	1.0000	1.0000
main	canc_1side	8	64	2	19	1.0000	1.0000
main	canc_1side	8	64	2	20	1.0000	1.0000
main	canc_1side	8	64	2	21	0.9760	0.9688
main	canc_1side	8	64	2	22	0.7715	0.7188
main	canc_1side	8	64	2	23	0.9089	0.8750
main	canc_1side	8	64	2	24	1.0000	1.0000
main	canc_1side	8	64	2	25	1.0000	1.0000
main	canc_1side	8	64	2	26	1.0000	1.0000
main	canc_1side	8	64	2	27	1.0000	1.0000
main	canc_1side	8	64	2	28	1.0000	1.0000
main	canc_1side	8	64	2	29	1.0000	1.0000
main	canc_1side	8	64	2	30	1.0000	1.0000
main	canc_1side	8	64	2	31	1.0000	1.0000
main	canc_1side	8	64	2	32	1.0000	1.0000
main	canc_1side	8	64	2	33	1.0000	1.0000
main	canc_1side	8	64	2	34	1.0000	1.0000
main	canc_1side	8	64	2	35	1.0000	1.0000
main	canc_1side	8	64	2	36	1.0000	1.0000
main	canc_1side	8	64	2	37	1.0000	1.0000
main	canc_1side	8	64	2	38	1.0000	1.0000
main	canc_1side	8	64	2	39	1.0000	1.0000
main	canc_1side	8	64	2	40	1.0000	1.0000
main	canc_1side	8	64	2	41	1.0000	1.0000
main	canc_1side	8	64	2	42	1.0000	1.0000
main	canc_1side	8	64	2	43	1.0000	1.0000
main	canc_1side	8	64	2	44	1.0000	1.0000
main	canc_1side	8	64	2	45	1.0000	1.0000
main	canc_1side	8	64	2	46	1.0000	1.0000
main	canc_1side	8	64	2	47	1.0000	1.0000
main	canc_1side	8	64	2	48	1.0000	1.0000
main	canc_1side	8	64	2	49	1.0000	1.0000
main	canc_1side	8	64	2	50	1.0000	1.0000
main	canc_1side	8	64	2	51	1.0000	1.0000
main	canc_1side	8	64	2	52	1.0000	1.0000
main	canc_1side	8	64	2	53	1.0000	1.0000
main	canc_1side	8	64	2	54	1.0000	1.0000
main	canc_1side	8	64	2	55	1.0000	1.0000
main	canc_1side	8	64	2	56	1.0000	1.0000
main	canc_1side	8	64	2	57	1.0000	1.0000
main	canc_1side	8	64	2	58	1.0000	1.0000
main	canc_1side	8	64	2	59	1.0000	1.0000
main	canc_1side	8	64	2	60	1.0000	1.0000
main	canc_1side	9	64	2	1	0.0000	0.0000
main	canc_1side	9	64	2	2	0.0265	0.0000
main	canc_1side	9	64	2	3	0.0265	0.0000
main	canc_1side	9	64	2	4	0.0530	0.0000
main	canc_1side	9	64	2	5	0.1060	0.0000
main	canc_1side	9	64	2	6	0.1060	0.0000
main	canc_1side	9	64	2	7	0.2045	0.0000
main	canc_1side	9	64	2	8	0.2119	0.0000
main	canc_1side	9	64	2	9	0.2119	0.0000
main	canc_1side	9	64	2	10	0.2119	0.0000
main	canc_1side	9	64	2	11	0.2119	0.0000
main	canc_1side	9	64	2	12	0.2252	0.0000
main	canc_1side	9	64	2	13	0.2252	0.0000
main	canc_1side	9	64	2	14	0.2252	0.0000
main	canc_1side	9	64	2	15	0.2384	0.0000
main	canc_1side	9	64	2	16	0.2384	0.0000
main	canc_1side	9	64	2	17	0.2384	0.0000
main	canc_1side	9	64	2	18	0.2384	0.0000
main	canc_1side	9	64	2	19	0.2384	0.0000
main	canc_1side	9	64	2	20	0.2384	0.0000
main	canc_1side	9	64	2	21	0.2384	0.0000
main	canc_1side	9	64	2	22	0.2384	0.0000
main	canc_1side	9	64	2	23	0.2384	0.0000
main	canc_1side	9	64	2	24	0.2384	0.0000
main	canc_1side	9	64	2	25	0.2384	0.0000
main	canc_1side	9	64	2	26	0.2384	0.0000
main	canc_1side	9	64	2	27	0.2384	0.0000
main	canc_1side	9	64	2	28	0.2384	0.0000
main	canc_1side	9	64	2	29	0.2384	0.0000
main	canc_1side	9	64	2	30	0.6126	0.3750
main	canc_1side	9	64	2	31	0.9735	0.9375
main	canc_1side	9	64	2	32	1.0000	1.0000
main	canc_1side	9	64	2	33	1.0000	1.0000
main	canc_1side	9	64	2	34	1.0000	1.0000
main	canc_1side	9	64	2	35	1.0000	1.0000
main	canc_1side	9	64	2	36	1.0000	1.0000
main	canc_1side	9	64	2	37	1.0000	1.0000
main	canc_1side	9	64	2	38	1.0000	1.0000
main	canc_1side	9	64	2	39	1.0000	1.0000
main	canc_1side	9	64	2	40	1.0000	1.0000
main	canc_1side	9	64	2	41	1.0000	1.0000
main	canc_1side	9	64	2	42	1.0000	1.0000
main	canc_1side	9	64	2	43	1.0000	1.0000
main	canc_1side	9	64	2	44	1.0000	1.0000
main	canc_1side	9	64	2	45	1.0000	1.0000
main	canc_1side	9	64	2	46	1.0000	1.0000
main	canc_1side	9	64	2	47	1.0000	1.0000
main	canc_1side	9	64	2	48	1.0000	1.0000
main	canc_1side	9	64	2	49	1.0000	1.0000
main	canc_1side	9	64	2	50	1.0000	1.0000
main	canc_1side	9	64	2	51	1.0000	1.0000
main	canc_1side	9	64	2	52	1.0000	1.0000
main	canc_1side	9	64	2	53	1.0000	1.0000
main	canc_1side	9	64	2	54	1.0000	1.0000
main	canc_1side	9	64	2	55	1.0000	1.0000
main	canc_1side	9	64	2	56	1.0000	1.0000
main	canc_1side	9	64	2	57	1.0000	1.0000
main	canc_1side	9	64	2	58	1.0000	1.0000
main	canc_1side	9	64	2	59	1.0000	1.0000
main	canc_1side	9	64	2	60	1.0000	1.0000
main	canc_partial	0	64	2	1	0.0000	0.0000
main	canc_partial	0	64	2	2	0.0000	0.0000
main	canc_partial	0	64	2	3	0.0795	0.0000
main	canc_partial	0	64	2	4	0.0795	0.0000
main	canc_partial	0	64	2	5	0.0795	0.0000
main	canc_partial	0	64	2	6	0.0795	0.0000
main	canc_partial	0	64	2	7	0.0795	0.0000
main	canc_partial	0	64	2	8	0.0977	0.0000
main	canc_partial	0	64	2	9	0.1854	0.0000
main	canc_partial	0	64	2	10	0.1854	0.0000
main	canc_partial	0	64	2	11	0.1896	0.0000
main	canc_partial	0	64	2	12	0.2119	0.0000
main	canc_partial	0	64	2	13	0.2252	0.0000
main	canc_partial	0	64	2	14	0.2384	0.0000
main	canc_partial	0	64	2	15	0.2384	0.0000
main	canc_partial	0	64	2	16	0.2384	0.0000
main	canc_partial	0	64	2	17	0.2384	0.0000
main	canc_partial	0	64	2	18	0.2384	0.0000
main	canc_partial	0	64	2	19	0.2384	0.0000
main	canc_partial	0	64	2	20	0.2384	0.0000
main	canc_partial	0	64	2	21	0.9346	0.8750
main	canc_partial	0	64	2	22	1.0000	1.0000
main	canc_partial	0	64	2	23	1.0000	1.0000
main	canc_partial	0	64	2	24	1.0000	1.0000
main	canc_partial	0	64	2	25	1.0000	1.0000
main	canc_partial	0	64	2	26	1.0000	1.0000
main	canc_partial	0	64	2	27	1.0000	1.0000
main	canc_partial	0	64	2	28	1.0000	1.0000
main	canc_partial	0	64	2	29	1.0000	1.0000
main	canc_partial	0	64	2	30	1.0000	1.0000
main	canc_partial	0	64	2	31	1.0000	1.0000
main	canc_partial	0	64	2	32	1.0000	1.0000
main	canc_partial	0	64	2	33	1.0000	1.0000
main	canc_partial	0	64	2	34	1.0000	1.0000
main	canc_partial	0	64	2	35	1.0000	1.0000
main	canc_partial	0	64	2	36	1.0000	1.0000
main	canc_partial	0	64	2	37	1.0000	1.0000
main	canc_partial	0	64	2	38	1.0000	1.0000
main	canc_partial	0	64	2	39	1.0000	1.0000
main	canc_partial	0	64	2	40	1.0000	1.0000
main	canc_partial	0	64	2	41	1.0000	1.0000
main	canc_partial	0	64	2	42	1.0000	1.0000
main	canc_partial	0	64	2	43	1.0000	1.0000
main	canc_partial	0	64	2	44	1.0000	1.0000
main	canc_partial	0	64	2	45	1.0000	1.0000
main	canc_partial	0	64	2	46	1.0000	1.0000
main	canc_partial	0	64	2	47	1.0000	1.0000
main	canc_partial	0	64	2	48	1.0000	1.0000
main	canc_partial	0	64	2	49	1.0000	1.0000
main	canc_partial	0	64	2	50	1.0000	1.0000
main	canc_partial	0	64	2	51	1.0000	1.0000
main	canc_partial	0	64	2	52	1.0000	1.0000
main	canc_partial	0	64	2	53	1.0000	1.0000
main	canc_partial	0	64	2	54	1.0000	1.0000
main	canc_partial	0	64	2	55	1.0000	1.0000
main	canc_partial	0	64	2	56	1.0000	1.0000
main	canc_partial	0	64	2	57	1.0000	1.0000
main	canc_partial	0	64	2	58	1.0000	1.0000
main	canc_partial	0	64	2	59	1.0000	1.0000
main	canc_partial	0	64	2	60	1.0000	1.0000
main	canc_partial	1	64	2	1	0.0000	0.0000
main	canc_partial	1	64	2	2	0.0000	0.0000
main	canc_partial	1	64	2	3	0.0000	0.0000
main	canc_partial	1	64	2	4	0.0166	0.0000
main	canc_partial	1	64	2	5	0.0182	0.0000
main	canc_partial	1	64	2	6	0.1556	0.0000
main	canc_partial	1	64	2	7	0.1747	0.0000
main	canc_partial	1	64	2	8	0.1854	0.0000
main	canc_partial	1	64	2	9	0.1854	0.0000
main	canc_partial	1	64	2	10	0.1854	0.0000
main	canc_partial	1	64	2	11	0.1854	0.0000
main	canc_partial	1	64	2	12	0.1896	0.0000
main	canc_partial	1	64	2	13	0.2078	0.0000
main	canc_partial	1	64	2	14	0.2119	0.0000
main	canc_partial	1	64	2	15	0.2434	0.0625
main	canc_partial	1	64	2	16	0.3940	0.1875
main	canc_partial	1	64	2	17	0.8113	0.5000
main	canc_partial	1	64	2	18	0.9868	0.5000
main	canc_partial	1	64	2	19	0.9868	0.5000
main	canc_partial	1	64	2	20	0.9868	0.5000
main	canc_partial	1	64	2	21	0.9868	0.5000
main	canc_partial	1	64	2	22	0.9868	0.5000
main	canc_partial	1	64	2	23	0.9868	0.5000
main	canc_partial	1	64	2	24	0.9868	0.5000
main	canc_partial	1	64	2	25	0.9901	0.6250
main	canc_partial	1	64	2	26	0.9950	0.8125
main	canc_partial	1	64	2	27	1.0000	1.0000
main	canc_partial	1	64	2	28	1.0000	1.0000
main	canc_partial	1	64	2	29	1.0000	1.0000
main	canc_partial	1	64	2	30	1.0000	1.0000
main	canc_partial	1	64	2	31	1.0000	1.0000
main	canc_partial	1	64	2	32	1.0000	1.0000
main	canc_partial	1	64	2	33	1.0000	1.0000
main	canc_partial	1	64	2	34	1.0000	1.0000
main	canc_partial	1	64	2	35	1.0000	1.0000
main	canc_partial	1	64	2	36	1.0000	1.0000
main	canc_partial	1	64	2	37	1.0000	1.0000
main	canc_partial	1	64	2	38	1.0000	1.0000
main	canc_partial	1	64	2	39	1.0000	1.0000
main	canc_partial	1	64	2	40	1.0000	1.0000
main	canc_partial	1	64	2	41	1.0000	1.0000
main	canc_partial	1	64	2	42	1.0000	1.0000
main	canc_partial	1	64	2	43	1.0000	1.0000
main	canc_partial	1	64	2	44	1.0000	1.0000
main	canc_partial	1	64	2	45	1.0000	1.0000
main	canc_partial	1	64	2	46	1.0000	1.0000
main	canc_partial	1	64	2	47	1.0000	1.0000
main	canc_partial	1	64	2	48	1.0000	1.0000
main	canc_partial	1	64	2	49	1.0000	1.0000
main	canc_partial	1	64	2	50	1.0000	1.0000
main	canc_partial	1	64	2	51	1.0000	1.0000
main	canc_partial	1	64	2	52	1.0000	1.0000
main	canc_partial	1	64	2	53	1.0000	1.0000
main	canc_partial	1	64	2	54	1.0000	1.0000
main	canc_partial	1	64	2	55	1.0000	1.0000
main	canc_partial	1	64	2	56	1.0000	1.0000
main	canc_partial	1	64	2	57	1.0000	1.0000
main	canc_partial	1	64	2	58	1.0000	1.0000
main	canc_partial	1	64	2	59	1.0000	1.0000
main	canc_partial	1	64	2	60	1.0000	1.0000
main	canc_partial	2	64	2	1	0.0000	0.0000
main	canc_partial	2	64	2	2	0.0000	0.0000
main	canc_partial	2	64	2	3	0.0000	0.0000
main	canc_partial	2	64	2	4	0.0530	0.0000
main	canc_partial	2	64	2	5	0.0596	0.0000
main	canc_partial	2	64	2	6	0.0629	0.0000
main	canc_partial	2	64	2	7	0.1457	0.0000
main	canc_partial	2	64	2	8	0.1722	0.0000
main	canc_partial	2	64	2	9	0.1987	0.0000
main	canc_partial	2	64	2	10	0.1987	0.0000
main	canc_partial	2	64	2	11	0.2119	0.0000
main	canc_partial	2	64	2	12	0.2252	0.0000
main	canc_partial	2	64	2	13	0.2252	0.0000
main	canc_partial	2	64	2	14	0.2252	0.0000
main	canc_partial	2	64	2	15	0.2252	0.0000
main	canc_partial	2	64	2	16	0.2252	0.0000
main	canc_partial	2	64	2	17	0.2252	0.0000
main	canc_partial	2	64	2	18	0.2252	0.0000
main	canc_partial	2	64	2	19	0.2252	0.0000
main	canc_partial	2	64	2	20	0.2252	0.0000
main	canc_partial	2	64	2	21	0.2252	0.0000
main	canc_partial	2	64	2	22	0.2252	0.0000
main	canc_partial	2	64	2	23	0.2252	0.0000
main	canc_partial	2	64	2	24	0.2252	0.0000
main	canc_partial	2	64	2	25	0.2252	0.0000
main	canc_partial	2	64	2	26	0.2252	0.0000
main	canc_partial	2	64	2	27	0.2252	0.0000
main	canc_partial	2	64	2	28	0.2252	0.0000
main	canc_partial	2	64	2	29	0.2252	0.0000
main	canc_partial	2	64	2	30	0.2533	0.0625
main	canc_partial	2	64	2	31	0.9164	0.5312
main	canc_partial	2	64	2	32	0.9917	0.6875
main	canc_partial	2	64	2	33	1.0000	1.0000
main	canc_partial	2	64	2	34	1.0000	1.0000
main	canc_partial	2	64	2	35	1.0000	1.0000
main	canc_partial	2	64	2	36	1.0000	1.0000
main	canc_partial	2	64	2	37	1.0000	1.0000
main	canc_partial	2	64	2	38	1.0000	1.0000
main	canc_partial	2	64	2	39	1.0000	1.0000
main	canc_partial	2	64	2	40	1.0000	1.0000
main	canc_partial	2	64	2	41	1.0000	1.0000
main	canc_partial	2	64	2	42	1.0000	1.0000
main	canc_partial	2	64	2	43	1.0000	1.0000
main	canc_partial	2	64	2	44	1.0000	1.0000
main	canc_partial	2	64	2	45	1.0000	1.0000
main	canc_partial	2	64	2	46	1.0000	1.0000
main	canc_partial	2	64	2	47	1.0000	1.0000
main	canc_partial	2	64	2	48	1.0000	1.0000
main	canc_partial	2	64	2	49	1.0000	1.0000
main	canc_partial	2	64	2	50	1.0000	1.0000
main	canc_partial	2	64	2	51	1.0000	1.0000
main	canc_partial	2	64	2	52	1.0000	1.0000
main	canc_partial	2	64	2	53	1.0000	1.0000
main	canc_partial	2	64	2	54	1.0000	1.0000
main	canc_partial	2	64	2	55	1.0000	1.0000
main	canc_partial	2	64	2	56	1.0000	1.0000
main	canc_partial	2	64	2	57	1.0000	1.0000
main	canc_partial	2	64	2	58	1.0000	1.0000
main	canc_partial	2	64	2	59	1.0000	1.0000
main	canc_partial	2	64	2	60	1.0000	1.0000
main	canc_partial	3	64	2	1	0.0000	0.0000
main	canc_partial	3	64	2	2	0.0000	0.0000
main	canc_partial	3	64	2	3	0.0795	0.0000
main	canc_partial	3	64	2	4	0.0811	0.0000
main	canc_partial	3	64	2	5	0.1457	0.0000
main	canc_partial	3	64	2	6	0.1457	0.0000
main	canc_partial	3	64	2	7	0.1722	0.0000
main	canc_partial	3	64	2	8	0.1722	0.0000
main	canc_partial	3	64	2	9	0.1722	0.0000
main	canc_partial	3	64	2	10	0.1722	0.0000
main	canc_partial	3	64	2	11	0.1954	0.0000
main	canc_partial	3	64	2	12	0.2119	0.0000
main	canc_partial	3	64	2	13	0.2119	0.0000
main	canc_partial	3	64	2	14	0.2119	0.0000
main	canc_partial	3	64	2	15	0.2119	0.0000
main	canc_partial	3	64	2	16	0.2119	0.0000
main	canc_partial	3	64	2	17	0.2152	0.0000
main	canc_partial	3	64	2	18	0.2252	0.0000
main	canc_partial	3	64	2	19	0.2252	0.0000
main	canc_partial	3	64	2	20	0.2318	0.0000
main	canc_partial	3	64	2	21	0.2384	0.0000
main	canc_partial	3	64	2	22	0.2384	0.0000
main	canc_partial	3	64	2	23	0.2384	0.0000
main	canc_partial	3	64	2	24	0.2384	0.0000
main	canc_partial	3	64	2	25	0.2384	0.0000
main	canc_partial	3	64	2	26	0.2384	0.0000
main	canc_partial	3	64	2	27	0.2384	0.0000
main	canc_partial	3	64	2	28	0.2384	0.0000
main	canc_partial	3	64	2	29	0.2384	0.0000
main	canc_partial	3	64	2	30	0.2384	0.0000
main	canc_partial	3	64	2	31	0.2384	0.0000
main	canc_partial	3	64	2	32	0.2384	0.0000
main	canc_partial	3	64	2	33	0.2384	0.0000
main	canc_partial	3	64	2	34	0.2384	0.0000
main	canc_partial	3	64	2	35	0.2384	0.0000
main	canc_partial	3	64	2	36	1.0000	1.0000
main	canc_partial	3	64	2	37	1.0000	1.0000
main	canc_partial	3	64	2	38	1.0000	1.0000
main	canc_partial	3	64	2	39	1.0000	1.0000
main	canc_partial	3	64	2	40	1.0000	1.0000
main	canc_partial	3	64	2	41	1.0000	1.0000
main	canc_partial	3	64	2	42	1.0000	1.0000
main	canc_partial	3	64	2	43	1.0000	1.0000
main	canc_partial	3	64	2	44	1.0000	1.0000
main	canc_partial	3	64	2	45	1.0000	1.0000
main	canc_partial	3	64	2	46	1.0000	1.0000
main	canc_partial	3	64	2	47	1.0000	1.0000
main	canc_partial	3	64	2	48	1.0000	1.0000
main	canc_partial	3	64	2	49	1.0000	1.0000
main	canc_partial	3	64	2	50	1.0000	1.0000
main	canc_partial	3	64	2	51	1.0000	1.0000
main	canc_partial	3	64	2	52	1.0000	1.0000
main	canc_partial	3	64	2	53	1.0000	1.0000
main	canc_partial	3	64	2	54	1.0000	1.0000
main	canc_partial	3	64	2	55	1.0000	1.0000
main	canc_partial	3	64	2	56	1.0000	1.0000
main	canc_partial	3	64	2	57	1.0000	1.0000
main	canc_partial	3	64	2	58	1.0000	1.0000
main	canc_partial	3	64	2	59	1.0000	1.0000
main	canc_partial	3	64	2	60	1.0000	1.0000
main	canc_partial	4	64	2	1	0.0000	0.0000
main	canc_partial	4	64	2	2	0.0795	0.0000
main	canc_partial	4	64	2	3	0.0795	0.0000
main	canc_partial	4	64	2	4	0.1010	0.0000
main	canc_partial	4	64	2	5	0.1672	0.0000
main	canc_partial	4	64	2	6	0.1722	0.0000
main	canc_partial	4	64	2	7	0.1722	0.0000
main	canc_partial	4	64	2	8	0.1722	0.0000
main	canc_partial	4	64	2	9	0.1722	0.0000
main	canc_partial	4	64	2	10	0.1722	0.0000
main	canc_partial	4	64	2	11	0.1722	0.0000
main	canc_partial	4	64	2	12	0.1805	0.0000
main	canc_partial	4	64	2	13	0.1854	0.0000
main	canc_partial	4	64	2	14	0.1854	0.0000
main	canc_partial	4	64	2	15	0.2086	0.0000
main	canc_partial	4	64	2	16	0.2252	0.0000
main	canc_partial	4	64	2	17	0.2252	0.0000
main	canc_partial	4	64	2	18	0.2252	0.0000
main	canc_partial	4	64	2	19	0.3543	0.1875
main	canc_partial	4	64	2	20	0.7839	0.6875
main	canc_partial	4	64	2	21	1.0000	1.0000
main	canc_partial	4	64	2	22	1.0000	1.0000
main	canc_partial	4	64	2	23	1.0000	1.0000
main	canc_partial	4	64	2	24	1.0000	1.0000
main	canc_partial	4	64	2	25	1.0000	1.0000
main	canc_partial	4	64	2	26	1.0000	1.0000
main	canc_partial	4	64	2	27	1.0000	1.0000
main	canc_partial	4	64	2	28	1.0000	1.0000
main	canc_partial	4	64	2	29	1.0000	1.0000
main	canc_partial	4	64	2	30	1.0000	1.0000
main	canc_partial	4	64	2	31	1.0000	1.0000
main	canc_partial	4	64	2	32	1.0000	1.0000
main	canc_partial	4	64	2	33	1.0000	1.0000
main	canc_partial	4	64	2	34	1.0000	1.0000
main	canc_partial	4	64	2	35	1.0000	1.0000
main	canc_partial	4	64	2	36	1.0000	1.0000
main	canc_partial	4	64	2	37	1.0000	1.0000
main	canc_partial	4	64	2	38	1.0000	1.0000
main	canc_partial	4	64	2	39	1.0000	1.0000
main	canc_partial	4	64	2	40	1.0000	1.0000
main	canc_partial	4	64	2	41	1.0000	1.0000
main	canc_partial	4	64	2	42	1.0000	1.0000
main	canc_partial	4	64	2	43	1.0000	1.0000
main	canc_partial	4	64	2	44	1.0000	1.0000
main	canc_partial	4	64	2	45	1.0000	1.0000
main	canc_partial	4	64	2	46	1.0000	1.0000
main	canc_partial	4	64	2	47	1.0000	1.0000
main	canc_partial	4	64	2	48	1.0000	1.0000
main	canc_partial	4	64	2	49	1.0000	1.0000
main	canc_partial	4	64	2	50	1.0000	1.0000
main	canc_partial	4	64	2	51	1.0000	1.0000
main	canc_partial	4	64	2	52	1.0000	1.0000
main	canc_partial	4	64	2	53	1.0000	1.0000
main	canc_partial	4	64	2	54	1.0000	1.0000
main	canc_partial	4	64	2	55	1.0000	1.0000
main	canc_partial	4	64	2	56	1.0000	1.0000
main	canc_partial	4	64	2	57	1.0000	1.0000
main	canc_partial	4	64	2	58	1.0000	1.0000
main	canc_partial	4	64	2	59	1.0000	1.0000
main	canc_partial	4	64	2	60	1.0000	1.0000
main	canc_partial	5	64	2	1	0.0530	0.0000
main	canc_partial	5	64	2	2	0.0530	0.0000
main	canc_partial	5	64	2	3	0.0786	0.0000
main	canc_partial	5	64	2	4	0.1457	0.0000
main	canc_partial	5	64	2	5	0.1457	0.0000
main	canc_partial	5	64	2	6	0.1523	0.0000
main	canc_partial	5	64	2	7	0.1879	0.0000
main	canc_partial	5	64	2	8	0.1987	0.0000
main	canc_partial	5	64	2	9	0.1987	0.0000
main	canc_partial	5	64	2	10	0.1987	0.0000
main	canc_partial	5	64	2	11	0.1987	0.0000
main	canc_partial	5	64	2	12	0.2119	0.0000
main	canc_partial	5	64	2	13	0.2136	0.0000
main	canc_partial	5	64	2	14	0.2252	0.0000
main	canc_partial	5	64	2	15	0.3526	0.1250
main	canc_partial	5	64	2	16	0.9868	0.5000
main	canc_partial	5	64	2	17	0.9868	0.5000
main	canc_partial	5	64	2	18	0.9868	0.5000
main	canc_partial	5	64	2	19	0.9868	0.5000
main	canc_partial	5	64	2	20	0.9868	0.5000
main	canc_partial	5	64	2	21	0.9868	0.5000
main	canc_partial	5	64	2	22	0.9868	0.5000
main	canc_partial	5	64	2	23	0.9868	0.5000
main	canc_partial	5	64	2	24	0.9868	0.5000
main	canc_partial	5	64	2	25	0.9868	0.5000
main	canc_partial	5	64	2	26	0.9868	0.5000
main	canc_partial	5	64	2	27	0.9868	0.5000
main	canc_partial	5	64	2	28	0.9868	0.5000
main	canc_partial	5	64	2	29	0.9868	0.5000
main	canc_partial	5	64	2	30	0.9868	0.5000
main	canc_partial	5	64	2	31	0.9892	0.5938
main	canc_partial	5	64	2	32	1.0000	1.0000
main	canc_partial	5	64	2	33	1.0000	1.0000
main	canc_partial	5	64	2	34	1.0000	1.0000
main	canc_partial	5	64	2	35	1.0000	1.0000
main	canc_partial	5	64	2	36	1.0000	1.0000
main	canc_partial	5	64	2	37	1.0000	1.0000
main	canc_partial	5	64	2	38	1.0000	1.0000
main	canc_partial	5	64	2	39	1.0000	1.0000
main	canc_partial	5	64	2	40	1.0000	1.0000
main	canc_partial	5	64	2	41	1.0000	1.0000
main	canc_partial	5	64	2	42	1.0000	1.0000
main	canc_partial	5	64	2	43	1.0000	1.0000
main	canc_partial	5	64	2	44	1.0000	1.0000
main	canc_partial	5	64	2	45	1.0000	1.0000
main	canc_partial	5	64	2	46	1.0000	1.0000
main	canc_partial	5	64	2	47	1.0000	1.0000
main	canc_partial	5	64	2	48	1.0000	1.0000
main	canc_partial	5	64	2	49	1.0000	1.0000
main	canc_partial	5	64	2	50	1.0000	1.0000
main	canc_partial	5	64	2	51	1.0000	1.0000
main	canc_partial	5	64	2	52	1.0000	1.0000
main	canc_partial	5	64	2	53	1.0000	1.0000
main	canc_partial	5	64	2	54	1.0000	1.0000
main	canc_partial	5	64	2	55	1.0000	1.0000
main	canc_partial	5	64	2	56	1.0000	1.0000
main	canc_partial	5	64	2	57	1.0000	1.0000
main	canc_partial	5	64	2	58	1.0000	1.0000
main	canc_partial	5	64	2	59	1.0000	1.0000
main	canc_partial	5	64	2	60	1.0000	1.0000
main	canc_partial	6	64	2	1	0.0000	0.0000
main	canc_partial	6	64	2	2	0.0000	0.0000
main	canc_partial	6	64	2	3	0.0530	0.0000
main	canc_partial	6	64	2	4	0.0662	0.0000
main	canc_partial	6	64	2	5	0.0662	0.0000
main	canc_partial	6	64	2	6	0.0662	0.0000
main	canc_partial	6	64	2	7	0.1010	0.0000
main	canc_partial	6	64	2	8	0.1308	0.0000
main	canc_partial	6	64	2	9	0.1854	0.0000
main	canc_partial	6	64	2	10	0.1854	0.0000
main	canc_partial	6	64	2	11	0.1854	0.0000
main	canc_partial	6	64	2	12	0.4387	0.0000
main	canc_partial	6	64	2	13	0.9470	0.0000
main	canc_partial	6	64	2	14	0.9735	0.2500
main	canc_partial	6	64	2	15	0.9735	0.2500
main	canc_partial	6	64	2	16	0.9901	0.6250
main	canc_partial	6	64	2	17	1.0000	1.0000
main	canc_partial	6	64	2	18	1.0000	1.0000
main	canc_partial	6	64	2	19	1.0000	1.0000
main	canc_partial	6	64	2	20	1.0000	1.0000
main	canc_partial	6	64	2	21	1.0000	1.0000
main	canc_partial	6	64	2	22	1.0000	1.0000
main	canc_partial	6	64	2	23	1.0000	1.0000
main	canc_partial	6	64	2	24	1.0000	1.0000
main	canc_partial	6	64	2	25	1.0000	1.0000
main	canc_partial	6	64	2	26	1.0000	1.0000
main	canc_partial	6	64	2	27	1.0000	1.0000
main	canc_partial	6	64	2	28	1.0000	1.0000
main	canc_partial	6	64	2	29	1.0000	1.0000
main	canc_partial	6	64	2	30	1.0000	1.0000
main	canc_partial	6	64	2	31	1.0000	1.0000
main	canc_partial	6	64	2	32	1.0000	1.0000
main	canc_partial	6	64	2	33	1.0000	1.0000
main	canc_partial	6	64	2	34	1.0000	1.0000
main	canc_partial	6	64	2	35	1.0000	1.0000
main	canc_partial	6	64	2	36	1.0000	1.0000
main	canc_partial	6	64	2	37	1.0000	1.0000
main	canc_partial	6	64	2	38	1.0000	1.0000
main	canc_partial	6	64	2	39	1.0000	1.0000
main	canc_partial	6	64	2	40	1.0000	1.0000
main	canc_partial	6	64	2	41	1.0000	1.0000
main	canc_partial	6	64	2	42	1.0000	1.0000
main	canc_partial	6	64	2	43	1.0000	1.0000
main	canc_partial	6	64	2	44	1.0000	1.0000
main	canc_partial	6	64	2	45	1.0000	1.0000
main	canc_partial	6	64	2	46	1.0000	1.0000
main	canc_partial	6	64	2	47	1.0000	1.0000
main	canc_partial	6	64	2	48	1.0000	1.0000
main	canc_partial	6	64	2	49	1.0000	1.0000
main	canc_partial	6	64	2	50	1.0000	1.0000
main	canc_partial	6	64	2	51	1.0000	1.0000
main	canc_partial	6	64	2	52	1.0000	1.0000
main	canc_partial	6	64	2	53	1.0000	1.0000
main	canc_partial	6	64	2	54	1.0000	1.0000
main	canc_partial	6	64	2	55	1.0000	1.0000
main	canc_partial	6	64	2	56	1.0000	1.0000
main	canc_partial	6	64	2	57	1.0000	1.0000
main	canc_partial	6	64	2	58	1.0000	1.0000
main	canc_partial	6	64	2	59	1.0000	1.0000
main	canc_partial	6	64	2	60	1.0000	1.0000
main	canc_partial	7	64	2	1	0.0000	0.0000
main	canc_partial	7	64	2	2	0.0480	0.0000
main	canc_partial	7	64	2	3	0.0364	0.0000
main	canc_partial	7	64	2	4	0.0000	0.0000
main	canc_partial	7	64	2	5	0.0000	0.0000
main	canc_partial	7	64	2	6	0.0000	0.0000
main	canc_partial	7	64	2	7	0.0199	0.0000
main	canc_partial	7	64	2	8	0.1060	0.0000
main	canc_partial	7	64	2	9	0.1060	0.0000
main	canc_partial	7	64	2	10	0.1589	0.0000
main	canc_partial	7	64	2	11	0.1854	0.0000
main	canc_partial	7	64	2	12	0.1987	0.0000
main	canc_partial	7	64	2	13	0.2020	0.0000
main	canc_partial	7	64	2	14	0.2119	0.0000
main	canc_partial	7	64	2	15	0.2252	0.0000
main	canc_partial	7	64	2	16	0.2252	0.0000
main	canc_partial	7	64	2	17	0.2276	0.0000
main	canc_partial	7	64	2	18	0.2384	0.0000
main	canc_partial	7	64	2	19	0.2384	0.0000
main	canc_partial	7	64	2	20	0.2384	0.0000
main	canc_partial	7	64	2	21	0.2384	0.0000
main	canc_partial	7	64	2	22	0.2384	0.0000
main	canc_partial	7	64	2	23	0.2384	0.0000
main	canc_partial	7	64	2	24	0.2384	0.0000
main	canc_partial	7	64	2	25	0.2384	0.0000
main	canc_partial	7	64	2	26	0.2384	0.0000
main	canc_partial	7	64	2	27	0.2649	0.0625
main	canc_partial	7	64	2	28	0.7392	0.7500
main	canc_partial	7	64	2	29	1.0000	1.0000
main	canc_partial	7	64	2	30	1.0000	1.0000
main	canc_partial	7	64	2	31	1.0000	1.0000
main	canc_partial	7	64	2	32	1.0000	1.0000
main	canc_partial	7	64	2	33	1.0000	1.0000
main	canc_partial	7	64	2	34	1.0000	1.0000
main	canc_partial	7	64	2	35	1.0000	1.0000
main	canc_partial	7	64	2	36	1.0000	1.0000
main	canc_partial	7	64	2	37	1.0000	1.0000
main	canc_partial	7	64	2	38	1.0000	1.0000
main	canc_partial	7	64	2	39	1.0000	1.0000
main	canc_partial	7	64	2	40	1.0000	1.0000
main	canc_partial	7	64	2	41	1.0000	1.0000
main	canc_partial	7	64	2	42	1.0000	1.0000
main	canc_partial	7	64	2	43	1.0000	1.0000
main	canc_partial	7	64	2	44	1.0000	1.0000
main	canc_partial	7	64	2	45	1.0000	1.0000
main	canc_partial	7	64	2	46	1.0000	1.0000
main	canc_partial	7	64	2	47	1.0000	1.0000
main	canc_partial	7	64	2	48	1.0000	1.0000
main	canc_partial	7	64	2	49	1.0000	1.0000
main	canc_partial	7	64	2	50	1.0000	1.0000
main	canc_partial	7	64	2	51	1.0000	1.0000
main	canc_partial	7	64	2	52	1.0000	1.0000
main	canc_partial	7	64	2	53	1.0000	1.0000
main	canc_partial	7	64	2	54	1.0000	1.0000
main	canc_partial	7	64	2	55	1.0000	1.0000
main	canc_partial	7	64	2	56	1.0000	1.0000
main	canc_partial	7	64	2	57	1.0000	1.0000
main	canc_partial	7	64	2	58	1.0000	1.0000
main	canc_partial	7	64	2	59	1.0000	1.0000
main	canc_partial	7	64	2	60	1.0000	1.0000
main	canc_partial	8	64	2	1	0.0000	0.0000
main	canc_partial	8	64	2	2	0.0000	0.0000
main	canc_partial	8	64	2	3	0.0000	0.0000
main	canc_partial	8	64	2	4	0.0000	0.0000
main	canc_partial	8	64	2	5	0.0695	0.0000
main	canc_partial	8	64	2	6	0.0795	0.0000
main	canc_partial	8	64	2	7	0.0795	0.0000
main	canc_partial	8	64	2	8	0.1060	0.0000
main	canc_partial	8	64	2	9	0.1060	0.0000
main	canc_partial	8	64	2	10	0.1854	0.0000
main	canc_partial	8	64	2	11	0.1854	0.0000
main	canc_partial	8	64	2	12	0.1887	0.0000
main	canc_partial	8	64	2	13	0.2169	0.0000
main	canc_partial	8	64	2	14	0.2268	0.0000
main	canc_partial	8	64	2	15	0.2384	0.0000
main	canc_partial	8	64	2	16	0.2384	0.0000
main	canc_partial	8	64	2	17	0.2558	0.0312
main	canc_partial	8	64	2	18	0.2384	0.0000
main	canc_partial	8	64	2	19	0.2384	0.0000
main	canc_partial	8	64	2	20	0.2384	0.0000
main	canc_partial	8	64	2	21	0.2384	0.0000
main	canc_partial	8	64	2	22	0.2384	0.0000
main	canc_partial	8	64	2	23	0.2384	0.0000
main	canc_partial	8	64	2	24	0.2384	0.0000
main	canc_partial	8	64	2	25	0.2384	0.0000
main	canc_partial	8	64	2	26	0.2384	0.0000
main	canc_partial	8	64	2	27	0.3113	0.1250
main	canc_partial	8	64	2	28	1.0000	1.0000
main	canc_partial	8	64	2	29	1.0000	1.0000
main	canc_partial	8	64	2	30	1.0000	1.0000
main	canc_partial	8	64	2	31	1.0000	1.0000
main	canc_partial	8	64	2	32	1.0000	1.0000
main	canc_partial	8	64	2	33	1.0000	1.0000
main	canc_partial	8	64	2	34	1.0000	1.0000
main	canc_partial	8	64	2	35	1.0000	1.0000
main	canc_partial	8	64	2	36	1.0000	1.0000
main	canc_partial	8	64	2	37	1.0000	1.0000
main	canc_partial	8	64	2	38	1.0000	1.0000
main	canc_partial	8	64	2	39	1.0000	1.0000
main	canc_partial	8	64	2	40	1.0000	1.0000
main	canc_partial	8	64	2	41	1.0000	1.0000
main	canc_partial	8	64	2	42	1.0000	1.0000
main	canc_partial	8	64	2	43	1.0000	1.0000
main	canc_partial	8	64	2	44	1.0000	1.0000
main	canc_partial	8	64	2	45	1.0000	1.0000
main	canc_partial	8	64	2	46	1.0000	1.0000
main	canc_partial	8	64	2	47	1.0000	1.0000
main	canc_partial	8	64	2	48	1.0000	1.0000
main	canc_partial	8	64	2	49	1.0000	1.0000
main	canc_partial	8	64	2	50	1.0000	1.0000
main	canc_partial	8	64	2	51	1.0000	1.0000
main	canc_partial	8	64	2	52	1.0000	1.0000
main	canc_partial	8	64	2	53	1.0000	1.0000
main	canc_partial	8	64	2	54	1.0000	1.0000
main	canc_partial	8	64	2	55	1.0000	1.0000
main	canc_partial	8	64	2	56	1.0000	1.0000
main	canc_partial	8	64	2	57	1.0000	1.0000
main	canc_partial	8	64	2	58	1.0000	1.0000
main	canc_partial	8	64	2	59	1.0000	1.0000
main	canc_partial	8	64	2	60	1.0000	1.0000
main	canc_partial	9	64	2	1	0.0000	0.0000
main	canc_partial	9	64	2	2	0.0265	0.0000
main	canc_partial	9	64	2	3	0.0265	0.0000
main	canc_partial	9	64	2	4	0.0530	0.0000
main	canc_partial	9	64	2	5	0.1060	0.0000
main	canc_partial	9	64	2	6	0.1060	0.0000
main	canc_partial	9	64	2	7	0.2086	0.0000
main	canc_partial	9	64	2	8	0.2119	0.0000
main	canc_partial	9	64	2	9	0.2119	0.0000
main	canc_partial	9	64	2	10	0.2119	0.0000
main	canc_partial	9	64	2	11	0.2119	0.0000
main	canc_partial	9	64	2	12	0.2235	0.0000
main	canc_partial	9	64	2	13	0.2252	0.0000
main	canc_partial	9	64	2	14	0.2268	0.0000
main	canc_partial	9	64	2	15	0.2384	0.0000
main	canc_partial	9	64	2	16	0.2384	0.0000
main	canc_partial	9	64	2	17	0.2384	0.0000
main	canc_partial	9	64	2	18	0.2384	0.0000
main	canc_partial	9	64	2	19	0.2384	0.0000
main	canc_partial	9	64	2	20	0.2384	0.0000
main	canc_partial	9	64	2	21	0.2384	0.0000
main	canc_partial	9	64	2	22	0.2384	0.0000
main	canc_partial	9	64	2	23	0.2384	0.0000
main	canc_partial	9	64	2	24	0.2384	0.0000
main	canc_partial	9	64	2	25	0.2384	0.0000
main	canc_partial	9	64	2	26	0.2384	0.0000
main	canc_partial	9	64	2	27	0.2384	0.0000
main	canc_partial	9	64	2	28	0.2384	0.0000
main	canc_partial	9	64	2	29	0.2384	0.0000
main	canc_partial	9	64	2	30	0.2384	0.0000
main	canc_partial	9	64	2	31	0.2384	0.0000
main	canc_partial	9	64	2	32	0.3113	0.0625
main	canc_partial	9	64	2	33	0.9288	0.8438
main	canc_partial	9	64	2	34	1.0000	1.0000
main	canc_partial	9	64	2	35	1.0000	1.0000
main	canc_partial	9	64	2	36	1.0000	1.0000
main	canc_partial	9	64	2	37	1.0000	1.0000
main	canc_partial	9	64	2	38	1.0000	1.0000
main	canc_partial	9	64	2	39	1.0000	1.0000
main	canc_partial	9	64	2	40	1.0000	1.0000
main	canc_partial	9	64	2	41	1.0000	1.0000
main	canc_partial	9	64	2	42	1.0000	1.0000
main	canc_partial	9	64	2	43	1.0000	1.0000
main	canc_partial	9	64	2	44	1.0000	1.0000
main	canc_partial	9	64	2	45	1.0000	1.0000
main	canc_partial	9	64	2	46	1.0000	1.0000
main	canc_partial	9	64	2	47	1.0000	1.0000
main	canc_partial	9	64	2	48	1.0000	1.0000
main	canc_partial	9	64	2	49	1.0000	1.0000
main	canc_partial	9	64	2	50	1.0000	1.0000
main	canc_partial	9	64	2	51	1.0000	1.0000
main	canc_partial	9	64	2	52	1.0000	1.0000
main	canc_partial	9	64	2	53	1.0000	1.0000
main	canc_partial	9	64	2	54	1.0000	1.0000
main	canc_partial	9	64	2	55	1.0000	1.0000
main	canc_partial	9	64	2	56	1.0000	1.0000
main	canc_partial	9	64	2	57	1.0000	1.0000
main	canc_partial	9	64	2	58	1.0000	1.0000
main	canc_partial	9	64	2	59	1.0000	1.0000
main	canc_partial	9	64	2	60	1.0000	1.0000
main	layer_dual	0	64	2	1	0.0000	0.0000
main	layer_dual	0	64	2	2	0.0000	0.0000
main	layer_dual	0	64	2	3	0.8411	0.0000
main	layer_dual	0	64	2	4	0.8411	0.0000
main	layer_dual	0	64	2	5	0.8411	0.0000
main	layer_dual	0	64	2	6	0.8411	0.0000
main	layer_dual	0	64	2	7	0.8411	0.0000
main	layer_dual	0	64	2	8	0.8543	0.0000
main	layer_dual	0	64	2	9	0.8808	0.0000
main	layer_dual	0	64	2	10	0.8808	0.0000
main	layer_dual	0	64	2	11	0.8808	0.0000
main	layer_dual	0	64	2	12	0.8825	0.0000
main	layer_dual	0	64	2	13	0.9073	0.0000
main	layer_dual	0	64	2	14	0.9073	0.0000
main	layer_dual	0	64	2	15	0.9073	0.0000
main	layer_dual	0	64	2	16	0.9073	0.0000
main	layer_dual	0	64	2	17	0.9073	0.0000
main	layer_dual	0	64	2	18	0.9089	0.0000
main	layer_dual	0	64	2	19	0.9205	0.0000
main	layer_dual	0	64	2	20	0.9205	0.0000
main	layer_dual	0	64	2	21	0.9205	0.0000
main	layer_dual	0	64	2	22	0.9205	0.0000
main	layer_dual	0	64	2	23	0.9205	0.0000
main	layer_dual	0	64	2	24	0.9205	0.0000
main	layer_dual	0	64	2	25	0.9205	0.0000
main	layer_dual	0	64	2	26	0.9205	0.0000
main	layer_dual	0	64	2	27	0.9205	0.0000
main	layer_dual	0	64	2	28	0.9205	0.0000
main	layer_dual	0	64	2	29	0.9205	0.0000
main	layer_dual	0	64	2	30	0.9205	0.0000
main	layer_dual	0	64	2	31	0.9205	0.0000
main	layer_dual	0	64	2	32	0.9205	0.0000
main	layer_dual	0	64	2	33	0.9205	0.0000
main	layer_dual	0	64	2	34	0.9205	0.0000
main	layer_dual	0	64	2	35	0.9205	0.0000
main	layer_dual	0	64	2	36	0.9205	0.0000
main	layer_dual	0	64	2	37	0.9205	0.0000
main	layer_dual	0	64	2	38	0.9205	0.0000
main	layer_dual	0	64	2	39	0.9205	0.0000
main	layer_dual	0	64	2	40	0.9205	0.0000
main	layer_dual	0	64	2	41	0.9205	0.0000
main	layer_dual	0	64	2	42	0.9205	0.0000
main	layer_dual	0	64	2	43	0.9205	0.0000
main	layer_dual	0	64	2	44	0.9205	0.0000
main	layer_dual	0	64	2	45	0.9205	0.0000
main	layer_dual	0	64	2	46	0.9205	0.0000
main	layer_dual	0	64	2	47	0.9205	0.0000
main	layer_dual	0	64	2	48	0.9205	0.0000
main	layer_dual	0	64	2	49	0.9205	0.0000
main	layer_dual	0	64	2	50	0.9205	0.0000
main	layer_dual	0	64	2	51	0.9205	0.0000
main	layer_dual	0	64	2	52	0.9205	0.0000
main	layer_dual	0	64	2	53	0.9205	0.0000
main	layer_dual	0	64	2	54	0.9205	0.0000
main	layer_dual	0	64	2	55	0.9205	0.0000
main	layer_dual	0	64	2	56	0.9205	0.0000
main	layer_dual	0	64	2	57	0.9205	0.0000
main	layer_dual	0	64	2	58	0.9205	0.0000
main	layer_dual	0	64	2	59	0.9205	0.0000
main	layer_dual	0	64	2	60	0.9205	0.0000
main	layer_dual	1	64	2	1	0.0017	0.0000
main	layer_dual	1	64	2	2	0.7624	0.0000
main	layer_dual	1	64	2	3	0.7641	0.0000
main	layer_dual	1	64	2	4	0.7616	0.0000
main	layer_dual	1	64	2	5	0.7616	0.0000
main	layer_dual	1	64	2	6	0.7616	0.0000
main	layer_dual	1	64	2	7	0.7616	0.0000
main	layer_dual	1	64	2	8	0.8411	0.0000
main	layer_dual	1	64	2	9	0.8411	0.0000
main	layer_dual	1	64	2	10	0.8427	0.0000
main	layer_dual	1	64	2	11	0.8767	0.0000
main	layer_dual	1	64	2	12	0.8808	0.0000
main	layer_dual	1	64	2	13	0.8882	0.0000
main	layer_dual	1	64	2	14	0.9023	0.0000
main	layer_dual	1	64	2	15	0.9073	0.0000
main	layer_dual	1	64	2	16	0.9073	0.0000
main	layer_dual	1	64	2	17	0.9073	0.0000
main	layer_dual	1	64	2	18	0.9098	0.0000
main	layer_dual	1	64	2	19	0.9205	0.0000
main	layer_dual	1	64	2	20	0.9205	0.0000
main	layer_dual	1	64	2	21	0.9205	0.0000
main	layer_dual	1	64	2	22	0.9205	0.0000
main	layer_dual	1	64	2	23	0.9205	0.0000
main	layer_dual	1	64	2	24	0.9205	0.0000
main	layer_dual	1	64	2	25	0.9205	0.0000
main	layer_dual	1	64	2	26	0.9205	0.0000
main	layer_dual	1	64	2	27	0.9205	0.0000
main	layer_dual	1	64	2	28	0.9205	0.0000
main	layer_dual	1	64	2	29	0.9205	0.0000
main	layer_dual	1	64	2	30	0.9205	0.0000
main	layer_dual	1	64	2	31	0.9205	0.0000
main	layer_dual	1	64	2	32	0.9205	0.0000
main	layer_dual	1	64	2	33	0.9205	0.0000
main	layer_dual	1	64	2	34	0.9205	0.0000
main	layer_dual	1	64	2	35	0.9205	0.0000
main	layer_dual	1	64	2	36	0.9205	0.0000
main	layer_dual	1	64	2	37	0.9205	0.0000
main	layer_dual	1	64	2	38	0.9205	0.0000
main	layer_dual	1	64	2	39	0.9205	0.0000
main	layer_dual	1	64	2	40	0.9205	0.0000
main	layer_dual	1	64	2	41	0.9205	0.0000
main	layer_dual	1	64	2	42	0.9205	0.0000
main	layer_dual	1	64	2	43	0.9205	0.0000
main	layer_dual	1	64	2	44	0.9205	0.0000
main	layer_dual	1	64	2	45	0.9205	0.0000
main	layer_dual	1	64	2	46	0.9205	0.0000
main	layer_dual	1	64	2	47	0.9205	0.0000
main	layer_dual	1	64	2	48	0.9205	0.0000
main	layer_dual	1	64	2	49	0.9205	0.0000
main	layer_dual	1	64	2	50	0.9205	0.0000
main	layer_dual	1	64	2	51	0.9205	0.0000
main	layer_dual	1	64	2	52	0.9205	0.0000
main	layer_dual	1	64	2	53	0.9205	0.0000
main	layer_dual	1	64	2	54	0.9205	0.0000
main	layer_dual	1	64	2	55	0.9205	0.0000
main	layer_dual	1	64	2	56	0.9205	0.0000
main	layer_dual	1	64	2	57	0.9205	0.0000
main	layer_dual	1	64	2	58	0.9205	0.0000
main	layer_dual	1	64	2	59	0.9205	0.0000
main	layer_dual	1	64	2	60	0.9205	0.0000
main	layer_dual	2	64	2	1	0.0000	0.0000
main	layer_dual	2	64	2	2	0.0281	0.0000
main	layer_dual	2	64	2	3	0.7616	0.0000
main	layer_dual	2	64	2	4	0.7616	0.0000
main	layer_dual	2	64	2	5	0.7616	0.0000
main	layer_dual	2	64	2	6	0.7641	0.0000
main	layer_dual	2	64	2	7	0.7740	0.0000
main	layer_dual	2	64	2	8	0.8783	0.0000
main	layer_dual	2	64	2	9	0.8940	0.0000
main	layer_dual	2	64	2	10	0.8940	0.0000
main	layer_dual	2	64	2	11	0.8940	0.0000
main	layer_dual	2	64	2	12	0.9056	0.0000
main	layer_dual	2	64	2	13	0.9073	0.0000
main	layer_dual	2	64	2	14	0.9073	0.0000
main	layer_dual	2	64	2	15	0.9073	0.0000
main	layer_dual	2	64	2	16	0.9073	0.0000
main	layer_dual	2	64	2	17	0.9073	0.0000
main	layer_dual	2	64	2	18	0.9073	0.0000
main	layer_dual	2	64	2	19	0.9073	0.0000
main	layer_dual	2	64	2	20	0.9073	0.0000
main	layer_dual	2	64	2	21	0.9073	0.0000
main	layer_dual	2	64	2	22	0.9073	0.0000
main	layer_dual	2	64	2	23	0.9073	0.0000
main	layer_dual	2	64	2	24	0.9073	0.0000
main	layer_dual	2	64	2	25	0.9073	0.0000
main	layer_dual	2	64	2	26	0.9073	0.0000
main	layer_dual	2	64	2	27	0.9073	0.0000
main	layer_dual	2	64	2	28	0.9073	0.0000
main	layer_dual	2	64	2	29	0.9106	0.0000
main	layer_dual	2	64	2	30	0.9205	0.0000
main	layer_dual	2	64	2	31	0.9205	0.0000
main	layer_dual	2	64	2	32	0.9205	0.0000
main	layer_dual	2	64	2	33	0.9205	0.0000
main	layer_dual	2	64	2	34	0.9205	0.0000
main	layer_dual	2	64	2	35	0.9205	0.0000
main	layer_dual	2	64	2	36	0.9205	0.0000
main	layer_dual	2	64	2	37	0.9205	0.0000
main	layer_dual	2	64	2	38	0.9205	0.0000
main	layer_dual	2	64	2	39	0.9205	0.0000
main	layer_dual	2	64	2	40	0.9205	0.0000
main	layer_dual	2	64	2	41	0.9205	0.0000
main	layer_dual	2	64	2	42	0.9205	0.0000
main	layer_dual	2	64	2	43	0.9205	0.0000
main	layer_dual	2	64	2	44	0.9205	0.0000
main	layer_dual	2	64	2	45	0.9205	0.0000
main	layer_dual	2	64	2	46	0.9205	0.0000
main	layer_dual	2	64	2	47	0.9205	0.0000
main	layer_dual	2	64	2	48	0.9205	0.0000
main	layer_dual	2	64	2	49	0.9205	0.0000
main	layer_dual	2	64	2	50	0.9205	0.0000
main	layer_dual	2	64	2	51	0.9205	0.0000
main	layer_dual	2	64	2	52	0.9205	0.0000
main	layer_dual	2	64	2	53	0.9205	0.0000
main	layer_dual	2	64	2	54	0.9205	0.0000
main	layer_dual	2	64	2	55	0.9205	0.0000
main	layer_dual	2	64	2	56	0.9205	0.0000
main	layer_dual	2	64	2	57	0.9205	0.0000
main	layer_dual	2	64	2	58	0.9205	0.0000
main	layer_dual	2	64	2	59	0.9205	0.0000
main	layer_dual	2	64	2	60	0.9205	0.0000
main	layer_dual	3	64	2	1	0.0000	0.0000
main	layer_dual	3	64	2	2	0.0695	0.0000
main	layer_dual	3	64	2	3	0.8411	0.0000
main	layer_dual	3	64	2	4	0.8411	0.0000
main	layer_dual	3	64	2	5	0.8411	0.0000
main	layer_dual	3	64	2	6	0.8411	0.0000
main	layer_dual	3	64	2	7	0.8411	0.0000
main	layer_dual	3	64	2	8	0.8675	0.0000
main	layer_dual	3	64	2	9	0.8675	0.0000
main	layer_dual	3	64	2	10	0.8675	0.0000
main	layer_dual	3	64	2	11	0.8675	0.0000
main	layer_dual	3	64	2	12	0.8940	0.0000
main	layer_dual	3	64	2	13	0.8940	0.0000
main	layer_dual	3	64	2	14	0.8940	0.0000
main	layer_dual	3	64	2	15	0.8974	0.0000
main	layer_dual	3	64	2	16	0.9040	0.0000
main	layer_dual	3	64	2	17	0.9073	0.0000
main	layer_dual	3	64	2	18	0.9073	0.0000
main	layer_dual	3	64	2	19	0.9073	0.0000
main	layer_dual	3	64	2	20	0.9172	0.0000
main	layer_dual	3	64	2	21	0.9205	0.0000
main	layer_dual	3	64	2	22	0.9205	0.0000
main	layer_dual	3	64	2	23	0.9205	0.0000
main	layer_dual	3	64	2	24	0.9205	0.0000
main	layer_dual	3	64	2	25	0.9205	0.0000
main	layer_dual	3	64	2	26	0.9205	0.0000
main	layer_dual	3	64	2	27	0.9205	0.0000
main	layer_dual	3	64	2	28	0.9205	0.0000
main	layer_dual	3	64	2	29	0.9205	0.0000
main	layer_dual	3	64	2	30	0.9205	0.0000
main	layer_dual	3	64	2	31	0.9205	0.0000
main	layer_dual	3	64	2	32	0.9205	0.0000
main	layer_dual	3	64	2	33	0.9205	0.0000
main	layer_dual	3	64	2	34	0.9205	0.0000
main	layer_dual	3	64	2	35	0.9205	0.0000
main	layer_dual	3	64	2	36	0.9205	0.0000
main	layer_dual	3	64	2	37	0.9205	0.0000
main	layer_dual	3	64	2	38	0.9205	0.0000
main	layer_dual	3	64	2	39	0.9205	0.0000
main	layer_dual	3	64	2	40	0.9205	0.0000
main	layer_dual	3	64	2	41	0.9205	0.0000
main	layer_dual	3	64	2	42	0.9205	0.0000
main	layer_dual	3	64	2	43	0.9205	0.0000
main	layer_dual	3	64	2	44	0.9205	0.0000
main	layer_dual	3	64	2	45	0.9205	0.0000
main	layer_dual	3	64	2	46	0.9205	0.0000
main	layer_dual	3	64	2	47	0.9205	0.0000
main	layer_dual	3	64	2	48	0.9205	0.0000
main	layer_dual	3	64	2	49	0.9205	0.0000
main	layer_dual	3	64	2	50	0.9205	0.0000
main	layer_dual	3	64	2	51	0.9205	0.0000
main	layer_dual	3	64	2	52	0.9205	0.0000
main	layer_dual	3	64	2	53	0.9205	0.0000
main	layer_dual	3	64	2	54	0.9205	0.0000
main	layer_dual	3	64	2	55	0.9205	0.0000
main	layer_dual	3	64	2	56	0.9205	0.0000
main	layer_dual	3	64	2	57	0.9205	0.0000
main	layer_dual	3	64	2	58	0.9205	0.0000
main	layer_dual	3	64	2	59	0.9205	0.0000
main	layer_dual	3	64	2	60	0.9205	0.0000
main	layer_dual	4	64	2	1	0.8411	0.0000
main	layer_dual	4	64	2	2	0.8411	0.0000
main	layer_dual	4	64	2	3	0.8411	0.0000
main	layer_dual	4	64	2	4	0.8411	0.0000
main	layer_dual	4	64	2	5	0.8411	0.0000
main	layer_dual	4	64	2	6	0.8469	0.0000
main	layer_dual	4	64	2	7	0.8758	0.0000
main	layer_dual	4	64	2	8	0.8808	0.0000
main	layer_dual	4	64	2	9	0.8808	0.0000
main	layer_dual	4	64	2	10	0.8940	0.0000
main	layer_dual	4	64	2	11	0.8940	0.0000
main	layer_dual	4	64	2	12	0.9205	0.0000
main	layer_dual	4	64	2	13	0.9205	0.0000
main	layer_dual	4	64	2	14	0.9205	0.0000
main	layer_dual	4	64	2	15	0.9205	0.0000
main	layer_dual	4	64	2	16	0.9205	0.0000
main	layer_dual	4	64	2	17	0.9205	0.0000
main	layer_dual	4	64	2	18	0.9205	0.0000
main	layer_dual	4	64	2	19	0.9205	0.0000
main	layer_dual	4	64	2	20	0.9205	0.0000
main	layer_dual	4	64	2	21	0.9205	0.0000
main	layer_dual	4	64	2	22	0.9205	0.0000
main	layer_dual	4	64	2	23	0.9205	0.0000
main	layer_dual	4	64	2	24	0.9205	0.0000
main	layer_dual	4	64	2	25	0.9205	0.0000
main	layer_dual	4	64	2	26	0.9205	0.0000
main	layer_dual	4	64	2	27	0.9205	0.0000
main	layer_dual	4	64	2	28	0.9205	0.0000
main	layer_dual	4	64	2	29	0.9205	0.0000
main	layer_dual	4	64	2	30	0.9205	0.0000
main	layer_dual	4	64	2	31	0.9205	0.0000
main	layer_dual	4	64	2	32	0.9205	0.0000
main	layer_dual	4	64	2	33	0.9205	0.0000
main	layer_dual	4	64	2	34	0.9205	0.0000
main	layer_dual	4	64	2	35	0.9205	0.0000
main	layer_dual	4	64	2	36	0.9205	0.0000
main	layer_dual	4	64	2	37	0.9205	0.0000
main	layer_dual	4	64	2	38	0.9205	0.0000
main	layer_dual	4	64	2	39	0.9205	0.0000
main	layer_dual	4	64	2	40	0.9205	0.0000
main	layer_dual	4	64	2	41	0.9205	0.0000
main	layer_dual	4	64	2	42	0.9205	0.0000
main	layer_dual	4	64	2	43	0.9205	0.0000
main	layer_dual	4	64	2	44	0.9205	0.0000
main	layer_dual	4	64	2	45	0.9205	0.0000
main	layer_dual	4	64	2	46	0.9205	0.0000
main	layer_dual	4	64	2	47	0.9205	0.0000
main	layer_dual	4	64	2	48	0.9205	0.0000
main	layer_dual	4	64	2	49	0.9205	0.0000
main	layer_dual	4	64	2	50	0.9205	0.0000
main	layer_dual	4	64	2	51	0.9205	0.0000
main	layer_dual	4	64	2	52	0.9205	0.0000
main	layer_dual	4	64	2	53	0.9205	0.0000
main	layer_dual	4	64	2	54	0.9205	0.0000
main	layer_dual	4	64	2	55	0.9205	0.0000
main	layer_dual	4	64	2	56	0.9205	0.0000
main	layer_dual	4	64	2	57	0.9205	0.0000
main	layer_dual	4	64	2	58	0.9205	0.0000
main	layer_dual	4	64	2	59	0.9205	0.0000
main	layer_dual	4	64	2	60	0.9205	0.0000
main	layer_dual	5	64	2	1	0.0000	0.0000
main	layer_dual	5	64	2	2	0.7616	0.0000
main	layer_dual	5	64	2	3	0.8411	0.0000
main	layer_dual	5	64	2	4	0.8411	0.0000
main	layer_dual	5	64	2	5	0.8543	0.0000
main	layer_dual	5	64	2	6	0.9015	0.0000
main	layer_dual	5	64	2	7	0.9073	0.0000
main	layer_dual	5	64	2	8	0.9073	0.0000
main	layer_dual	5	64	2	9	0.9073	0.0000
main	layer_dual	5	64	2	10	0.9073	0.0000
main	layer_dual	5	64	2	11	0.9089	0.0000
main	layer_dual	5	64	2	12	0.9205	0.0000
main	layer_dual	5	64	2	13	0.9205	0.0000
main	layer_dual	5	64	2	14	0.9205	0.0000
main	layer_dual	5	64	2	15	0.9205	0.0000
main	layer_dual	5	64	2	16	0.9205	0.0000
main	layer_dual	5	64	2	17	0.9205	0.0000
main	layer_dual	5	64	2	18	0.9205	0.0000
main	layer_dual	5	64	2	19	0.9205	0.0000
main	layer_dual	5	64	2	20	0.9205	0.0000
main	layer_dual	5	64	2	21	0.9205	0.0000
main	layer_dual	5	64	2	22	0.9205	0.0000
main	layer_dual	5	64	2	23	0.9205	0.0000
main	layer_dual	5	64	2	24	0.9205	0.0000
main	layer_dual	5	64	2	25	0.9205	0.0000
main	layer_dual	5	64	2	26	0.9205	0.0000
main	layer_dual	5	64	2	27	0.9205	0.0000
main	layer_dual	5	64	2	28	0.9205	0.0000
main	layer_dual	5	64	2	29	0.9205	0.0000
main	layer_dual	5	64	2	30	0.9205	0.0000
main	layer_dual	5	64	2	31	0.9205	0.0000
main	layer_dual	5	64	2	32	0.9205	0.0000
main	layer_dual	5	64	2	33	0.9205	0.0000
main	layer_dual	5	64	2	34	0.9205	0.0000
main	layer_dual	5	64	2	35	0.9205	0.0000
main	layer_dual	5	64	2	36	0.9205	0.0000
main	layer_dual	5	64	2	37	0.9205	0.0000
main	layer_dual	5	64	2	38	0.9205	0.0000
main	layer_dual	5	64	2	39	0.9205	0.0000
main	layer_dual	5	64	2	40	0.9205	0.0000
main	layer_dual	5	64	2	41	0.9205	0.0000
main	layer_dual	5	64	2	42	0.9205	0.0000
main	layer_dual	5	64	2	43	0.9205	0.0000
main	layer_dual	5	64	2	44	0.9205	0.0000
main	layer_dual	5	64	2	45	0.9205	0.0000
main	layer_dual	5	64	2	46	0.9205	0.0000
main	layer_dual	5	64	2	47	0.9205	0.0000
main	layer_dual	5	64	2	48	0.9205	0.0000
main	layer_dual	5	64	2	49	0.9205	0.0000
main	layer_dual	5	64	2	50	0.9205	0.0000
main	layer_dual	5	64	2	51	0.9205	0.0000
main	layer_dual	5	64	2	52	0.9205	0.0000
main	layer_dual	5	64	2	53	0.9205	0.0000
main	layer_dual	5	64	2	54	0.9205	0.0000
main	layer_dual	5	64	2	55	0.9205	0.0000
main	layer_dual	5	64	2	56	0.9205	0.0000
main	layer_dual	5	64	2	57	0.9205	0.0000
main	layer_dual	5	64	2	58	0.9205	0.0000
main	layer_dual	5	64	2	59	0.9205	0.0000
main	layer_dual	5	64	2	60	0.9205	0.0000
main	layer_dual	6	64	2	1	0.7616	0.0000
main	layer_dual	6	64	2	2	0.7616	0.0000
main	layer_dual	6	64	2	3	0.7616	0.0000
main	layer_dual	6	64	2	4	0.7616	0.0000
main	layer_dual	6	64	2	5	0.7616	0.0000
main	layer_dual	6	64	2	6	0.7616	0.0000
main	layer_dual	6	64	2	7	0.7616	0.0000
main	layer_dual	6	64	2	8	0.7616	0.0000
main	layer_dual	6	64	2	9	0.7632	0.0000
main	layer_dual	6	64	2	10	0.7748	0.0000
main	layer_dual	6	64	2	11	0.8808	0.0000
main	layer_dual	6	64	2	12	0.8808	0.0000
main	layer_dual	6	64	2	13	0.8808	0.0000
main	layer_dual	6	64	2	14	0.8808	0.0000
main	layer_dual	6	64	2	15	0.8808	0.0000
main	layer_dual	6	64	2	16	0.8808	0.0000
main	layer_dual	6	64	2	17	0.8841	0.0000
main	layer_dual	6	64	2	18	0.8957	0.0000
main	layer_dual	6	64	2	19	0.9040	0.0000
main	layer_dual	6	64	2	20	0.9180	0.0000
main	layer_dual	6	64	2	21	0.9205	0.0000
main	layer_dual	6	64	2	22	0.9205	0.0000
main	layer_dual	6	64	2	23	0.9205	0.0000
main	layer_dual	6	64	2	24	0.9205	0.0000
main	layer_dual	6	64	2	25	0.9205	0.0000
main	layer_dual	6	64	2	26	0.9205	0.0000
main	layer_dual	6	64	2	27	0.9205	0.0000
main	layer_dual	6	64	2	28	0.9205	0.0000
main	layer_dual	6	64	2	29	0.9205	0.0000
main	layer_dual	6	64	2	30	0.9205	0.0000
main	layer_dual	6	64	2	31	0.9205	0.0000
main	layer_dual	6	64	2	32	0.9205	0.0000
main	layer_dual	6	64	2	33	0.9205	0.0000
main	layer_dual	6	64	2	34	0.9205	0.0000
main	layer_dual	6	64	2	35	0.9205	0.0000
main	layer_dual	6	64	2	36	0.9205	0.0000
main	layer_dual	6	64	2	37	0.9205	0.0000
main	layer_dual	6	64	2	38	0.9205	0.0000
main	layer_dual	6	64	2	39	0.9205	0.0000
main	layer_dual	6	64	2	40	0.9205	0.0000
main	layer_dual	6	64	2	41	0.9205	0.0000
main	layer_dual	6	64	2	42	0.9205	0.0000
main	layer_dual	6	64	2	43	0.9205	0.0000
main	layer_dual	6	64	2	44	0.9205	0.0000
main	layer_dual	6	64	2	45	0.9205	0.0000
main	layer_dual	6	64	2	46	0.9205	0.0000
main	layer_dual	6	64	2	47	0.9205	0.0000
main	layer_dual	6	64	2	48	0.9205	0.0000
main	layer_dual	6	64	2	49	0.9205	0.0000
main	layer_dual	6	64	2	50	0.9205	0.0000
main	layer_dual	6	64	2	51	0.9205	0.0000
main	layer_dual	6	64	2	52	0.9205	0.0000
main	layer_dual	6	64	2	53	0.9205	0.0000
main	layer_dual	6	64	2	54	0.9205	0.0000
main	layer_dual	6	64	2	55	0.9205	0.0000
main	layer_dual	6	64	2	56	0.9205	0.0000
main	layer_dual	6	64	2	57	0.9205	0.0000
main	layer_dual	6	64	2	58	0.9205	0.0000
main	layer_dual	6	64	2	59	0.9205	0.0000
main	layer_dual	6	64	2	60	0.9205	0.0000
main	layer_dual	7	64	2	1	0.0000	0.0000
main	layer_dual	7	64	2	2	0.7616	0.0000
main	layer_dual	7	64	2	3	0.7616	0.0000
main	layer_dual	7	64	2	4	0.7616	0.0000
main	layer_dual	7	64	2	5	0.7616	0.0000
main	layer_dual	7	64	2	6	0.7616	0.0000
main	layer_dual	7	64	2	7	0.7616	0.0000
main	layer_dual	7	64	2	8	0.7616	0.0000
main	layer_dual	7	64	2	9	0.8411	0.0000
main	layer_dual	7	64	2	10	0.8411	0.0000
main	layer_dual	7	64	2	11	0.8485	0.0000
main	layer_dual	7	64	2	12	0.8675	0.0000
main	layer_dual	7	64	2	13	0.8924	0.0000
main	layer_dual	7	64	2	14	0.8940	0.0000
main	layer_dual	7	64	2	15	0.8957	0.0000
main	layer_dual	7	64	2	16	0.9065	0.0000
main	layer_dual	7	64	2	17	0.9073	0.0000
main	layer_dual	7	64	2	18	0.9073	0.0000
main	layer_dual	7	64	2	19	0.9205	0.0000
main	layer_dual	7	64	2	20	0.9205	0.0000
main	layer_dual	7	64	2	21	0.9205	0.0000
main	layer_dual	7	64	2	22	0.9205	0.0000
main	layer_dual	7	64	2	23	0.9205	0.0000
main	layer_dual	7	64	2	24	0.9205	0.0000
main	layer_dual	7	64	2	25	0.9205	0.0000
main	layer_dual	7	64	2	26	0.9205	0.0000
main	layer_dual	7	64	2	27	0.9205	0.0000
main	layer_dual	7	64	2	28	0.9205	0.0000
main	layer_dual	7	64	2	29	0.9205	0.0000
main	layer_dual	7	64	2	30	0.9205	0.0000
main	layer_dual	7	64	2	31	0.9205	0.0000
main	layer_dual	7	64	2	32	0.9205	0.0000
main	layer_dual	7	64	2	33	0.9205	0.0000
main	layer_dual	7	64	2	34	0.9205	0.0000
main	layer_dual	7	64	2	35	0.9205	0.0000
main	layer_dual	7	64	2	36	0.9205	0.0000
main	layer_dual	7	64	2	37	0.9205	0.0000
main	layer_dual	7	64	2	38	0.9205	0.0000
main	layer_dual	7	64	2	39	0.9205	0.0000
main	layer_dual	7	64	2	40	0.9205	0.0000
main	layer_dual	7	64	2	41	0.9205	0.0000
main	layer_dual	7	64	2	42	0.9205	0.0000
main	layer_dual	7	64	2	43	0.9205	0.0000
main	layer_dual	7	64	2	44	0.9205	0.0000
main	layer_dual	7	64	2	45	0.9205	0.0000
main	layer_dual	7	64	2	46	0.9205	0.0000
main	layer_dual	7	64	2	47	0.9205	0.0000
main	layer_dual	7	64	2	48	0.9205	0.0000
main	layer_dual	7	64	2	49	0.9205	0.0000
main	layer_dual	7	64	2	50	0.9205	0.0000
main	layer_dual	7	64	2	51	0.9205	0.0000
main	layer_dual	7	64	2	52	0.9205	0.0000
main	layer_dual	7	64	2	53	0.9205	0.0000
main	layer_dual	7	64	2	54	0.9205	0.0000
main	layer_dual	7	64	2	55	0.9205	0.0000
main	layer_dual	7	64	2	56	0.9205	0.0000
main	layer_dual	7	64	2	57	0.9205	0.0000
main	layer_dual	7	64	2	58	0.9205	0.0000
main	layer_dual	7	64	2	59	0.9205	0.0000
main	layer_dual	7	64	2	60	0.9205	0.0000
main	layer_dual	8	64	2	1	0.0000	0.0000
main	layer_dual	8	64	2	2	0.7616	0.0000
main	layer_dual	8	64	2	3	0.7616	0.0000
main	layer_dual	8	64	2	4	0.7616	0.0000
main	layer_dual	8	64	2	5	0.7616	0.0000
main	layer_dual	8	64	2	6	0.7881	0.0000
main	layer_dual	8	64	2	7	0.7881	0.0000
main	layer_dual	8	64	2	8	0.8129	0.0000
main	layer_dual	8	64	2	9	0.8940	0.0000
main	layer_dual	8	64	2	10	0.8940	0.0000
main	layer_dual	8	64	2	11	0.8940	0.0000
main	layer_dual	8	64	2	12	0.8974	0.0000
main	layer_dual	8	64	2	13	0.9098	0.0000
main	layer_dual	8	64	2	14	0.9205	0.0000
main	layer_dual	8	64	2	15	0.9205	0.0000
main	layer_dual	8	64	2	16	0.9205	0.0000
main	layer_dual	8	64	2	17	0.9205	0.0000
main	layer_dual	8	64	2	18	0.9205	0.0000
main	layer_dual	8	64	2	19	0.9205	0.0000
main	layer_dual	8	64	2	20	0.9205	0.0000
main	layer_dual	8	64	2	21	0.9205	0.0000
main	layer_dual	8	64	2	22	0.9205	0.0000
main	layer_dual	8	64	2	23	0.9205	0.0000
main	layer_dual	8	64	2	24	0.9205	0.0000
main	layer_dual	8	64	2	25	0.9205	0.0000
main	layer_dual	8	64	2	26	0.9205	0.0000
main	layer_dual	8	64	2	27	0.9205	0.0000
main	layer_dual	8	64	2	28	0.9205	0.0000
main	layer_dual	8	64	2	29	0.9205	0.0000
main	layer_dual	8	64	2	30	0.9205	0.0000
main	layer_dual	8	64	2	31	0.9205	0.0000
main	layer_dual	8	64	2	32	0.9205	0.0000
main	layer_dual	8	64	2	33	0.9205	0.0000
main	layer_dual	8	64	2	34	0.9205	0.0000
main	layer_dual	8	64	2	35	0.9205	0.0000
main	layer_dual	8	64	2	36	0.9205	0.0000
main	layer_dual	8	64	2	37	0.9205	0.0000
main	layer_dual	8	64	2	38	0.9205	0.0000
main	layer_dual	8	64	2	39	0.9205	0.0000
main	layer_dual	8	64	2	40	0.9205	0.0000
main	layer_dual	8	64	2	41	0.9205	0.0000
main	layer_dual	8	64	2	42	0.9205	0.0000
main	layer_dual	8	64	2	43	0.9205	0.0000
main	layer_dual	8	64	2	44	0.9205	0.0000
main	layer_dual	8	64	2	45	0.9205	0.0000
main	layer_dual	8	64	2	46	0.9205	0.0000
main	layer_dual	8	64	2	47	0.9205	0.0000
main	layer_dual	8	64	2	48	0.9205	0.0000
main	layer_dual	8	64	2	49	0.9205	0.0000
main	layer_dual	8	64	2	50	0.9205	0.0000
main	layer_dual	8	64	2	51	0.9205	0.0000
main	layer_dual	8	64	2	52	0.9205	0.0000
main	layer_dual	8	64	2	53	0.9205	0.0000
main	layer_dual	8	64	2	54	0.9205	0.0000
main	layer_dual	8	64	2	55	0.9205	0.0000
main	layer_dual	8	64	2	56	0.9205	0.0000
main	layer_dual	8	64	2	57	0.9205	0.0000
main	layer_dual	8	64	2	58	0.9205	0.0000
main	layer_dual	8	64	2	59	0.9205	0.0000
main	layer_dual	8	64	2	60	0.9205	0.0000
main	layer_dual	9	64	2	1	0.0000	0.0000
main	layer_dual	9	64	2	2	0.7649	0.0000
main	layer_dual	9	64	2	3	0.7864	0.0000
main	layer_dual	9	64	2	4	0.7616	0.0000
main	layer_dual	9	64	2	5	0.7616	0.0000
main	layer_dual	9	64	2	6	0.7616	0.0000
main	layer_dual	9	64	2	7	0.8361	0.0000
main	layer_dual	9	64	2	8	0.8411	0.0000
main	layer_dual	9	64	2	9	0.8709	0.0000
main	layer_dual	9	64	2	10	0.8940	0.0000
main	layer_dual	9	64	2	11	0.8940	0.0000
main	layer_dual	9	64	2	12	0.8940	0.0000
main	layer_dual	9	64	2	13	0.8957	0.0000
main	layer_dual	9	64	2	14	0.9073	0.0000
main	layer_dual	9	64	2	15	0.9156	0.0000
main	layer_dual	9	64	2	16	0.9205	0.0000
main	layer_dual	9	64	2	17	0.9205	0.0000
main	layer_dual	9	64	2	18	0.9205	0.0000
main	layer_dual	9	64	2	19	0.9205	0.0000
main	layer_dual	9	64	2	20	0.9205	0.0000
main	layer_dual	9	64	2	21	0.9205	0.0000
main	layer_dual	9	64	2	22	0.9205	0.0000
main	layer_dual	9	64	2	23	0.9205	0.0000
main	layer_dual	9	64	2	24	0.9205	0.0000
main	layer_dual	9	64	2	25	0.9205	0.0000
main	layer_dual	9	64	2	26	0.9205	0.0000
main	layer_dual	9	64	2	27	0.9205	0.0000
main	layer_dual	9	64	2	28	0.9205	0.0000
main	layer_dual	9	64	2	29	0.9205	0.0000
main	layer_dual	9	64	2	30	0.9205	0.0000
main	layer_dual	9	64	2	31	0.9205	0.0000
main	layer_dual	9	64	2	32	0.9205	0.0000
main	layer_dual	9	64	2	33	0.9205	0.0000
main	layer_dual	9	64	2	34	0.9205	0.0000
main	layer_dual	9	64	2	35	0.9205	0.0000
main	layer_dual	9	64	2	36	0.9205	0.0000
main	layer_dual	9	64	2	37	0.9205	0.0000
main	layer_dual	9	64	2	38	0.9205	0.0000
main	layer_dual	9	64	2	39	0.9205	0.0000
main	layer_dual	9	64	2	40	0.9205	0.0000
main	layer_dual	9	64	2	41	0.9205	0.0000
main	layer_dual	9	64	2	42	0.9205	0.0000
main	layer_dual	9	64	2	43	0.9205	0.0000
main	layer_dual	9	64	2	44	0.9205	0.0000
main	layer_dual	9	64	2	45	0.9205	0.0000
main	layer_dual	9	64	2	46	0.9205	0.0000
main	layer_dual	9	64	2	47	0.9205	0.0000
main	layer_dual	9	64	2	48	0.9205	0.0000
main	layer_dual	9	64	2	49	0.9205	0.0000
main	layer_dual	9	64	2	50	0.9205	0.0000
main	layer_dual	9	64	2	51	0.9205	0.0000
main	layer_dual	9	64	2	52	0.9205	0.0000
main	layer_dual	9	64	2	53	0.9205	0.0000
main	layer_dual	9	64	2	54	0.9205	0.0000
main	layer_dual	9	64	2	55	0.9205	0.0000
main	layer_dual	9	64	2	56	0.9205	0.0000
main	layer_dual	9	64	2	57	0.9205	0.0000
main	layer_dual	9	64	2	58	0.9205	0.0000
main	layer_dual	9	64	2	59	0.9205	0.0000
main	layer_dual	9	64	2	60	0.9205	0.0000
robust	baseline	0	128	2	1	0.7616	0.0000
robust	baseline	0	128	2	2	0.7616	0.0000
robust	baseline	0	128	2	3	0.7616	0.0000
robust	baseline	0	128	2	4	0.7947	0.0000
robust	baseline	0	128	2	5	0.8146	0.0000
robust	baseline	0	128	2	6	0.8940	0.0000
robust	baseline	0	128	2	7	0.9056	0.0000
robust	baseline	0	128	2	8	0.9528	0.0625
robust	baseline	0	128	2	9	0.9752	0.3125
robust	baseline	0	128	2	10	0.9901	0.6250
robust	baseline	0	128	2	11	1.0000	1.0000
robust	baseline	0	128	2	12	1.0000	1.0000
robust	baseline	0	128	2	13	1.0000	1.0000
robust	baseline	0	128	2	14	1.0000	1.0000
robust	baseline	0	128	2	15	1.0000	1.0000
robust	baseline	0	128	2	16	1.0000	1.0000
robust	baseline	0	128	2	17	1.0000	1.0000
robust	baseline	0	128	2	18	1.0000	1.0000
robust	baseline	0	128	2	19	1.0000	1.0000
robust	baseline	0	128	2	20	1.0000	1.0000
robust	baseline	0	128	2	21	1.0000	1.0000
robust	baseline	0	128	2	22	1.0000	1.0000
robust	baseline	0	128	2	23	1.0000	1.0000
robust	baseline	0	128	2	24	1.0000	1.0000
robust	baseline	0	128	2	25	1.0000	1.0000
robust	baseline	0	128	2	26	1.0000	1.0000
robust	baseline	0	128	2	27	1.0000	1.0000
robust	baseline	0	128	2	28	1.0000	1.0000
robust	baseline	0	128	2	29	1.0000	1.0000
robust	baseline	0	128	2	30	1.0000	1.0000
robust	baseline	0	128	2	31	1.0000	1.0000
robust	baseline	0	128	2	32	1.0000	1.0000
robust	baseline	0	128	2	33	1.0000	1.0000
robust	baseline	0	128	2	34	1.0000	1.0000
robust	baseline	0	128	2	35	1.0000	1.0000
robust	baseline	0	128	2	36	1.0000	1.0000
robust	baseline	0	128	2	37	1.0000	1.0000
robust	baseline	0	128	2	38	1.0000	1.0000
robust	baseline	0	128	2	39	1.0000	1.0000
robust	baseline	0	128	2	40	1.0000	1.0000
robust	baseline	0	128	2	41	1.0000	1.0000
robust	baseline	0	128	2	42	1.0000	1.0000
robust	baseline	0	128	2	43	1.0000	1.0000
robust	baseline	0	128	2	44	1.0000	1.0000
robust	baseline	0	128	2	45	1.0000	1.0000
robust	baseline	0	128	2	46	1.0000	1.0000
robust	baseline	0	128	2	47	1.0000	1.0000
robust	baseline	0	128	2	48	1.0000	1.0000
robust	baseline	0	128	2	49	1.0000	1.0000
robust	baseline	0	128	2	50	1.0000	1.0000
robust	baseline	0	128	2	51	1.0000	1.0000
robust	baseline	0	128	2	52	1.0000	1.0000
robust	baseline	0	128	2	53	1.0000	1.0000
robust	baseline	0	128	2	54	1.0000	1.0000
robust	baseline	0	128	2	55	1.0000	1.0000
robust	baseline	0	128	2	56	1.0000	1.0000
robust	baseline	0	128	2	57	1.0000	1.0000
robust	baseline	0	128	2	58	1.0000	1.0000
robust	baseline	0	128	2	59	1.0000	1.0000
robust	baseline	0	128	2	60	1.0000	1.0000
robust	baseline	1	128	2	1	0.7616	0.0000
robust	baseline	1	128	2	2	0.8411	0.0000
robust	baseline	1	128	2	3	0.8411	0.0000
robust	baseline	1	128	2	4	0.8411	0.0000
robust	baseline	1	128	2	5	0.8411	0.0000
robust	baseline	1	128	2	6	0.8411	0.0000
robust	baseline	1	128	2	7	0.8427	0.0000
robust	baseline	1	128	2	8	0.9379	0.0000
robust	baseline	1	128	2	9	0.9868	0.5000
robust	baseline	1	128	2	10	0.9868	0.5000
robust	baseline	1	128	2	11	0.9868	0.5000
robust	baseline	1	128	2	12	0.9868	0.5000
robust	baseline	1	128	2	13	0.9868	0.5000
robust	baseline	1	128	2	14	0.9868	0.5000
robust	baseline	1	128	2	15	0.9868	0.5000
robust	baseline	1	128	2	16	0.9868	0.5000
robust	baseline	1	128	2	17	0.9868	0.5000
robust	baseline	1	128	2	18	0.9868	0.5000
robust	baseline	1	128	2	19	0.9868	0.5000
robust	baseline	1	128	2	20	0.9868	0.5000
robust	baseline	1	128	2	21	0.9868	0.5000
robust	baseline	1	128	2	22	0.9868	0.5000
robust	baseline	1	128	2	23	0.9868	0.5000
robust	baseline	1	128	2	24	0.9868	0.5000
robust	baseline	1	128	2	25	0.9868	0.5000
robust	baseline	1	128	2	26	0.9868	0.5000
robust	baseline	1	128	2	27	0.9892	0.5938
robust	baseline	1	128	2	28	0.9925	0.7188
robust	baseline	1	128	2	29	1.0000	1.0000
robust	baseline	1	128	2	30	1.0000	1.0000
robust	baseline	1	128	2	31	1.0000	1.0000
robust	baseline	1	128	2	32	1.0000	1.0000
robust	baseline	1	128	2	33	1.0000	1.0000
robust	baseline	1	128	2	34	1.0000	1.0000
robust	baseline	1	128	2	35	1.0000	1.0000
robust	baseline	1	128	2	36	1.0000	1.0000
robust	baseline	1	128	2	37	1.0000	1.0000
robust	baseline	1	128	2	38	1.0000	1.0000
robust	baseline	1	128	2	39	1.0000	1.0000
robust	baseline	1	128	2	40	1.0000	1.0000
robust	baseline	1	128	2	41	1.0000	1.0000
robust	baseline	1	128	2	42	1.0000	1.0000
robust	baseline	1	128	2	43	1.0000	1.0000
robust	baseline	1	128	2	44	1.0000	1.0000
robust	baseline	1	128	2	45	1.0000	1.0000
robust	baseline	1	128	2	46	1.0000	1.0000
robust	baseline	1	128	2	47	1.0000	1.0000
robust	baseline	1	128	2	48	1.0000	1.0000
robust	baseline	1	128	2	49	1.0000	1.0000
robust	baseline	1	128	2	50	1.0000	1.0000
robust	baseline	1	128	2	51	1.0000	1.0000
robust	baseline	1	128	2	52	1.0000	1.0000
robust	baseline	1	128	2	53	1.0000	1.0000
robust	baseline	1	128	2	54	1.0000	1.0000
robust	baseline	1	128	2	55	1.0000	1.0000
robust	baseline	1	128	2	56	1.0000	1.0000
robust	baseline	1	128	2	57	1.0000	1.0000
robust	baseline	1	128	2	58	1.0000	1.0000
robust	baseline	1	128	2	59	1.0000	1.0000
robust	baseline	1	128	2	60	1.0000	1.0000
robust	decl_full	0	128	2	1	0.0000	0.0000
robust	decl_full	0	128	2	2	0.1325	0.0000
robust	decl_full	0	128	2	3	0.1349	0.0000
robust	decl_full	0	128	2	4	0.1349	0.0000
robust	decl_full	0	128	2	5	0.1424	0.0000
robust	decl_full	0	128	2	6	0.1656	0.0000
robust	decl_full	0	128	2	7	0.1796	0.0000
robust	decl_full	0	128	2	8	0.2078	0.0000
robust	decl_full	0	128	2	9	0.2219	0.0000
robust	decl_full	0	128	2	10	0.2285	0.0000
robust	decl_full	0	128	2	11	0.2384	0.0000
robust	decl_full	0	128	2	12	0.4553	0.3750
robust	decl_full	0	128	2	13	1.0000	1.0000
robust	decl_full	0	128	2	14	1.0000	1.0000
robust	decl_full	0	128	2	15	1.0000	1.0000
robust	decl_full	0	128	2	16	1.0000	1.0000
robust	decl_full	0	128	2	17	1.0000	1.0000
robust	decl_full	0	128	2	18	1.0000	1.0000
robust	decl_full	0	128	2	19	1.0000	1.0000
robust	decl_full	0	128	2	20	1.0000	1.0000
robust	decl_full	0	128	2	21	1.0000	1.0000
robust	decl_full	0	128	2	22	1.0000	1.0000
robust	decl_full	0	128	2	23	1.0000	1.0000
robust	decl_full	0	128	2	24	1.0000	1.0000
robust	decl_full	0	128	2	25	1.0000	1.0000
robust	decl_full	0	128	2	26	1.0000	1.0000
robust	decl_full	0	128	2	27	1.0000	1.0000
robust	decl_full	0	128	2	28	1.0000	1.0000
robust	decl_full	0	128	2	29	1.0000	1.0000
robust	decl_full	0	128	2	30	1.0000	1.0000
robust	decl_full	0	128	2	31	1.0000	1.0000
robust	decl_full	0	128	2	32	1.0000	1.0000
robust	decl_full	0	128	2	33	1.0000	1.0000
robust	decl_full	0	128	2	34	1.0000	1.0000
robust	decl_full	0	128	2	35	1.0000	1.0000
robust	decl_full	0	128	2	36	1.0000	1.0000
robust	decl_full	0	128	2	37	1.0000	1.0000
robust	decl_full	0	128	2	38	1.0000	1.0000
robust	decl_full	0	128	2	39	1.0000	1.0000
robust	decl_full	0	128	2	40	1.0000	1.0000
robust	decl_full	0	128	2	41	1.0000	1.0000
robust	decl_full	0	128	2	42	1.0000	1.0000
robust	decl_full	0	128	2	43	1.0000	1.0000
robust	decl_full	0	128	2	44	1.0000	1.0000
robust	decl_full	0	128	2	45	1.0000	1.0000
robust	decl_full	0	128	2	46	1.0000	1.0000
robust	decl_full	0	128	2	47	1.0000	1.0000
robust	decl_full	0	128	2	48	1.0000	1.0000
robust	decl_full	0	128	2	49	1.0000	1.0000
robust	decl_full	0	128	2	50	1.0000	1.0000
robust	decl_full	0	128	2	51	1.0000	1.0000
robust	decl_full	0	128	2	52	1.0000	1.0000
robust	decl_full	0	128	2	53	1.0000	1.0000
robust	decl_full	0	128	2	54	1.0000	1.0000
robust	decl_full	0	128	2	55	1.0000	1.0000
robust	decl_full	0	128	2	56	1.0000	1.0000
robust	decl_full	0	128	2	57	1.0000	1.0000
robust	decl_full	0	128	2	58	1.0000	1.0000
robust	decl_full	0	128	2	59	1.0000	1.0000
robust	decl_full	0	128	2	60	1.0000	1.0000
robust	decl_full	1	128	2	1	0.0000	0.0000
robust	decl_full	1	128	2	2	0.0795	0.0000
robust	decl_full	1	128	2	3	0.0795	0.0000
robust	decl_full	1	128	2	4	0.0795	0.0000
robust	decl_full	1	128	2	5	0.0795	0.0000
robust	decl_full	1	128	2	6	0.0795	0.0000
robust	decl_full	1	128	2	7	0.1854	0.0000
robust	decl_full	1	128	2	8	0.2119	0.0000
robust	decl_full	1	128	2	9	0.2252	0.0000
robust	decl_full	1	128	2	10	0.2252	0.0000
robust	decl_full	1	128	2	11	0.2252	0.0000
robust	decl_full	1	128	2	12	0.8982	0.3750
robust	decl_full	1	128	2	13	0.9868	0.5000
robust	decl_full	1	128	2	14	0.9868	0.5000
robust	decl_full	1	128	2	15	0.9868	0.5000
robust	decl_full	1	128	2	16	0.9868	0.5000
robust	decl_full	1	128	2	17	0.9868	0.5000
robust	decl_full	1	128	2	18	0.9868	0.5000
robust	decl_full	1	128	2	19	0.9868	0.5000
robust	decl_full	1	128	2	20	0.9868	0.5000
robust	decl_full	1	128	2	21	0.9868	0.5000
robust	decl_full	1	128	2	22	0.9868	0.5000
robust	decl_full	1	128	2	23	0.9901	0.6250
robust	decl_full	1	128	2	24	0.9959	0.8438
robust	decl_full	1	128	2	25	1.0000	1.0000
robust	decl_full	1	128	2	26	1.0000	1.0000
robust	decl_full	1	128	2	27	1.0000	1.0000
robust	decl_full	1	128	2	28	1.0000	1.0000
robust	decl_full	1	128	2	29	1.0000	1.0000
robust	decl_full	1	128	2	30	1.0000	1.0000
robust	decl_full	1	128	2	31	1.0000	1.0000
robust	decl_full	1	128	2	32	1.0000	1.0000
robust	decl_full	1	128	2	33	1.0000	1.0000
robust	decl_full	1	128	2	34	1.0000	1.0000
robust	decl_full	1	128	2	35	1.0000	1.0000
robust	decl_full	1	128	2	36	1.0000	1.0000
robust	decl_full	1	128	2	37	1.0000	1.0000
robust	decl_full	1	128	2	38	1.0000	1.0000
robust	decl_full	1	128	2	39	1.0000	1.0000
robust	decl_full	1	128	2	40	1.0000	1.0000
robust	decl_full	1	128	2	41	1.0000	1.0000
robust	decl_full	1	128	2	42	1.0000	1.0000
robust	decl_full	1	128	2	43	1.0000	1.0000
robust	decl_full	1	128	2	44	1.0000	1.0000
robust	decl_full	1	128	2	45	1.0000	1.0000
robust	decl_full	1	128	2	46	1.0000	1.0000
robust	decl_full	1	128	2	47	1.0000	1.0000
robust	decl_full	1	128	2	48	1.0000	1.0000
robust	decl_full	1	128	2	49	1.0000	1.0000
robust	decl_full	1	128	2	50	1.0000	1.0000
robust	decl_full	1	128	2	51	1.0000	1.0000
robust	decl_full	1	128	2	52	1.0000	1.0000
robust	decl_full	1	128	2	53	1.0000	1.0000
robust	decl_full	1	128	2	54	1.0000	1.0000
robust	decl_full	1	128	2	55	1.0000	1.0000
robust	decl_full	1	128	2	56	1.0000	1.0000
robust	decl_full	1	128	2	57	1.0000	1.0000
robust	decl_full	1	128	2	58	1.0000	1.0000
robust	decl_full	1	128	2	59	1.0000	1.0000
robust	decl_full	1	128	2	60	1.0000	1.0000
robust	excl_pollute30	0	128	2	1	0.0000	0.0000
robust	excl_pollute30	0	128	2	2	0.7616	0.0000
robust	excl_pollute30	0	128	2	3	0.7616	0.0000
robust	excl_pollute30	0	128	2	4	0.7715	0.0000
robust	excl_pollute30	0	128	2	5	0.8146	0.0000
robust	excl_pollute30	0	128	2	6	0.8940	0.0000
robust	excl_pollute30	0	128	2	7	0.8940	0.0000
robust	excl_pollute30	0	128	2	8	0.9205	0.0000
robust	excl_pollute30	0	128	2	9	0.9363	0.0000
robust	excl_pollute30	0	128	2	10	0.9685	0.3750
robust	excl_pollute30	0	128	2	11	0.9868	0.5000
robust	excl_pollute30	0	128	2	12	0.9868	0.5000
robust	excl_pollute30	0	128	2	13	0.9892	0.5938
robust	excl_pollute30	0	128	2	14	1.0000	1.0000
robust	excl_pollute30	0	128	2	15	1.0000	1.0000
robust	excl_pollute30	0	128	2	16	1.0000	1.0000
robust	excl_pollute30	0	128	2	17	1.0000	1.0000
robust	excl_pollute30	0	128	2	18	1.0000	1.0000
robust	excl_pollute30	0	128	2	19	1.0000	1.0000
robust	excl_pollute30	0	128	2	20	1.0000	1.0000
robust	excl_pollute30	0	128	2	21	1.0000	1.0000
robust	excl_pollute30	0	128	2	22	1.0000	1.0000
robust	excl_pollute30	0	128	2	23	1.0000	1.0000
robust	excl_pollute30	0	128	2	24	1.0000	1.0000
robust	excl_pollute30	0	128	2	25	1.0000	1.0000
robust	excl_pollute30	0	128	2	26	1.0000	1.0000
robust	excl_pollute30	0	128	2	27	1.0000	1.0000
robust	excl_pollute30	0	128	2	28	1.0000	1.0000
robust	excl_pollute30	0	128	2	29	1.0000	1.0000
robust	excl_pollute30	0	128	2	30	1.0000	1.0000
robust	excl_pollute30	0	128	2	31	1.0000	1.0000
robust	excl_pollute30	0	128	2	32	1.0000	1.0000
robust	excl_pollute30	0	128	2	33	1.0000	1.0000
robust	excl_pollute30	0	128	2	34	1.0000	1.0000
robust	excl_pollute30	0	128	2	35	1.0000	1.0000
robust	excl_pollute30	0	128	2	36	1.0000	1.0000
robust	excl_pollute30	0	128	2	37	1.0000	1.0000
robust	excl_pollute30	0	128	2	38	1.0000	1.0000
robust	excl_pollute30	0	128	2	39	1.0000	1.0000
robust	excl_pollute30	0	128	2	40	1.0000	1.0000
robust	excl_pollute30	0	128	2	41	1.0000	1.0000
robust	excl_pollute30	0	128	2	42	1.0000	1.0000
robust	excl_pollute30	0	128	2	43	1.0000	1.0000
robust	excl_pollute30	0	128	2	44	1.0000	1.0000
robust	excl_pollute30	0	128	2	45	1.0000	1.0000
robust	excl_pollute30	0	128	2	46	1.0000	1.0000
robust	excl_pollute30	0	128	2	47	1.0000	1.0000
robust	excl_pollute30	0	128	2	48	1.0000	1.0000
robust	excl_pollute30	0	128	2	49	1.0000	1.0000
robust	excl_pollute30	0	128	2	50	1.0000	1.0000
robust	excl_pollute30	0	128	2	51	1.0000	1.0000
robust	excl_pollute30	0	128	2	52	1.0000	1.0000
robust	excl_pollute30	0	128	2	53	1.0000	1.0000
robust	excl_pollute30	0	128	2	54	1.0000	1.0000
robust	excl_pollute30	0	128	2	55	1.0000	1.0000
robust	excl_pollute30	0	128	2	56	1.0000	1.0000
robust	excl_pollute30	0	128	2	57	1.0000	1.0000
robust	excl_pollute30	0	128	2	58	1.0000	1.0000
robust	excl_pollute30	0	128	2	59	1.0000	1.0000
robust	excl_pollute30	0	128	2	60	1.0000	1.0000
robust	excl_pollute30	1	128	2	1	0.0281	0.0000
robust	excl_pollute30	1	128	2	2	0.8411	0.0000
robust	excl_pollute30	1	128	2	3	0.8411	0.0000
robust	excl_pollute30	1	128	2	4	0.8411	0.0000
robust	excl_pollute30	1	128	2	5	0.8411	0.0000
robust	excl_pollute30	1	128	2	6	0.8411	0.0000
robust	excl_pollute30	1	128	2	7	0.8411	0.0000
robust	excl_pollute30	1	128	2	8	0.8510	0.0000
robust	excl_pollute30	1	128	2	9	0.9263	0.0000
robust	excl_pollute30	1	128	2	10	0.9470	0.0000
robust	excl_pollute30	1	128	2	11	0.9669	0.1250
robust	excl_pollute30	1	128	2	12	0.9785	0.3750
robust	excl_pollute30	1	128	2	13	0.9868	0.5000
robust	excl_pollute30	1	128	2	14	0.9868	0.5000
robust	excl_pollute30	1	128	2	15	0.9868	0.5000
robust	excl_pollute30	1	128	2	16	0.9868	0.5000
robust	excl_pollute30	1	128	2	17	0.9868	0.5000
robust	excl_pollute30	1	128	2	18	0.9868	0.5000
robust	excl_pollute30	1	128	2	19	0.9868	0.5000
robust	excl_pollute30	1	128	2	20	0.9868	0.5000
robust	excl_pollute30	1	128	2	21	0.9868	0.5000
robust	excl_pollute30	1	128	2	22	0.9868	0.5000
robust	excl_pollute30	1	128	2	23	0.9868	0.5000
robust	excl_pollute30	1	128	2	24	0.9868	0.5000
robust	excl_pollute30	1	128	2	25	0.9868	0.5000
robust	excl_pollute30	1	128	2	26	0.9868	0.5000
robust	excl_pollute30	1	128	2	27	0.9868	0.5000
robust	excl_pollute30	1	128	2	28	0.9868	0.5000
robust	excl_pollute30	1	128	2	29	0.9868	0.5000
robust	excl_pollute30	1	128	2	30	0.9868	0.5000
robust	excl_pollute30	1	128	2	31	0.9901	0.6250
robust	excl_pollute30	1	128	2	32	1.0000	1.0000
robust	excl_pollute30	1	128	2	33	1.0000	1.0000
robust	excl_pollute30	1	128	2	34	1.0000	1.0000
robust	excl_pollute30	1	128	2	35	1.0000	1.0000
robust	excl_pollute30	1	128	2	36	1.0000	1.0000
robust	excl_pollute30	1	128	2	37	1.0000	1.0000
robust	excl_pollute30	1	128	2	38	1.0000	1.0000
robust	excl_pollute30	1	128	2	39	1.0000	1.0000
robust	excl_pollute30	1	128	2	40	1.0000	1.0000
robust	excl_pollute30	1	128	2	41	1.0000	1.0000
robust	excl_pollute30	1	128	2	42	1.0000	1.0000
robust	excl_pollute30	1	128	2	43	1.0000	1.0000
robust	excl_pollute30	1	128	2	44	1.0000	1.0000
robust	excl_pollute30	1	128	2	45	1.0000	1.0000
robust	excl_pollute30	1	128	2	46	1.0000	1.0000
robust	excl_pollute30	1	128	2	47	1.0000	1.0000
robust	excl_pollute30	1	128	2	48	1.0000	1.0000
robust	excl_pollute30	1	128	2	49	1.0000	1.0000
robust	excl_pollute30	1	128	2	50	1.0000	1.0000
robust	excl_pollute30	1	128	2	51	1.0000	1.0000
robust	excl_pollute30	1	128	2	52	1.0000	1.0000
robust	excl_pollute30	1	128	2	53	1.0000	1.0000
robust	excl_pollute30	1	128	2	54	1.0000	1.0000
robust	excl_pollute30	1	128	2	55	1.0000	1.0000
robust	excl_pollute30	1	128	2	56	1.0000	1.0000
robust	excl_pollute30	1	128	2	57	1.0000	1.0000
robust	excl_pollute30	1	128	2	58	1.0000	1.0000
robust	excl_pollute30	1	128	2	59	1.0000	1.0000
robust	excl_pollute30	1	128	2	60	1.0000	1.0000
robust	baseline	0	64	4	1	0.0000	0.0000
robust	baseline	0	64	4	2	0.7616	0.0000
robust	baseline	0	64	4	3	0.7616	0.0000
robust	baseline	0	64	4	4	0.7616	0.0000
robust	baseline	0	64	4	5	0.7715	0.0000
robust	baseline	0	64	4	6	0.8411	0.0000
robust	baseline	0	64	4	7	0.8692	0.0000
robust	baseline	0	64	4	8	0.8841	0.0000
robust	baseline	0	64	4	9	0.9338	0.0000
robust	baseline	0	64	4	10	0.9636	0.2500
robust	baseline	0	64	4	11	0.9752	0.2500
robust	baseline	0	64	4	12	0.9735	0.2500
robust	baseline	0	64	4	13	0.9735	0.2500
robust	baseline	0	64	4	14	0.9735	0.2500
robust	baseline	0	64	4	15	0.9785	0.3750
robust	baseline	0	64	4	16	0.9934	0.7500
robust	baseline	0	64	4	17	1.0000	1.0000
robust	baseline	0	64	4	18	1.0000	1.0000
robust	baseline	0	64	4	19	1.0000	1.0000
robust	baseline	0	64	4	20	1.0000	1.0000
robust	baseline	0	64	4	21	1.0000	1.0000
robust	baseline	0	64	4	22	1.0000	1.0000
robust	baseline	0	64	4	23	1.0000	1.0000
robust	baseline	0	64	4	24	1.0000	1.0000
robust	baseline	0	64	4	25	1.0000	1.0000
robust	baseline	0	64	4	26	1.0000	1.0000
robust	baseline	0	64	4	27	1.0000	1.0000
robust	baseline	0	64	4	28	1.0000	1.0000
robust	baseline	0	64	4	29	1.0000	1.0000
robust	baseline	0	64	4	30	1.0000	1.0000
robust	baseline	0	64	4	31	1.0000	1.0000
robust	baseline	0	64	4	32	1.0000	1.0000
robust	baseline	0	64	4	33	1.0000	1.0000
robust	baseline	0	64	4	34	1.0000	1.0000
robust	baseline	0	64	4	35	1.0000	1.0000
robust	baseline	0	64	4	36	1.0000	1.0000
robust	baseline	0	64	4	37	1.0000	1.0000
robust	baseline	0	64	4	38	1.0000	1.0000
robust	baseline	0	64	4	39	1.0000	1.0000
robust	baseline	0	64	4	40	1.0000	1.0000
robust	baseline	0	64	4	41	1.0000	1.0000
robust	baseline	0	64	4	42	1.0000	1.0000
robust	baseline	0	64	4	43	1.0000	1.0000
robust	baseline	0	64	4	44	1.0000	1.0000
robust	baseline	0	64	4	45	1.0000	1.0000
robust	baseline	0	64	4	46	1.0000	1.0000
robust	baseline	0	64	4	47	1.0000	1.0000
robust	baseline	0	64	4	48	1.0000	1.0000
robust	baseline	0	64	4	49	1.0000	1.0000
robust	baseline	0	64	4	50	1.0000	1.0000
robust	baseline	0	64	4	51	1.0000	1.0000
robust	baseline	0	64	4	52	1.0000	1.0000
robust	baseline	0	64	4	53	1.0000	1.0000
robust	baseline	0	64	4	54	1.0000	1.0000
robust	baseline	0	64	4	55	1.0000	1.0000
robust	baseline	0	64	4	56	1.0000	1.0000
robust	baseline	0	64	4	57	1.0000	1.0000
robust	baseline	0	64	4	58	1.0000	1.0000
robust	baseline	0	64	4	59	1.0000	1.0000
robust	baseline	0	64	4	60	1.0000	1.0000
robust	baseline	1	64	4	1	0.7616	0.0000
robust	baseline	1	64	4	2	0.7616	0.0000
robust	baseline	1	64	4	3	0.7616	0.0000
robust	baseline	1	64	4	4	0.7616	0.0000
robust	baseline	1	64	4	5	0.7616	0.0000
robust	baseline	1	64	4	6	0.7616	0.0000
robust	baseline	1	64	4	7	0.7616	0.0000
robust	baseline	1	64	4	8	0.8940	0.0000
robust	baseline	1	64	4	9	0.8940	0.0000
robust	baseline	1	64	4	10	0.8998	0.0000
robust	baseline	1	64	4	11	0.9205	0.0000
robust	baseline	1	64	4	12	0.9222	0.0000
robust	baseline	1	64	4	13	0.9338	0.0000
robust	baseline	1	64	4	14	0.9462	0.0000
robust	baseline	1	64	4	15	0.9578	0.0625
robust	baseline	1	64	4	16	0.9735	0.2500
robust	baseline	1	64	4	17	0.9760	0.3125
robust	baseline	1	64	4	18	0.9868	0.5000
robust	baseline	1	64	4	19	0.9868	0.5000
robust	baseline	1	64	4	20	0.9884	0.5625
robust	baseline	1	64	4	21	0.9901	0.6250
robust	baseline	1	64	4	22	0.9967	0.8750
robust	baseline	1	64	4	23	1.0000	1.0000
robust	baseline	1	64	4	24	1.0000	1.0000
robust	baseline	1	64	4	25	1.0000	1.0000
robust	baseline	1	64	4	26	1.0000	1.0000
robust	baseline	1	64	4	27	1.0000	1.0000
robust	baseline	1	64	4	28	1.0000	1.0000
robust	baseline	1	64	4	29	1.0000	1.0000
robust	baseline	1	64	4	30	1.0000	1.0000
robust	baseline	1	64	4	31	1.0000	1.0000
robust	baseline	1	64	4	32	1.0000	1.0000
robust	baseline	1	64	4	33	1.0000	1.0000
robust	baseline	1	64	4	34	1.0000	1.0000
robust	baseline	1	64	4	35	1.0000	1.0000
robust	baseline	1	64	4	36	1.0000	1.0000
robust	baseline	1	64	4	37	1.0000	1.0000
robust	baseline	1	64	4	38	1.0000	1.0000
robust	baseline	1	64	4	39	1.0000	1.0000
robust	baseline	1	64	4	40	1.0000	1.0000
robust	baseline	1	64	4	41	1.0000	1.0000
robust	baseline	1	64	4	42	1.0000	1.0000
robust	baseline	1	64	4	43	1.0000	1.0000
robust	baseline	1	64	4	44	1.0000	1.0000
robust	baseline	1	64	4	45	1.0000	1.0000
robust	baseline	1	64	4	46	1.0000	1.0000
robust	baseline	1	64	4	47	1.0000	1.0000
robust	baseline	1	64	4	48	1.0000	1.0000
robust	baseline	1	64	4	49	1.0000	1.0000
robust	baseline	1	64	4	50	1.0000	1.0000
robust	baseline	1	64	4	51	1.0000	1.0000
robust	baseline	1	64	4	52	1.0000	1.0000
robust	baseline	1	64	4	53	1.0000	1.0000
robust	baseline	1	64	4	54	1.0000	1.0000
robust	baseline	1	64	4	55	1.0000	1.0000
robust	baseline	1	64	4	56	1.0000	1.0000
robust	baseline	1	64	4	57	1.0000	1.0000
robust	baseline	1	64	4	58	1.0000	1.0000
robust	baseline	1	64	4	59	1.0000	1.0000
robust	baseline	1	64	4	60	1.0000	1.0000
robust	decl_full	0	64	4	1	0.0000	0.0000
robust	decl_full	0	64	4	2	0.0795	0.0000
robust	decl_full	0	64	4	3	0.0795	0.0000
robust	decl_full	0	64	4	4	0.0795	0.0000
robust	decl_full	0	64	4	5	0.0795	0.0000
robust	decl_full	0	64	4	6	0.0795	0.0000
robust	decl_full	0	64	4	7	0.1060	0.0000
robust	decl_full	0	64	4	8	0.1507	0.0000
robust	decl_full	0	64	4	9	0.1854	0.0000
robust	decl_full	0	64	4	10	0.1871	0.0000
robust	decl_full	0	64	4	11	0.1970	0.0000
robust	decl_full	0	64	4	12	0.1987	0.0000
robust	decl_full	0	64	4	13	0.9735	0.0000
robust	decl_full	0	64	4	14	0.9826	0.3438
robust	decl_full	0	64	4	15	0.9868	0.5000
robust	decl_full	0	64	4	16	1.0000	1.0000
robust	decl_full	0	64	4	17	1.0000	1.0000
robust	decl_full	0	64	4	18	1.0000	1.0000
robust	decl_full	0	64	4	19	1.0000	1.0000
robust	decl_full	0	64	4	20	1.0000	1.0000
robust	decl_full	0	64	4	21	1.0000	1.0000
robust	decl_full	0	64	4	22	1.0000	1.0000
robust	decl_full	0	64	4	23	1.0000	1.0000
robust	decl_full	0	64	4	24	1.0000	1.0000
robust	decl_full	0	64	4	25	1.0000	1.0000
robust	decl_full	0	64	4	26	1.0000	1.0000
robust	decl_full	0	64	4	27	1.0000	1.0000
robust	decl_full	0	64	4	28	1.0000	1.0000
robust	decl_full	0	64	4	29	1.0000	1.0000
robust	decl_full	0	64	4	30	1.0000	1.0000
robust	decl_full	0	64	4	31	1.0000	1.0000
robust	decl_full	0	64	4	32	1.0000	1.0000
robust	decl_full	0	64	4	33	1.0000	1.0000
robust	decl_full	0	64	4	34	1.0000	1.0000
robust	decl_full	0	64	4	35	1.0000	1.0000
robust	decl_full	0	64	4	36	1.0000	1.0000
robust	decl_full	0	64	4	37	1.0000	1.0000
robust	decl_full	0	64	4	38	1.0000	1.0000
robust	decl_full	0	64	4	39	1.0000	1.0000
robust	decl_full	0	64	4	40	1.0000	1.0000
robust	decl_full	0	64	4	41	1.0000	1.0000
robust	decl_full	0	64	4	42	1.0000	1.0000
robust	decl_full	0	64	4	43	1.0000	1.0000
robust	decl_full	0	64	4	44	1.0000	1.0000
robust	decl_full	0	64	4	45	1.0000	1.0000
robust	decl_full	0	64	4	46	1.0000	1.0000
robust	decl_full	0	64	4	47	1.0000	1.0000
robust	decl_full	0	64	4	48	1.0000	1.0000
robust	decl_full	0	64	4	49	1.0000	1.0000
robust	decl_full	0	64	4	50	1.0000	1.0000
robust	decl_full	0	64	4	51	1.0000	1.0000
robust	decl_full	0	64	4	52	1.0000	1.0000
robust	decl_full	0	64	4	53	1.0000	1.0000
robust	decl_full	0	64	4	54	1.0000	1.0000
robust	decl_full	0	64	4	55	1.0000	1.0000
robust	decl_full	0	64	4	56	1.0000	1.0000
robust	decl_full	0	64	4	57	1.0000	1.0000
robust	decl_full	0	64	4	58	1.0000	1.0000
robust	decl_full	0	64	4	59	1.0000	1.0000
robust	decl_full	0	64	4	60	1.0000	1.0000
robust	decl_full	1	64	4	1	0.0000	0.0000
robust	decl_full	1	64	4	2	0.0000	0.0000
robust	decl_full	1	64	4	3	0.0000	0.0000
robust	decl_full	1	64	4	4	0.0000	0.0000
robust	decl_full	1	64	4	5	0.0000	0.0000
robust	decl_full	1	64	4	6	0.0000	0.0000
robust	decl_full	1	64	4	7	0.1325	0.0000
robust	decl_full	1	64	4	8	0.1589	0.0000
robust	decl_full	1	64	4	9	0.6010	0.0000
robust	decl_full	1	64	4	10	0.9205	0.0000
robust	decl_full	1	64	4	11	0.9255	0.0000
robust	decl_full	1	64	4	12	0.9338	0.0000
robust	decl_full	1	64	4	13	0.9470	0.0000
robust	decl_full	1	64	4	14	0.9470	0.0000
robust	decl_full	1	64	4	15	0.9470	0.0000
robust	decl_full	1	64	4	16	0.9652	0.2500
robust	decl_full	1	64	4	17	0.9834	0.5000
robust	decl_full	1	64	4	18	0.9868	0.5000
robust	decl_full	1	64	4	19	0.9868	0.5000
robust	decl_full	1	64	4	20	0.9868	0.5000
robust	decl_full	1	64	4	21	0.9868	0.5000
robust	decl_full	1	64	4	22	0.9868	0.5000
robust	decl_full	1	64	4	23	0.9868	0.5000
robust	decl_full	1	64	4	24	0.9868	0.5000
robust	decl_full	1	64	4	25	0.9868	0.5000
robust	decl_full	1	64	4	26	0.9868	0.5000
robust	decl_full	1	64	4	27	0.9868	0.5000
robust	decl_full	1	64	4	28	0.9868	0.5000
robust	decl_full	1	64	4	29	0.9884	0.5625
robust	decl_full	1	64	4	30	0.9901	0.6250
robust	decl_full	1	64	4	31	0.9901	0.6250
robust	decl_full	1	64	4	32	0.9934	0.7500
robust	decl_full	1	64	4	33	0.9950	0.8125
robust	decl_full	1	64	4	34	0.9967	0.8750
robust	decl_full	1	64	4	35	0.9967	0.8750
robust	decl_full	1	64	4	36	1.0000	1.0000
robust	decl_full	1	64	4	37	1.0000	1.0000
robust	decl_full	1	64	4	38	1.0000	1.0000
robust	decl_full	1	64	4	39	1.0000	1.0000
robust	decl_full	1	64	4	40	1.0000	1.0000
robust	decl_full	1	64	4	41	1.0000	1.0000
robust	decl_full	1	64	4	42	1.0000	1.0000
robust	decl_full	1	64	4	43	1.0000	1.0000
robust	decl_full	1	64	4	44	1.0000	1.0000
robust	decl_full	1	64	4	45	1.0000	1.0000
robust	decl_full	1	64	4	46	1.0000	1.0000
robust	decl_full	1	64	4	47	1.0000	1.0000
robust	decl_full	1	64	4	48	1.0000	1.0000
robust	decl_full	1	64	4	49	1.0000	1.0000
robust	decl_full	1	64	4	50	1.0000	1.0000
robust	decl_full	1	64	4	51	1.0000	1.0000
robust	decl_full	1	64	4	52	1.0000	1.0000
robust	decl_full	1	64	4	53	1.0000	1.0000
robust	decl_full	1	64	4	54	1.0000	1.0000
robust	decl_full	1	64	4	55	1.0000	1.0000
robust	decl_full	1	64	4	56	1.0000	1.0000
robust	decl_full	1	64	4	57	1.0000	1.0000
robust	decl_full	1	64	4	58	1.0000	1.0000
robust	decl_full	1	64	4	59	1.0000	1.0000
robust	decl_full	1	64	4	60	1.0000	1.0000
robust	excl_pollute30	0	64	4	1	0.0000	0.0000
robust	excl_pollute30	0	64	4	2	0.7616	0.0000
robust	excl_pollute30	0	64	4	3	0.7616	0.0000
robust	excl_pollute30	0	64	4	4	0.7649	0.0000
robust	excl_pollute30	0	64	4	5	0.8675	0.0000
robust	excl_pollute30	0	64	4	6	0.8675	0.0000
robust	excl_pollute30	0	64	4	7	0.8692	0.0000
robust	excl_pollute30	0	64	4	8	0.9338	0.0000
robust	excl_pollute30	0	64	4	9	0.9338	0.0000
robust	excl_pollute30	0	64	4	10	0.9545	0.0000
robust	excl_pollute30	0	64	4	11	0.9603	0.0000
robust	excl_pollute30	0	64	4	12	0.9735	0.2500
robust	excl_pollute30	0	64	4	13	0.9735	0.2500
robust	excl_pollute30	0	64	4	14	0.9735	0.2500
robust	excl_pollute30	0	64	4	15	0.9851	0.5000
robust	excl_pollute30	0	64	4	16	0.9868	0.5000
robust	excl_pollute30	0	64	4	17	0.9917	0.6875
robust	excl_pollute30	0	64	4	18	1.0000	1.0000
robust	excl_pollute30	0	64	4	19	1.0000	1.0000
robust	excl_pollute30	0	64	4	20	1.0000	1.0000
robust	excl_pollute30	0	64	4	21	0.9934	0.7500
robust	excl_pollute30	0	64	4	22	0.9868	0.5000
robust	excl_pollute30	0	64	4	23	0.9868	0.5000
robust	excl_pollute30	0	64	4	24	0.9868	0.5000
robust	excl_pollute30	0	64	4	25	0.9868	0.5000
robust	excl_pollute30	0	64	4	26	0.9868	0.5000
robust	excl_pollute30	0	64	4	27	0.9909	0.6562
robust	excl_pollute30	0	64	4	28	0.9934	0.7500
robust	excl_pollute30	0	64	4	29	1.0000	1.0000
robust	excl_pollute30	0	64	4	30	1.0000	1.0000
robust	excl_pollute30	0	64	4	31	1.0000	1.0000
robust	excl_pollute30	0	64	4	32	1.0000	1.0000
robust	excl_pollute30	0	64	4	33	1.0000	1.0000
robust	excl_pollute30	0	64	4	34	1.0000	1.0000
robust	excl_pollute30	0	64	4	35	1.0000	1.0000
robust	excl_pollute30	0	64	4	36	1.0000	1.0000
robust	excl_pollute30	0	64	4	37	1.0000	1.0000
robust	excl_pollute30	0	64	4	38	1.0000	1.0000
robust	excl_pollute30	0	64	4	39	1.0000	1.0000
robust	excl_pollute30	0	64	4	40	1.0000	1.0000
robust	excl_pollute30	0	64	4	41	1.0000	1.0000
robust	excl_pollute30	0	64	4	42	1.0000	1.0000
robust	excl_pollute30	0	64	4	43	1.0000	1.0000
robust	excl_pollute30	0	64	4	44	1.0000	1.0000
robust	excl_pollute30	0	64	4	45	1.0000	1.0000
robust	excl_pollute30	0	64	4	46	1.0000	1.0000
robust	excl_pollute30	0	64	4	47	1.0000	1.0000
robust	excl_pollute30	0	64	4	48	1.0000	1.0000
robust	excl_pollute30	0	64	4	49	1.0000	1.0000
robust	excl_pollute30	0	64	4	50	1.0000	1.0000
robust	excl_pollute30	0	64	4	51	1.0000	1.0000
robust	excl_pollute30	0	64	4	52	1.0000	1.0000
robust	excl_pollute30	0	64	4	53	1.0000	1.0000
robust	excl_pollute30	0	64	4	54	1.0000	1.0000
robust	excl_pollute30	0	64	4	55	1.0000	1.0000
robust	excl_pollute30	0	64	4	56	1.0000	1.0000
robust	excl_pollute30	0	64	4	57	1.0000	1.0000
robust	excl_pollute30	0	64	4	58	1.0000	1.0000
robust	excl_pollute30	0	64	4	59	1.0000	1.0000
robust	excl_pollute30	0	64	4	60	1.0000	1.0000
robust	excl_pollute30	1	64	4	1	0.7616	0.0000
robust	excl_pollute30	1	64	4	2	0.7616	0.0000
robust	excl_pollute30	1	64	4	3	0.7616	0.0000
robust	excl_pollute30	1	64	4	4	0.7616	0.0000
robust	excl_pollute30	1	64	4	5	0.7616	0.0000
robust	excl_pollute30	1	64	4	6	0.7616	0.0000
robust	excl_pollute30	1	64	4	7	0.7616	0.0000
robust	excl_pollute30	1	64	4	8	0.7873	0.0000
robust	excl_pollute30	1	64	4	9	0.8940	0.0000
robust	excl_pollute30	1	64	4	10	0.8940	0.0000
robust	excl_pollute30	1	64	4	11	0.8940	0.0000
robust	excl_pollute30	1	64	4	12	0.8940	0.0000
robust	excl_pollute30	1	64	4	13	0.8965	0.0000
robust	excl_pollute30	1	64	4	14	0.9205	0.0000
robust	excl_pollute30	1	64	4	15	0.9222	0.0000
robust	excl_pollute30	1	64	4	16	0.9445	0.0000
robust	excl_pollute30	1	64	4	17	0.9710	0.2500
robust	excl_pollute30	1	64	4	18	0.9735	0.2500
robust	excl_pollute30	1	64	4	19	0.9743	0.2500
robust	excl_pollute30	1	64	4	20	0.9851	0.5000
robust	excl_pollute30	1	64	4	21	0.9868	0.5000
robust	excl_pollute30	1	64	4	22	0.9868	0.5000
robust	excl_pollute30	1	64	4	23	0.9868	0.5000
robust	excl_pollute30	1	64	4	24	0.9868	0.5000
robust	excl_pollute30	1	64	4	25	0.9868	0.5000
robust	excl_pollute30	1	64	4	26	0.9868	0.5000
robust	excl_pollute30	1	64	4	27	0.9868	0.5000
robust	excl_pollute30	1	64	4	28	0.9868	0.5000
robust	excl_pollute30	1	64	4	29	0.9868	0.5000
robust	excl_pollute30	1	64	4	30	0.9868	0.5000
robust	excl_pollute30	1	64	4	31	0.9868	0.5000
robust	excl_pollute30	1	64	4	32	0.9868	0.5000
robust	excl_pollute30	1	64	4	33	0.9868	0.5000
robust	excl_pollute30	1	64	4	34	0.9868	0.5000
robust	excl_pollute30	1	64	4	35	0.9876	0.5312
robust	excl_pollute30	1	64	4	36	0.9901	0.6250
robust	excl_pollute30	1	64	4	37	0.9917	0.6875
robust	excl_pollute30	1	64	4	38	0.9967	0.8750
robust	excl_pollute30	1	64	4	39	1.0000	1.0000
robust	excl_pollute30	1	64	4	40	1.0000	1.0000
robust	excl_pollute30	1	64	4	41	1.0000	1.0000
robust	excl_pollute30	1	64	4	42	1.0000	1.0000
robust	excl_pollute30	1	64	4	43	1.0000	1.0000
robust	excl_pollute30	1	64	4	44	1.0000	1.0000
robust	excl_pollute30	1	64	4	45	1.0000	1.0000
robust	excl_pollute30	1	64	4	46	1.0000	1.0000
robust	excl_pollute30	1	64	4	47	1.0000	1.0000
robust	excl_pollute30	1	64	4	48	1.0000	1.0000
robust	excl_pollute30	1	64	4	49	1.0000	1.0000
robust	excl_pollute30	1	64	4	50	1.0000	1.0000
robust	excl_pollute30	1	64	4	51	1.0000	1.0000
robust	excl_pollute30	1	64	4	52	1.0000	1.0000
robust	excl_pollute30	1	64	4	53	1.0000	1.0000
robust	excl_pollute30	1	64	4	54	1.0000	1.0000
robust	excl_pollute30	1	64	4	55	1.0000	1.0000
robust	excl_pollute30	1	64	4	56	1.0000	1.0000
robust	excl_pollute30	1	64	4	57	1.0000	1.0000
robust	excl_pollute30	1	64	4	58	1.0000	1.0000
robust	excl_pollute30	1	64	4	59	1.0000	1.0000
robust	excl_pollute30	1	64	4	60	1.0000	1.0000
robust	baseline	0	128	4	1	0.7616	0.0000
robust	baseline	0	128	4	2	0.7616	0.0000
robust	baseline	0	128	4	3	0.7616	0.0000
robust	baseline	0	128	4	4	0.7947	0.0000
robust	baseline	0	128	4	5	0.8245	0.0000
robust	baseline	0	128	4	6	0.9089	0.0000
robust	baseline	0	128	4	7	0.9495	0.0000
robust	baseline	0	128	4	8	0.9735	0.0000
robust	baseline	0	128	4	9	0.9785	0.1875
robust	baseline	0	128	4	10	0.9967	0.8750
robust	baseline	0	128	4	11	1.0000	1.0000
robust	baseline	0	128	4	12	1.0000	1.0000
robust	baseline	0	128	4	13	1.0000	1.0000
robust	baseline	0	128	4	14	1.0000	1.0000
robust	baseline	0	128	4	15	1.0000	1.0000
robust	baseline	0	128	4	16	1.0000	1.0000
robust	baseline	0	128	4	17	1.0000	1.0000
robust	baseline	0	128	4	18	1.0000	1.0000
robust	baseline	0	128	4	19	1.0000	1.0000
robust	baseline	0	128	4	20	1.0000	1.0000
robust	baseline	0	128	4	21	1.0000	1.0000
robust	baseline	0	128	4	22	1.0000	1.0000
robust	baseline	0	128	4	23	1.0000	1.0000
robust	baseline	0	128	4	24	1.0000	1.0000
robust	baseline	0	128	4	25	1.0000	1.0000
robust	baseline	0	128	4	26	1.0000	1.0000
robust	baseline	0	128	4	27	1.0000	1.0000
robust	baseline	0	128	4	28	1.0000	1.0000
robust	baseline	0	128	4	29	1.0000	1.0000
robust	baseline	0	128	4	30	1.0000	1.0000
robust	baseline	0	128	4	31	1.0000	1.0000
robust	baseline	0	128	4	32	1.0000	1.0000
robust	baseline	0	128	4	33	1.0000	1.0000
robust	baseline	0	128	4	34	1.0000	1.0000
robust	baseline	0	128	4	35	1.0000	1.0000
robust	baseline	0	128	4	36	1.0000	1.0000
robust	baseline	0	128	4	37	1.0000	1.0000
robust	baseline	0	128	4	38	1.0000	1.0000
robust	baseline	0	128	4	39	1.0000	1.0000
robust	baseline	0	128	4	40	1.0000	1.0000
robust	baseline	0	128	4	41	1.0000	1.0000
robust	baseline	0	128	4	42	1.0000	1.0000
robust	baseline	0	128	4	43	1.0000	1.0000
robust	baseline	0	128	4	44	1.0000	1.0000
robust	baseline	0	128	4	45	1.0000	1.0000
robust	baseline	0	128	4	46	1.0000	1.0000
robust	baseline	0	128	4	47	1.0000	1.0000
robust	baseline	0	128	4	48	1.0000	1.0000
robust	baseline	0	128	4	49	1.0000	1.0000
robust	baseline	0	128	4	50	1.0000	1.0000
robust	baseline	0	128	4	51	1.0000	1.0000
robust	baseline	0	128	4	52	1.0000	1.0000
robust	baseline	0	128	4	53	1.0000	1.0000
robust	baseline	0	128	4	54	1.0000	1.0000
robust	baseline	0	128	4	55	1.0000	1.0000
robust	baseline	0	128	4	56	1.0000	1.0000
robust	baseline	0	128	4	57	1.0000	1.0000
robust	baseline	0	128	4	58	1.0000	1.0000
robust	baseline	0	128	4	59	1.0000	1.0000
robust	baseline	0	128	4	60	1.0000	1.0000
robust	baseline	1	128	4	1	0.8411	0.0000
robust	baseline	1	128	4	2	0.7616	0.0000
robust	baseline	1	128	4	3	0.7616	0.0000
robust	baseline	1	128	4	4	0.7616	0.0000
robust	baseline	1	128	4	5	0.7616	0.0000
robust	baseline	1	128	4	6	0.8411	0.0000
robust	baseline	1	128	4	7	0.8675	0.0000
robust	baseline	1	128	4	8	0.9868	0.5000
robust	baseline	1	128	4	9	0.9868	0.5000
robust	baseline	1	128	4	10	0.9868	0.5000
robust	baseline	1	128	4	11	0.9868	0.5000
robust	baseline	1	128	4	12	0.9868	0.5000
robust	baseline	1	128	4	13	0.9868	0.5000
robust	baseline	1	128	4	14	0.9868	0.5000
robust	baseline	1	128	4	15	0.9868	0.5000
robust	baseline	1	128	4	16	0.9868	0.5000
robust	baseline	1	128	4	17	0.9868	0.5000
robust	baseline	1	128	4	18	0.9868	0.5000
robust	baseline	1	128	4	19	0.9868	0.5000
robust	baseline	1	128	4	20	0.9868	0.5000
robust	baseline	1	128	4	21	0.9868	0.5000
robust	baseline	1	128	4	22	0.9868	0.5000
robust	baseline	1	128	4	23	0.9884	0.5625
robust	baseline	1	128	4	24	0.9967	0.8750
robust	baseline	1	128	4	25	1.0000	1.0000
robust	baseline	1	128	4	26	1.0000	1.0000
robust	baseline	1	128	4	27	1.0000	1.0000
robust	baseline	1	128	4	28	1.0000	1.0000
robust	baseline	1	128	4	29	1.0000	1.0000
robust	baseline	1	128	4	30	1.0000	1.0000
robust	baseline	1	128	4	31	1.0000	1.0000
robust	baseline	1	128	4	32	1.0000	1.0000
robust	baseline	1	128	4	33	1.0000	1.0000
robust	baseline	1	128	4	34	1.0000	1.0000
robust	baseline	1	128	4	35	1.0000	1.0000
robust	baseline	1	128	4	36	1.0000	1.0000
robust	baseline	1	128	4	37	1.0000	1.0000
robust	baseline	1	128	4	38	1.0000	1.0000
robust	baseline	1	128	4	39	1.0000	1.0000
robust	baseline	1	128	4	40	1.0000	1.0000
robust	baseline	1	128	4	41	1.0000	1.0000
robust	baseline	1	128	4	42	1.0000	1.0000
robust	baseline	1	128	4	43	1.0000	1.0000
robust	baseline	1	128	4	44	1.0000	1.0000
robust	baseline	1	128	4	45	1.0000	1.0000
robust	baseline	1	128	4	46	1.0000	1.0000
robust	baseline	1	128	4	47	1.0000	1.0000
robust	baseline	1	128	4	48	1.0000	1.0000
robust	baseline	1	128	4	49	1.0000	1.0000
robust	baseline	1	128	4	50	1.0000	1.0000
robust	baseline	1	128	4	51	1.0000	1.0000
robust	baseline	1	128	4	52	1.0000	1.0000
robust	baseline	1	128	4	53	1.0000	1.0000
robust	baseline	1	128	4	54	1.0000	1.0000
robust	baseline	1	128	4	55	1.0000	1.0000
robust	baseline	1	128	4	56	1.0000	1.0000
robust	baseline	1	128	4	57	1.0000	1.0000
robust	baseline	1	128	4	58	1.0000	1.0000
robust	baseline	1	128	4	59	1.0000	1.0000
robust	baseline	1	128	4	60	1.0000	1.0000
robust	decl_full	0	128	4	1	0.0000	0.0000
robust	decl_full	0	128	4	2	0.0530	0.0000
robust	decl_full	0	128	4	3	0.0530	0.0000
robust	decl_full	0	128	4	4	0.1026	0.0000
robust	decl_full	0	128	4	5	0.1589	0.0000
robust	decl_full	0	128	4	6	0.1606	0.0000
robust	decl_full	0	128	4	7	0.1854	0.0000
robust	decl_full	0	128	4	8	0.2061	0.0000
robust	decl_full	0	128	4	9	0.9851	0.4375
robust	decl_full	0	128	4	10	1.0000	1.0000
robust	decl_full	0	128	4	11	1.0000	1.0000
robust	decl_full	0	128	4	12	1.0000	1.0000
robust	decl_full	0	128	4	13	1.0000	1.0000
robust	decl_full	0	128	4	14	1.0000	1.0000
robust	decl_full	0	128	4	15	1.0000	1.0000
robust	decl_full	0	128	4	16	1.0000	1.0000
robust	decl_full	0	128	4	17	1.0000	1.0000
robust	decl_full	0	128	4	18	1.0000	1.0000
robust	decl_full	0	128	4	19	1.0000	1.0000
robust	decl_full	0	128	4	20	1.0000	1.0000
robust	decl_full	0	128	4	21	1.0000	1.0000
robust	decl_full	0	128	4	22	1.0000	1.0000
robust	decl_full	0	128	4	23	1.0000	1.0000
robust	decl_full	0	128	4	24	1.0000	1.0000
robust	decl_full	0	128	4	25	1.0000	1.0000
robust	decl_full	0	128	4	26	1.0000	1.0000
robust	decl_full	0	128	4	27	1.0000	1.0000
robust	decl_full	0	128	4	28	1.0000	1.0000
robust	decl_full	0	128	4	29	1.0000	1.0000
robust	decl_full	0	128	4	30	1.0000	1.0000
robust	decl_full	0	128	4	31	1.0000	1.0000
robust	decl_full	0	128	4	32	1.0000	1.0000
robust	decl_full	0	128	4	33	1.0000	1.0000
robust	decl_full	0	128	4	34	1.0000	1.0000
robust	decl_full	0	128	4	35	1.0000	1.0000
robust	decl_full	0	128	4	36	1.0000	1.0000
robust	decl_full	0	128	4	37	1.0000	1.0000
robust	decl_full	0	128	4	38	1.0000	1.0000
robust	decl_full	0	128	4	39	1.0000	1.0000
robust	decl_full	0	128	4	40	1.0000	1.0000
robust	decl_full	0	128	4	41	1.0000	1.0000
robust	decl_full	0	128	4	42	1.0000	1.0000
robust	decl_full	0	128	4	43	1.0000	1.0000
robust	decl_full	0	128	4	44	1.0000	1.0000
robust	decl_full	0	128	4	45	1.0000	1.0000
robust	decl_full	0	128	4	46	1.0000	1.0000
robust	decl_full	0	128	4	47	1.0000	1.0000
robust	decl_full	0	128	4	48	1.0000	1.0000
robust	decl_full	0	128	4	49	1.0000	1.0000
robust	decl_full	0	128	4	50	1.0000	1.0000
robust	decl_full	0	128	4	51	1.0000	1.0000
robust	decl_full	0	128	4	52	1.0000	1.0000
robust	decl_full	0	128	4	53	1.0000	1.0000
robust	decl_full	0	128	4	54	1.0000	1.0000
robust	decl_full	0	128	4	55	1.0000	1.0000
robust	decl_full	0	128	4	56	1.0000	1.0000
robust	decl_full	0	128	4	57	1.0000	1.0000
robust	decl_full	0	128	4	58	1.0000	1.0000
robust	decl_full	0	128	4	59	1.0000	1.0000
robust	decl_full	0	128	4	60	1.0000	1.0000
robust	decl_full	1	128	4	1	0.0000	0.0000
robust	decl_full	1	128	4	2	0.0000	0.0000
robust	decl_full	1	128	4	3	0.0000	0.0000
robust	decl_full	1	128	4	4	0.0000	0.0000
robust	decl_full	1	128	4	5	0.0795	0.0000
robust	decl_full	1	128	4	6	0.1325	0.0000
robust	decl_full	1	128	4	7	0.9056	0.0000
robust	decl_full	1	128	4	8	0.9619	0.0000
robust	decl_full	1	128	4	9	0.9710	0.1250
robust	decl_full	1	128	4	10	0.9685	0.1250
robust	decl_full	1	128	4	11	0.9760	0.3125
robust	decl_full	1	128	4	12	0.9760	0.3125
robust	decl_full	1	128	4	13	0.9752	0.3125
robust	decl_full	1	128	4	14	0.9752	0.3125
robust	decl_full	1	128	4	15	0.9752	0.3125
robust	decl_full	1	128	4	16	0.9760	0.3125
robust	decl_full	1	128	4	17	0.9760	0.3125
robust	decl_full	1	128	4	18	0.9785	0.3750
robust	decl_full	1	128	4	19	0.9810	0.4688
robust	decl_full	1	128	4	20	0.9818	0.5000
robust	decl_full	1	128	4	21	0.9818	0.5000
robust	decl_full	1	128	4	22	0.9834	0.5000
robust	decl_full	1	128	4	23	0.9843	0.5000
robust	decl_full	1	128	4	24	0.9851	0.5000
robust	decl_full	1	128	4	25	0.9851	0.5000
robust	decl_full	1	128	4	26	0.9868	0.5000
robust	decl_full	1	128	4	27	0.9868	0.5000
robust	decl_full	1	128	4	28	0.9868	0.5000
robust	decl_full	1	128	4	29	0.9868	0.5000
robust	decl_full	1	128	4	30	0.9868	0.5000
robust	decl_full	1	128	4	31	0.9868	0.5000
robust	decl_full	1	128	4	32	0.9868	0.5000
robust	decl_full	1	128	4	33	0.9868	0.5000
robust	decl_full	1	128	4	34	0.9868	0.5000
robust	decl_full	1	128	4	35	0.9884	0.5625
robust	decl_full	1	128	4	36	0.9901	0.6250
robust	decl_full	1	128	4	37	0.9901	0.6250
robust	decl_full	1	128	4	38	0.9901	0.6250
robust	decl_full	1	128	4	39	0.9901	0.6250
robust	decl_full	1	128	4	40	0.9901	0.6250
robust	decl_full	1	128	4	41	0.9934	0.7500
robust	decl_full	1	128	4	42	0.9942	0.7812
robust	decl_full	1	128	4	43	0.9950	0.8125
robust	decl_full	1	128	4	44	0.9967	0.8750
robust	decl_full	1	128	4	45	0.9967	0.8750
robust	decl_full	1	128	4	46	0.9967	0.8750
robust	decl_full	1	128	4	47	1.0000	1.0000
robust	decl_full	1	128	4	48	1.0000	1.0000
robust	decl_full	1	128	4	49	1.0000	1.0000
robust	decl_full	1	128	4	50	1.0000	1.0000
robust	decl_full	1	128	4	51	1.0000	1.0000
robust	decl_full	1	128	4	52	1.0000	1.0000
robust	decl_full	1	128	4	53	1.0000	1.0000
robust	decl_full	1	128	4	54	1.0000	1.0000
robust	decl_full	1	128	4	55	1.0000	1.0000
robust	decl_full	1	128	4	56	1.0000	1.0000
robust	decl_full	1	128	4	57	1.0000	1.0000
robust	decl_full	1	128	4	58	1.0000	1.0000
robust	decl_full	1	128	4	59	1.0000	1.0000
robust	decl_full	1	128	4	60	1.0000	1.0000
robust	excl_pollute30	0	128	4	1	0.7616	0.0000
robust	excl_pollute30	0	128	4	2	0.7616	0.0000
robust	excl_pollute30	0	128	4	3	0.7616	0.0000
robust	excl_pollute30	0	128	4	4	0.8146	0.0000
robust	excl_pollute30	0	128	4	5	0.8245	0.0000
robust	excl_pollute30	0	128	4	6	0.9123	0.0000
robust	excl_pollute30	0	128	4	7	0.9238	0.0000
robust	excl_pollute30	0	128	4	8	0.9520	0.0000
robust	excl_pollute30	0	128	4	9	0.9636	0.1250
robust	excl_pollute30	0	128	4	10	0.9818	0.5000
robust	excl_pollute30	0	128	4	11	0.9868	0.5000
robust	excl_pollute30	0	128	4	12	0.9868	0.5000
robust	excl_pollute30	0	128	4	13	0.9868	0.5000
robust	excl_pollute30	0	128	4	14	0.9901	0.6250
robust	excl_pollute30	0	128	4	15	1.0000	1.0000
robust	excl_pollute30	0	128	4	16	1.0000	1.0000
robust	excl_pollute30	0	128	4	17	1.0000	1.0000
robust	excl_pollute30	0	128	4	18	1.0000	1.0000
robust	excl_pollute30	0	128	4	19	1.0000	1.0000
robust	excl_pollute30	0	128	4	20	1.0000	1.0000
robust	excl_pollute30	0	128	4	21	1.0000	1.0000
robust	excl_pollute30	0	128	4	22	1.0000	1.0000
robust	excl_pollute30	0	128	4	23	1.0000	1.0000
robust	excl_pollute30	0	128	4	24	1.0000	1.0000
robust	excl_pollute30	0	128	4	25	1.0000	1.0000
robust	excl_pollute30	0	128	4	26	1.0000	1.0000
robust	excl_pollute30	0	128	4	27	1.0000	1.0000
robust	excl_pollute30	0	128	4	28	1.0000	1.0000
robust	excl_pollute30	0	128	4	29	1.0000	1.0000
robust	excl_pollute30	0	128	4	30	1.0000	1.0000
robust	excl_pollute30	0	128	4	31	1.0000	1.0000
robust	excl_pollute30	0	128	4	32	1.0000	1.0000
robust	excl_pollute30	0	128	4	33	1.0000	1.0000
robust	excl_pollute30	0	128	4	34	1.0000	1.0000
robust	excl_pollute30	0	128	4	35	1.0000	1.0000
robust	excl_pollute30	0	128	4	36	1.0000	1.0000
robust	excl_pollute30	0	128	4	37	1.0000	1.0000
robust	excl_pollute30	0	128	4	38	1.0000	1.0000
robust	excl_pollute30	0	128	4	39	1.0000	1.0000
robust	excl_pollute30	0	128	4	40	1.0000	1.0000
robust	excl_pollute30	0	128	4	41	1.0000	1.0000
robust	excl_pollute30	0	128	4	42	1.0000	1.0000
robust	excl_pollute30	0	128	4	43	1.0000	1.0000
robust	excl_pollute30	0	128	4	44	1.0000	1.0000
robust	excl_pollute30	0	128	4	45	1.0000	1.0000
robust	excl_pollute30	0	128	4	46	1.0000	1.0000
robust	excl_pollute30	0	128	4	47	1.0000	1.0000
robust	excl_pollute30	0	128	4	48	1.0000	1.0000
robust	excl_pollute30	0	128	4	49	1.0000	1.0000
robust	excl_pollute30	0	128	4	50	1.0000	1.0000
robust	excl_pollute30	0	128	4	51	1.0000	1.0000
robust	excl_pollute30	0	128	4	52	1.0000	1.0000
robust	excl_pollute30	0	128	4	53	1.0000	1.0000
robust	excl_pollute30	0	128	4	54	1.0000	1.0000
robust	excl_pollute30	0	128	4	55	1.0000	1.0000
robust	excl_pollute30	0	128	4	56	1.0000	1.0000
robust	excl_pollute30	0	128	4	57	1.0000	1.0000
robust	excl_pollute30	0	128	4	58	1.0000	1.0000
robust	excl_pollute30	0	128	4	59	1.0000	1.0000
robust	excl_pollute30	0	128	4	60	1.0000	1.0000
robust	excl_pollute30	1	128	4	1	0.8411	0.0000
robust	excl_pollute30	1	128	4	2	0.7616	0.0000
robust	excl_pollute30	1	128	4	3	0.7616	0.0000
robust	excl_pollute30	1	128	4	4	0.7616	0.0000
robust	excl_pollute30	1	128	4	5	0.7616	0.0000
robust	excl_pollute30	1	128	4	6	0.8088	0.0000
robust	excl_pollute30	1	128	4	7	0.8510	0.0000
robust	excl_pollute30	1	128	4	8	0.9205	0.0000
robust	excl_pollute30	1	128	4	9	0.9255	0.0000
robust	excl_pollute30	1	128	4	10	0.9685	0.2500
robust	excl_pollute30	1	128	4	11	0.9868	0.5000
robust	excl_pollute30	1	128	4	12	0.9868	0.5000
robust	excl_pollute30	1	128	4	13	0.9868	0.5000
robust	excl_pollute30	1	128	4	14	0.9868	0.5000
robust	excl_pollute30	1	128	4	15	0.9868	0.5000
robust	excl_pollute30	1	128	4	16	0.9868	0.5000
robust	excl_pollute30	1	128	4	17	0.9868	0.5000
robust	excl_pollute30	1	128	4	18	0.9868	0.5000
robust	excl_pollute30	1	128	4	19	0.9868	0.5000
robust	excl_pollute30	1	128	4	20	0.9868	0.5000
robust	excl_pollute30	1	128	4	21	0.9868	0.5000
robust	excl_pollute30	1	128	4	22	0.9868	0.5000
robust	excl_pollute30	1	128	4	23	0.9868	0.5000
robust	excl_pollute30	1	128	4	24	0.9868	0.5000
robust	excl_pollute30	1	128	4	25	0.9868	0.5000
robust	excl_pollute30	1	128	4	26	0.9868	0.5000
robust	excl_pollute30	1	128	4	27	0.9868	0.5000
robust	excl_pollute30	1	128	4	28	0.9901	0.6250
robust	excl_pollute30	1	128	4	29	0.9950	0.8125
robust	excl_pollute30	1	128	4	30	1.0000	1.0000
robust	excl_pollute30	1	128	4	31	1.0000	1.0000
robust	excl_pollute30	1	128	4	32	1.0000	1.0000
robust	excl_pollute30	1	128	4	33	1.0000	1.0000
robust	excl_pollute30	1	128	4	34	1.0000	1.0000
robust	excl_pollute30	1	128	4	35	1.0000	1.0000
robust	excl_pollute30	1	128	4	36	1.0000	1.0000
robust	excl_pollute30	1	128	4	37	1.0000	1.0000
robust	excl_pollute30	1	128	4	38	1.0000	1.0000
robust	excl_pollute30	1	128	4	39	1.0000	1.0000
robust	excl_pollute30	1	128	4	40	1.0000	1.0000
robust	excl_pollute30	1	128	4	41	1.0000	1.0000
robust	excl_pollute30	1	128	4	42	1.0000	1.0000
robust	excl_pollute30	1	128	4	43	1.0000	1.0000
robust	excl_pollute30	1	128	4	44	1.0000	1.0000
robust	excl_pollute30	1	128	4	45	1.0000	1.0000
robust	excl_pollute30	1	128	4	46	1.0000	1.0000
robust	excl_pollute30	1	128	4	47	1.0000	1.0000
robust	excl_pollute30	1	128	4	48	1.0000	1.0000
robust	excl_pollute30	1	128	4	49	1.0000	1.0000
robust	excl_pollute30	1	128	4	50	1.0000	1.0000
robust	excl_pollute30	1	128	4	51	1.0000	1.0000
robust	excl_pollute30	1	128	4	52	1.0000	1.0000
robust	excl_pollute30	1	128	4	53	1.0000	1.0000
robust	excl_pollute30	1	128	4	54	1.0000	1.0000
robust	excl_pollute30	1	128	4	55	1.0000	1.0000
robust	excl_pollute30	1	128	4	56	1.0000	1.0000
robust	excl_pollute30	1	128	4	57	1.0000	1.0000
robust	excl_pollute30	1	128	4	58	1.0000	1.0000
robust	excl_pollute30	1	128	4	59	1.0000	1.0000
robust	excl_pollute30	1	128	4	60	1.0000	1.0000
