group	cond	seed	dim	layers	epoch	pt_id
main	baseline	0	64	2	1	0.0000
main	baseline	0	64	2	2	0.2731
main	baseline	0	64	2	3	0.6636
main	baseline	0	64	2	4	0.7145
main	baseline	0	64	2	5	0.7130
main	baseline	0	64	2	6	0.7191
main	baseline	0	64	2	7	0.7346
main	baseline	0	64	2	8	0.7816
main	baseline	0	64	2	9	0.8441
main	baseline	0	64	2	10	0.8951
main	baseline	0	64	2	11	0.9545
main	baseline	0	64	2	12	0.9753
main	baseline	0	64	2	13	0.9753
main	baseline	0	64	2	14	0.9907
main	baseline	0	64	2	15	1.0000
main	baseline	0	64	2	16	1.0000
main	baseline	0	64	2	17	1.0000
main	baseline	0	64	2	18	1.0000
main	baseline	0	64	2	19	1.0000
main	baseline	0	64	2	20	1.0000
main	baseline	0	64	2	21	1.0000
main	baseline	0	64	2	22	1.0000
main	baseline	0	64	2	23	1.0000
main	baseline	0	64	2	24	1.0000
main	baseline	0	64	2	25	1.0000
main	baseline	0	64	2	26	1.0000
main	baseline	0	64	2	27	1.0000
main	baseline	0	64	2	28	1.0000
main	baseline	0	64	2	29	1.0000
main	baseline	0	64	2	30	1.0000
main	baseline	0	64	2	31	1.0000
main	baseline	0	64	2	32	1.0000
main	baseline	0	64	2	33	1.0000
main	baseline	0	64	2	34	1.0000
main	baseline	0	64	2	35	1.0000
main	baseline	0	64	2	36	1.0000
main	baseline	0	64	2	37	1.0000
main	baseline	0	64	2	38	1.0000
main	baseline	0	64	2	39	1.0000
main	baseline	0	64	2	40	1.0000
main	baseline	0	64	2	41	1.0000
main	baseline	0	64	2	42	1.0000
main	baseline	0	64	2	43	1.0000
main	baseline	0	64	2	44	1.0000
main	baseline	0	64	2	45	1.0000
main	baseline	0	64	2	46	1.0000
main	baseline	0	64	2	47	1.0000
main	baseline	0	64	2	48	1.0000
main	baseline	0	64	2	49	1.0000
main	baseline	0	64	2	50	1.0000
main	baseline	0	64	2	51	1.0000
main	baseline	0	64	2	52	1.0000
main	baseline	0	64	2	53	1.0000
main	baseline	0	64	2	54	1.0000
main	baseline	0	64	2	55	1.0000
main	baseline	0	64	2	56	1.0000
main	baseline	0	64	2	57	1.0000
main	baseline	0	64	2	58	1.0000
main	baseline	0	64	2	59	1.0000
main	baseline	0	64	2	60	1.0000
main	baseline	1	64	2	1	0.0679
main	baseline	1	64	2	2	0.5802
main	baseline	1	64	2	3	0.5802
main	baseline	1	64	2	4	0.5633
main	baseline	1	64	2	5	0.5602
main	baseline	1	64	2	6	0.5610
main	baseline	1	64	2	7	0.6821
main	baseline	1	64	2	8	0.8133
main	baseline	1	64	2	9	0.8233
main	baseline	1	64	2	10	0.8526
main	baseline	1	64	2	11	0.9437
main	baseline	1	64	2	12	0.9591
main	baseline	1	64	2	13	0.9745
main	baseline	1	64	2	14	0.9776
main	baseline	1	64	2	15	0.9830
main	baseline	1	64	2	16	0.9907
main	baseline	1	64	2	17	1.0000
main	baseline	1	64	2	18	1.0000
main	baseline	1	64	2	19	1.0000
main	baseline	1	64	2	20	1.0000
main	baseline	1	64	2	21	1.0000
main	baseline	1	64	2	22	1.0000
main	baseline	1	64	2	23	1.0000
main	baseline	1	64	2	24	1.0000
main	baseline	1	64	2	25	1.0000
main	baseline	1	64	2	26	1.0000
main	baseline	1	64	2	27	1.0000
main	baseline	1	64	2	28	1.0000
main	baseline	1	64	2	29	1.0000
main	baseline	1	64	2	30	1.0000
main	baseline	1	64	2	31	1.0000
main	baseline	1	64	2	32	1.0000
main	baseline	1	64	2	33	1.0000
main	baseline	1	64	2	34	1.0000
main	baseline	1	64	2	35	1.0000
main	baseline	1	64	2	36	1.0000
main	baseline	1	64	2	37	1.0000
main	baseline	1	64	2	38	1.0000
main	baseline	1	64	2	39	1.0000
main	baseline	1	64	2	40	1.0000
main	baseline	1	64	2	41	1.0000
main	baseline	1	64	2	42	1.0000
main	baseline	1	64	2	43	1.0000
main	baseline	1	64	2	44	1.0000
main	baseline	1	64	2	45	1.0000
main	baseline	1	64	2	46	1.0000
main	baseline	1	64	2	47	1.0000
main	baseline	1	64	2	48	1.0000
main	baseline	1	64	2	49	1.0000
main	baseline	1	64	2	50	1.0000
main	baseline	1	64	2	51	1.0000
main	baseline	1	64	2	52	1.0000
main	baseline	1	64	2	53	1.0000
main	baseline	1	64	2	54	1.0000
main	baseline	1	64	2	55	1.0000
main	baseline	1	64	2	56	1.0000
main	baseline	1	64	2	57	1.0000
main	baseline	1	64	2	58	1.0000
main	baseline	1	64	2	59	1.0000
main	baseline	1	64	2	60	1.0000
main	baseline	2	64	2	1	0.0000
main	baseline	2	64	2	2	0.3719
main	baseline	2	64	2	3	0.5949
main	baseline	2	64	2	4	0.6775
main	baseline	2	64	2	5	0.6705
main	baseline	2	64	2	6	0.7670
main	baseline	2	64	2	7	0.8542
main	baseline	2	64	2	8	0.9043
main	baseline	2	64	2	9	0.9506
main	baseline	2	64	2	10	0.9506
main	baseline	2	64	2	11	0.9614
main	baseline	2	64	2	12	0.9753
main	baseline	2	64	2	13	0.9753
main	baseline	2	64	2	14	0.9799
main	baseline	2	64	2	15	0.9884
main	baseline	2	64	2	16	0.9977
main	baseline	2	64	2	17	1.0000
main	baseline	2	64	2	18	1.0000
main	baseline	2	64	2	19	1.0000
main	baseline	2	64	2	20	1.0000
main	baseline	2	64	2	21	1.0000
main	baseline	2	64	2	22	1.0000
main	baseline	2	64	2	23	1.0000
main	baseline	2	64	2	24	1.0000
main	baseline	2	64	2	25	1.0000
main	baseline	2	64	2	26	1.0000
main	baseline	2	64	2	27	1.0000
main	baseline	2	64	2	28	1.0000
main	baseline	2	64	2	29	1.0000
main	baseline	2	64	2	30	1.0000
main	baseline	2	64	2	31	1.0000
main	baseline	2	64	2	32	1.0000
main	baseline	2	64	2	33	1.0000
main	baseline	2	64	2	34	1.0000
main	baseline	2	64	2	35	1.0000
main	baseline	2	64	2	36	1.0000
main	baseline	2	64	2	37	1.0000
main	baseline	2	64	2	38	1.0000
main	baseline	2	64	2	39	1.0000
main	baseline	2	64	2	40	1.0000
main	baseline	2	64	2	41	1.0000
main	baseline	2	64	2	42	1.0000
main	baseline	2	64	2	43	1.0000
main	baseline	2	64	2	44	1.0000
main	baseline	2	64	2	45	1.0000
main	baseline	2	64	2	46	1.0000
main	baseline	2	64	2	47	1.0000
main	baseline	2	64	2	48	1.0000
main	baseline	2	64	2	49	1.0000
main	baseline	2	64	2	50	1.0000
main	baseline	2	64	2	51	1.0000
main	baseline	2	64	2	52	1.0000
main	baseline	2	64	2	53	1.0000
main	baseline	2	64	2	54	1.0000
main	baseline	2	64	2	55	1.0000
main	baseline	2	64	2	56	1.0000
main	baseline	2	64	2	57	1.0000
main	baseline	2	64	2	58	1.0000
main	baseline	2	64	2	59	1.0000
main	baseline	2	64	2	60	1.0000
main	baseline	3	64	2	1	0.0000
main	baseline	3	64	2	2	0.6597
main	baseline	3	64	2	3	0.7045
main	baseline	3	64	2	4	0.7531
main	baseline	3	64	2	5	0.7531
main	baseline	3	64	2	6	0.7593
main	baseline	3	64	2	7	0.8472
main	baseline	3	64	2	8	0.9012
main	baseline	3	64	2	9	0.9012
main	baseline	3	64	2	10	0.9012
main	baseline	3	64	2	11	0.9059
main	baseline	3	64	2	12	0.9660
main	baseline	3	64	2	13	0.9707
main	baseline	3	64	2	14	0.9753
main	baseline	3	64	2	15	0.9753
main	baseline	3	64	2	16	0.9799
main	baseline	3	64	2	17	0.9830
main	baseline	3	64	2	18	0.9884
main	baseline	3	64	2	19	0.9992
main	baseline	3	64	2	20	1.0000
main	baseline	3	64	2	21	1.0000
main	baseline	3	64	2	22	1.0000
main	baseline	3	64	2	23	1.0000
main	baseline	3	64	2	24	1.0000
main	baseline	3	64	2	25	1.0000
main	baseline	3	64	2	26	1.0000
main	baseline	3	64	2	27	1.0000
main	baseline	3	64	2	28	1.0000
main	baseline	3	64	2	29	1.0000
main	baseline	3	64	2	30	1.0000
main	baseline	3	64	2	31	1.0000
main	baseline	3	64	2	32	1.0000
main	baseline	3	64	2	33	1.0000
main	baseline	3	64	2	34	1.0000
main	baseline	3	64	2	35	1.0000
main	baseline	3	64	2	36	1.0000
main	baseline	3	64	2	37	1.0000
main	baseline	3	64	2	38	1.0000
main	baseline	3	64	2	39	1.0000
main	baseline	3	64	2	40	1.0000
main	baseline	3	64	2	41	1.0000
main	baseline	3	64	2	42	1.0000
main	baseline	3	64	2	43	1.0000
main	baseline	3	64	2	44	1.0000
main	baseline	3	64	2	45	1.0000
main	baseline	3	64	2	46	1.0000
main	baseline	3	64	2	47	1.0000
main	baseline	3	64	2	48	1.0000
main	baseline	3	64	2	49	1.0000
main	baseline	3	64	2	50	1.0000
main	baseline	3	64	2	51	1.0000
main	baseline	3	64	2	52	1.0000
main	baseline	3	64	2	53	1.0000
main	baseline	3	64	2	54	1.0000
main	baseline	3	64	2	55	1.0000
main	baseline	3	64	2	56	1.0000
main	baseline	3	64	2	57	1.0000
main	baseline	3	64	2	58	1.0000
main	baseline	3	64	2	59	1.0000
main	baseline	3	64	2	60	1.0000
main	baseline	4	64	2	1	0.6559
main	baseline	4	64	2	2	0.7037
main	baseline	4	64	2	3	0.7469
main	baseline	4	64	2	4	0.8032
main	baseline	4	64	2	5	0.8094
main	baseline	4	64	2	6	0.8210
main	baseline	4	64	2	7	0.8356
main	baseline	4	64	2	8	0.8488
main	baseline	4	64	2	9	0.8526
main	baseline	4	64	2	10	0.8542
main	baseline	4	64	2	11	0.8596
main	baseline	4	64	2	12	0.8673
main	baseline	4	64	2	13	0.8843
main	baseline	4	64	2	14	0.9020
main	baseline	4	64	2	15	0.9344
main	baseline	4	64	2	16	0.9506
main	baseline	4	64	2	17	0.9514
main	baseline	4	64	2	18	0.9630
main	baseline	4	64	2	19	0.9969
main	baseline	4	64	2	20	1.0000
main	baseline	4	64	2	21	1.0000
main	baseline	4	64	2	22	1.0000
main	baseline	4	64	2	23	1.0000
main	baseline	4	64	2	24	1.0000
main	baseline	4	64	2	25	1.0000
main	baseline	4	64	2	26	1.0000
main	baseline	4	64	2	27	1.0000
main	baseline	4	64	2	28	1.0000
main	baseline	4	64	2	29	1.0000
main	baseline	4	64	2	30	1.0000
main	baseline	4	64	2	31	1.0000
main	baseline	4	64	2	32	1.0000
main	baseline	4	64	2	33	1.0000
main	baseline	4	64	2	34	1.0000
main	baseline	4	64	2	35	1.0000
main	baseline	4	64	2	36	1.0000
main	baseline	4	64	2	37	1.0000
main	baseline	4	64	2	38	1.0000
main	baseline	4	64	2	39	1.0000
main	baseline	4	64	2	40	1.0000
main	baseline	4	64	2	41	1.0000
main	baseline	4	64	2	42	1.0000
main	baseline	4	64	2	43	1.0000
main	baseline	4	64	2	44	1.0000
main	baseline	4	64	2	45	1.0000
main	baseline	4	64	2	46	1.0000
main	baseline	4	64	2	47	1.0000
main	baseline	4	64	2	48	1.0000
main	baseline	4	64	2	49	1.0000
main	baseline	4	64	2	50	1.0000
main	baseline	4	64	2	51	1.0000
main	baseline	4	64	2	52	1.0000
main	baseline	4	64	2	53	1.0000
main	baseline	4	64	2	54	1.0000
main	baseline	4	64	2	55	1.0000
main	baseline	4	64	2	56	1.0000
main	baseline	4	64	2	57	1.0000
main	baseline	4	64	2	58	1.0000
main	baseline	4	64	2	59	1.0000
main	baseline	4	64	2	60	1.0000
main	baseline	5	64	2	1	0.0463
main	baseline	5	64	2	2	0.6528
main	baseline	5	64	2	3	0.7932
main	baseline	5	64	2	4	0.8002
main	baseline	5	64	2	5	0.8657
main	baseline	5	64	2	6	0.9259
main	baseline	5	64	2	7	0.9259
main	baseline	5	64	2	8	0.9259
main	baseline	5	64	2	9	0.9259
main	baseline	5	64	2	10	0.9313
main	baseline	5	64	2	11	0.9985
main	baseline	5	64	2	12	1.0000
main	baseline	5	64	2	13	1.0000
main	baseline	5	64	2	14	1.0000
main	baseline	5	64	2	15	1.0000
main	baseline	5	64	2	16	1.0000
main	baseline	5	64	2	17	1.0000
main	baseline	5	64	2	18	1.0000
main	baseline	5	64	2	19	1.0000
main	baseline	5	64	2	20	1.0000
main	baseline	5	64	2	21	1.0000
main	baseline	5	64	2	22	1.0000
main	baseline	5	64	2	23	1.0000
main	baseline	5	64	2	24	1.0000
main	baseline	5	64	2	25	1.0000
main	baseline	5	64	2	26	1.0000
main	baseline	5	64	2	27	1.0000
main	baseline	5	64	2	28	1.0000
main	baseline	5	64	2	29	1.0000
main	baseline	5	64	2	30	1.0000
main	baseline	5	64	2	31	1.0000
main	baseline	5	64	2	32	1.0000
main	baseline	5	64	2	33	1.0000
main	baseline	5	64	2	34	1.0000
main	baseline	5	64	2	35	1.0000
main	baseline	5	64	2	36	1.0000
main	baseline	5	64	2	37	1.0000
main	baseline	5	64	2	38	1.0000
main	baseline	5	64	2	39	1.0000
main	baseline	5	64	2	40	1.0000
main	baseline	5	64	2	41	1.0000
main	baseline	5	64	2	42	1.0000
main	baseline	5	64	2	43	1.0000
main	baseline	5	64	2	44	1.0000
main	baseline	5	64	2	45	1.0000
main	baseline	5	64	2	46	1.0000
main	baseline	5	64	2	47	1.0000
main	baseline	5	64	2	48	1.0000
main	baseline	5	64	2	49	1.0000
main	baseline	5	64	2	50	1.0000
main	baseline	5	64	2	51	1.0000
main	baseline	5	64	2	52	1.0000
main	baseline	5	64	2	53	1.0000
main	baseline	5	64	2	54	1.0000
main	baseline	5	64	2	55	1.0000
main	baseline	5	64	2	56	1.0000
main	baseline	5	64	2	57	1.0000
main	baseline	5	64	2	58	1.0000
main	baseline	5	64	2	59	1.0000
main	baseline	5	64	2	60	1.0000
main	baseline	6	64	2	1	0.5556
main	baseline	6	64	2	2	0.5556
main	baseline	6	64	2	3	0.5741
main	baseline	6	64	2	4	0.6049
main	baseline	6	64	2	5	0.6034
main	baseline	6	64	2	6	0.6080
main	baseline	6	64	2	7	0.6250
main	baseline	6	64	2	8	0.6759
main	baseline	6	64	2	9	0.7785
main	baseline	6	64	2	10	0.9136
main	baseline	6	64	2	11	0.9259
main	baseline	6	64	2	12	0.9259
main	baseline	6	64	2	13	0.9290
main	baseline	6	64	2	14	0.9421
main	baseline	6	64	2	15	0.9591
main	baseline	6	64	2	16	0.9792
main	baseline	6	64	2	17	0.9861
main	baseline	6	64	2	18	0.9931
main	baseline	6	64	2	19	1.0000
main	baseline	6	64	2	20	1.0000
main	baseline	6	64	2	21	1.0000
main	baseline	6	64	2	22	1.0000
main	baseline	6	64	2	23	1.0000
main	baseline	6	64	2	24	1.0000
main	baseline	6	64	2	25	1.0000
main	baseline	6	64	2	26	1.0000
main	baseline	6	64	2	27	1.0000
main	baseline	6	64	2	28	1.0000
main	baseline	6	64	2	29	1.0000
main	baseline	6	64	2	30	1.0000
main	baseline	6	64	2	31	1.0000
main	baseline	6	64	2	32	1.0000
main	baseline	6	64	2	33	1.0000
main	baseline	6	64	2	34	1.0000
main	baseline	6	64	2	35	1.0000
main	baseline	6	64	2	36	1.0000
main	baseline	6	64	2	37	1.0000
main	baseline	6	64	2	38	1.0000
main	baseline	6	64	2	39	1.0000
main	baseline	6	64	2	40	1.0000
main	baseline	6	64	2	41	1.0000
main	baseline	6	64	2	42	1.0000
main	baseline	6	64	2	43	1.0000
main	baseline	6	64	2	44	1.0000
main	baseline	6	64	2	45	1.0000
main	baseline	6	64	2	46	1.0000
main	baseline	6	64	2	47	1.0000
main	baseline	6	64	2	48	1.0000
main	baseline	6	64	2	49	1.0000
main	baseline	6	64	2	50	1.0000
main	baseline	6	64	2	51	1.0000
main	baseline	6	64	2	52	1.0000
main	baseline	6	64	2	53	1.0000
main	baseline	6	64	2	54	1.0000
main	baseline	6	64	2	55	1.0000
main	baseline	6	64	2	56	1.0000
main	baseline	6	64	2	57	1.0000
main	baseline	6	64	2	58	1.0000
main	baseline	6	64	2	59	1.0000
main	baseline	6	64	2	60	1.0000
main	baseline	7	64	2	1	0.0000
main	baseline	7	64	2	2	0.5556
main	baseline	7	64	2	3	0.5556
main	baseline	7	64	2	4	0.5556
main	baseline	7	64	2	5	0.5556
main	baseline	7	64	2	6	0.5556
main	baseline	7	64	2	7	0.5679
main	baseline	7	64	2	8	0.6698
main	baseline	7	64	2	9	0.7122
main	baseline	7	64	2	10	0.7500
main	baseline	7	64	2	11	0.7909
main	baseline	7	64	2	12	0.8681
main	baseline	7	64	2	13	0.9344
main	baseline	7	64	2	14	0.9730
main	baseline	7	64	2	15	0.9753
main	baseline	7	64	2	16	0.9753
main	baseline	7	64	2	17	1.0000
main	baseline	7	64	2	18	1.0000
main	baseline	7	64	2	19	1.0000
main	baseline	7	64	2	20	1.0000
main	baseline	7	64	2	21	1.0000
main	baseline	7	64	2	22	1.0000
main	baseline	7	64	2	23	1.0000
main	baseline	7	64	2	24	1.0000
main	baseline	7	64	2	25	1.0000
main	baseline	7	64	2	26	1.0000
main	baseline	7	64	2	27	1.0000
main	baseline	7	64	2	28	1.0000
main	baseline	7	64	2	29	1.0000
main	baseline	7	64	2	30	1.0000
main	baseline	7	64	2	31	1.0000
main	baseline	7	64	2	32	1.0000
main	baseline	7	64	2	33	1.0000
main	baseline	7	64	2	34	1.0000
main	baseline	7	64	2	35	1.0000
main	baseline	7	64	2	36	1.0000
main	baseline	7	64	2	37	1.0000
main	baseline	7	64	2	38	1.0000
main	baseline	7	64	2	39	1.0000
main	baseline	7	64	2	40	1.0000
main	baseline	7	64	2	41	1.0000
main	baseline	7	64	2	42	1.0000
main	baseline	7	64	2	43	1.0000
main	baseline	7	64	2	44	1.0000
main	baseline	7	64	2	45	1.0000
main	baseline	7	64	2	46	1.0000
main	baseline	7	64	2	47	1.0000
main	baseline	7	64	2	48	1.0000
main	baseline	7	64	2	49	1.0000
main	baseline	7	64	2	50	1.0000
main	baseline	7	64	2	51	1.0000
main	baseline	7	64	2	52	1.0000
main	baseline	7	64	2	53	1.0000
main	baseline	7	64	2	54	1.0000
main	baseline	7	64	2	55	1.0000
main	baseline	7	64	2	56	1.0000
main	baseline	7	64	2	57	1.0000
main	baseline	7	64	2	58	1.0000
main	baseline	7	64	2	59	1.0000
main	baseline	7	64	2	60	1.0000
main	baseline	8	64	2	1	0.0000
main	baseline	8	64	2	2	0.5556
main	baseline	8	64	2	3	0.5818
main	baseline	8	64	2	4	0.6543
main	baseline	8	64	2	5	0.6543
main	baseline	8	64	2	6	0.6813
main	baseline	8	64	2	7	0.7160
main	baseline	8	64	2	8	0.8897
main	baseline	8	64	2	9	0.9012
main	baseline	8	64	2	10	0.9012
main	baseline	8	64	2	11	0.9012
main	baseline	8	64	2	12	0.9059
main	baseline	8	64	2	13	0.9282
main	baseline	8	64	2	14	0.9414
main	baseline	8	64	2	15	0.9583
main	baseline	8	64	2	16	0.9838
main	baseline	8	64	2	17	1.0000
main	baseline	8	64	2	18	1.0000
main	baseline	8	64	2	19	1.0000
main	baseline	8	64	2	20	1.0000
main	baseline	8	64	2	21	1.0000
main	baseline	8	64	2	22	1.0000
main	baseline	8	64	2	23	1.0000
main	baseline	8	64	2	24	1.0000
main	baseline	8	64	2	25	1.0000
main	baseline	8	64	2	26	1.0000
main	baseline	8	64	2	27	1.0000
main	baseline	8	64	2	28	1.0000
main	baseline	8	64	2	29	1.0000
main	baseline	8	64	2	30	1.0000
main	baseline	8	64	2	31	1.0000
main	baseline	8	64	2	32	1.0000
main	baseline	8	64	2	33	1.0000
main	baseline	8	64	2	34	1.0000
main	baseline	8	64	2	35	1.0000
main	baseline	8	64	2	36	1.0000
main	baseline	8	64	2	37	1.0000
main	baseline	8	64	2	38	1.0000
main	baseline	8	64	2	39	1.0000
main	baseline	8	64	2	40	1.0000
main	baseline	8	64	2	41	1.0000
main	baseline	8	64	2	42	1.0000
main	baseline	8	64	2	43	1.0000
main	baseline	8	64	2	44	1.0000
main	baseline	8	64	2	45	1.0000
main	baseline	8	64	2	46	1.0000
main	baseline	8	64	2	47	1.0000
main	baseline	8	64	2	48	1.0000
main	baseline	8	64	2	49	1.0000
main	baseline	8	64	2	50	1.0000
main	baseline	8	64	2	51	1.0000
main	baseline	8	64	2	52	1.0000
main	baseline	8	64	2	53	1.0000
main	baseline	8	64	2	54	1.0000
main	baseline	8	64	2	55	1.0000
main	baseline	8	64	2	56	1.0000
main	baseline	8	64	2	57	1.0000
main	baseline	8	64	2	58	1.0000
main	baseline	8	64	2	59	1.0000
main	baseline	8	64	2	60	1.0000
main	baseline	9	64	2	1	0.0015
main	baseline	9	64	2	2	0.6049
main	baseline	9	64	2	3	0.6049
main	baseline	9	64	2	4	0.6049
main	baseline	9	64	2	5	0.6289
main	baseline	9	64	2	6	0.9059
main	baseline	9	64	2	7	0.9082
main	baseline	9	64	2	8	0.9221
main	baseline	9	64	2	9	0.9506
main	baseline	9	64	2	10	0.9506
main	baseline	9	64	2	11	0.9506
main	baseline	9	64	2	12	0.9583
main	baseline	9	64	2	13	0.9730
main	baseline	9	64	2	14	0.9776
main	baseline	9	64	2	15	0.9830
main	baseline	9	64	2	16	0.9907
main	baseline	9	64	2	17	0.9992
main	baseline	9	64	2	18	1.0000
main	baseline	9	64	2	19	1.0000
main	baseline	9	64	2	20	1.0000
main	baseline	9	64	2	21	1.0000
main	baseline	9	64	2	22	1.0000
main	baseline	9	64	2	23	1.0000
main	baseline	9	64	2	24	1.0000
main	baseline	9	64	2	25	1.0000
main	baseline	9	64	2	26	1.0000
main	baseline	9	64	2	27	1.0000
main	baseline	9	64	2	28	1.0000
main	baseline	9	64	2	29	1.0000
main	baseline	9	64	2	30	1.0000
main	baseline	9	64	2	31	1.0000
main	baseline	9	64	2	32	1.0000
main	baseline	9	64	2	33	1.0000
main	baseline	9	64	2	34	1.0000
main	baseline	9	64	2	35	1.0000
main	baseline	9	64	2	36	1.0000
main	baseline	9	64	2	37	1.0000
main	baseline	9	64	2	38	1.0000
main	baseline	9	64	2	39	1.0000
main	baseline	9	64	2	40	1.0000
main	baseline	9	64	2	41	1.0000
main	baseline	9	64	2	42	1.0000
main	baseline	9	64	2	43	1.0000
main	baseline	9	64	2	44	1.0000
main	baseline	9	64	2	45	1.0000
main	baseline	9	64	2	46	1.0000
main	baseline	9	64	2	47	1.0000
main	baseline	9	64	2	48	1.0000
main	baseline	9	64	2	49	1.0000
main	baseline	9	64	2	50	1.0000
main	baseline	9	64	2	51	1.0000
main	baseline	9	64	2	52	1.0000
main	baseline	9	64	2	53	1.0000
main	baseline	9	64	2	54	1.0000
main	baseline	9	64	2	55	1.0000
main	baseline	9	64	2	56	1.0000
main	baseline	9	64	2	57	1.0000
main	baseline	9	64	2	58	1.0000
main	baseline	9	64	2	59	1.0000
main	baseline	9	64	2	60	1.0000
main	no_decl	0	64	2	1	0.0000
main	no_decl	0	64	2	2	0.2731
main	no_decl	0	64	2	3	0.6636
main	no_decl	0	64	2	4	0.7145
main	no_decl	0	64	2	5	0.7130
main	no_decl	0	64	2	6	0.7191
main	no_decl	0	64	2	7	0.7346
main	no_decl	0	64	2	8	0.7816
main	no_decl	0	64	2	9	0.8441
main	no_decl	0	64	2	10	0.8951
main	no_decl	0	64	2	11	0.9545
main	no_decl	0	64	2	12	0.9753
main	no_decl	0	64	2	13	0.9753
main	no_decl	0	64	2	14	0.9907
main	no_decl	0	64	2	15	1.0000
main	no_decl	0	64	2	16	1.0000
main	no_decl	0	64	2	17	1.0000
main	no_decl	0	64	2	18	1.0000
main	no_decl	0	64	2	19	1.0000
main	no_decl	0	64	2	20	1.0000
main	no_decl	0	64	2	21	1.0000
main	no_decl	0	64	2	22	1.0000
main	no_decl	0	64	2	23	1.0000
main	no_decl	0	64	2	24	1.0000
main	no_decl	0	64	2	25	1.0000
main	no_decl	0	64	2	26	1.0000
main	no_decl	0	64	2	27	1.0000
main	no_decl	0	64	2	28	1.0000
main	no_decl	0	64	2	29	1.0000
main	no_decl	0	64	2	30	1.0000
main	no_decl	0	64	2	31	1.0000
main	no_decl	0	64	2	32	1.0000
main	no_decl	0	64	2	33	1.0000
main	no_decl	0	64	2	34	1.0000
main	no_decl	0	64	2	35	1.0000
main	no_decl	0	64	2	36	1.0000
main	no_decl	0	64	2	37	1.0000
main	no_decl	0	64	2	38	1.0000
main	no_decl	0	64	2	39	1.0000
main	no_decl	0	64	2	40	1.0000
main	no_decl	0	64	2	41	1.0000
main	no_decl	0	64	2	42	1.0000
main	no_decl	0	64	2	43	1.0000
main	no_decl	0	64	2	44	1.0000
main	no_decl	0	64	2	45	1.0000
main	no_decl	0	64	2	46	1.0000
main	no_decl	0	64	2	47	1.0000
main	no_decl	0	64	2	48	1.0000
main	no_decl	0	64	2	49	1.0000
main	no_decl	0	64	2	50	1.0000
main	no_decl	0	64	2	51	1.0000
main	no_decl	0	64	2	52	1.0000
main	no_decl	0	64	2	53	1.0000
main	no_decl	0	64	2	54	1.0000
main	no_decl	0	64	2	55	1.0000
main	no_decl	0	64	2	56	1.0000
main	no_decl	0	64	2	57	1.0000
main	no_decl	0	64	2	58	1.0000
main	no_decl	0	64	2	59	1.0000
main	no_decl	0	64	2	60	1.0000
main	no_decl	1	64	2	1	0.0679
main	no_decl	1	64	2	2	0.5802
main	no_decl	1	64	2	3	0.5802
main	no_decl	1	64	2	4	0.5633
main	no_decl	1	64	2	5	0.5602
main	no_decl	1	64	2	6	0.5610
main	no_decl	1	64	2	7	0.6821
main	no_decl	1	64	2	8	0.8133
main	no_decl	1	64	2	9	0.8233
main	no_decl	1	64	2	10	0.8526
main	no_decl	1	64	2	11	0.9437
main	no_decl	1	64	2	12	0.9591
main	no_decl	1	64	2	13	0.9745
main	no_decl	1	64	2	14	0.9776
main	no_decl	1	64	2	15	0.9830
main	no_decl	1	64	2	16	0.9907
main	no_decl	1	64	2	17	1.0000
main	no_decl	1	64	2	18	1.0000
main	no_decl	1	64	2	19	1.0000
main	no_decl	1	64	2	20	1.0000
main	no_decl	1	64	2	21	1.0000
main	no_decl	1	64	2	22	1.0000
main	no_decl	1	64	2	23	1.0000
main	no_decl	1	64	2	24	1.0000
main	no_decl	1	64	2	25	1.0000
main	no_decl	1	64	2	26	1.0000
main	no_decl	1	64	2	27	1.0000
main	no_decl	1	64	2	28	1.0000
main	no_decl	1	64	2	29	1.0000
main	no_decl	1	64	2	30	1.0000
main	no_decl	1	64	2	31	1.0000
main	no_decl	1	64	2	32	1.0000
main	no_decl	1	64	2	33	1.0000
main	no_decl	1	64	2	34	1.0000
main	no_decl	1	64	2	35	1.0000
main	no_decl	1	64	2	36	1.0000
main	no_decl	1	64	2	37	1.0000
main	no_decl	1	64	2	38	1.0000
main	no_decl	1	64	2	39	1.0000
main	no_decl	1	64	2	40	1.0000
main	no_decl	1	64	2	41	1.0000
main	no_decl	1	64	2	42	1.0000
main	no_decl	1	64	2	43	1.0000
main	no_decl	1	64	2	44	1.0000
main	no_decl	1	64	2	45	1.0000
main	no_decl	1	64	2	46	1.0000
main	no_decl	1	64	2	47	1.0000
main	no_decl	1	64	2	48	1.0000
main	no_decl	1	64	2	49	1.0000
main	no_decl	1	64	2	50	1.0000
main	no_decl	1	64	2	51	1.0000
main	no_decl	1	64	2	52	1.0000
main	no_decl	1	64	2	53	1.0000
main	no_decl	1	64	2	54	1.0000
main	no_decl	1	64	2	55	1.0000
main	no_decl	1	64	2	56	1.0000
main	no_decl	1	64	2	57	1.0000
main	no_decl	1	64	2	58	1.0000
main	no_decl	1	64	2	59	1.0000
main	no_decl	1	64	2	60	1.0000
main	no_decl	2	64	2	1	0.0000
main	no_decl	2	64	2	2	0.3719
main	no_decl	2	64	2	3	0.5949
main	no_decl	2	64	2	4	0.6775
main	no_decl	2	64	2	5	0.6705
main	no_decl	2	64	2	6	0.7670
main	no_decl	2	64	2	7	0.8542
main	no_decl	2	64	2	8	0.9043
main	no_decl	2	64	2	9	0.9506
main	no_decl	2	64	2	10	0.9506
main	no_decl	2	64	2	11	0.9614
main	no_decl	2	64	2	12	0.9753
main	no_decl	2	64	2	13	0.9753
main	no_decl	2	64	2	14	0.9799
main	no_decl	2	64	2	15	0.9884
main	no_decl	2	64	2	16	0.9977
main	no_decl	2	64	2	17	1.0000
main	no_decl	2	64	2	18	1.0000
main	no_decl	2	64	2	19	1.0000
main	no_decl	2	64	2	20	1.0000
main	no_decl	2	64	2	21	1.0000
main	no_decl	2	64	2	22	1.0000
main	no_decl	2	64	2	23	1.0000
main	no_decl	2	64	2	24	1.0000
main	no_decl	2	64	2	25	1.0000
main	no_decl	2	64	2	26	1.0000
main	no_decl	2	64	2	27	1.0000
main	no_decl	2	64	2	28	1.0000
main	no_decl	2	64	2	29	1.0000
main	no_decl	2	64	2	30	1.0000
main	no_decl	2	64	2	31	1.0000
main	no_decl	2	64	2	32	1.0000
main	no_decl	2	64	2	33	1.0000
main	no_decl	2	64	2	34	1.0000
main	no_decl	2	64	2	35	1.0000
main	no_decl	2	64	2	36	1.0000
main	no_decl	2	64	2	37	1.0000
main	no_decl	2	64	2	38	1.0000
main	no_decl	2	64	2	39	1.0000
main	no_decl	2	64	2	40	1.0000
main	no_decl	2	64	2	41	1.0000
main	no_decl	2	64	2	42	1.0000
main	no_decl	2	64	2	43	1.0000
main	no_decl	2	64	2	44	1.0000
main	no_decl	2	64	2	45	1.0000
main	no_decl	2	64	2	46	1.0000
main	no_decl	2	64	2	47	1.0000
main	no_decl	2	64	2	48	1.0000
main	no_decl	2	64	2	49	1.0000
main	no_decl	2	64	2	50	1.0000
main	no_decl	2	64	2	51	1.0000
main	no_decl	2	64	2	52	1.0000
main	no_decl	2	64	2	53	1.0000
main	no_decl	2	64	2	54	1.0000
main	no_decl	2	64	2	55	1.0000
main	no_decl	2	64	2	56	1.0000
main	no_decl	2	64	2	57	1.0000
main	no_decl	2	64	2	58	1.0000
main	no_decl	2	64	2	59	1.0000
main	no_decl	2	64	2	60	1.0000
main	no_decl	3	64	2	1	0.0000
main	no_decl	3	64	2	2	0.6597
main	no_decl	3	64	2	3	0.7045
main	no_decl	3	64	2	4	0.7531
main	no_decl	3	64	2	5	0.7531
main	no_decl	3	64	2	6	0.7593
main	no_decl	3	64	2	7	0.8472
main	no_decl	3	64	2	8	0.9012
main	no_decl	3	64	2	9	0.9012
main	no_decl	3	64	2	10	0.9012
main	no_decl	3	64	2	11	0.9059
main	no_decl	3	64	2	12	0.9660
main	no_decl	3	64	2	13	0.9707
main	no_decl	3	64	2	14	0.9753
main	no_decl	3	64	2	15	0.9753
main	no_decl	3	64	2	16	0.9799
main	no_decl	3	64	2	17	0.9830
main	no_decl	3	64	2	18	0.9884
main	no_decl	3	64	2	19	0.9992
main	no_decl	3	64	2	20	1.0000
main	no_decl	3	64	2	21	1.0000
main	no_decl	3	64	2	22	1.0000
main	no_decl	3	64	2	23	1.0000
main	no_decl	3	64	2	24	1.0000
main	no_decl	3	64	2	25	1.0000
main	no_decl	3	64	2	26	1.0000
main	no_decl	3	64	2	27	1.0000
main	no_decl	3	64	2	28	1.0000
main	no_decl	3	64	2	29	1.0000
main	no_decl	3	64	2	30	1.0000
main	no_decl	3	64	2	31	1.0000
main	no_decl	3	64	2	32	1.0000
main	no_decl	3	64	2	33	1.0000
main	no_decl	3	64	2	34	1.0000
main	no_decl	3	64	2	35	1.0000
main	no_decl	3	64	2	36	1.0000
main	no_decl	3	64	2	37	1.0000
main	no_decl	3	64	2	38	1.0000
main	no_decl	3	64	2	39	1.0000
main	no_decl	3	64	2	40	1.0000
main	no_decl	3	64	2	41	1.0000
main	no_decl	3	64	2	42	1.0000
main	no_decl	3	64	2	43	1.0000
main	no_decl	3	64	2	44	1.0000
main	no_decl	3	64	2	45	1.0000
main	no_decl	3	64	2	46	1.0000
main	no_decl	3	64	2	47	1.0000
main	no_decl	3	64	2	48	1.0000
main	no_decl	3	64	2	49	1.0000
main	no_decl	3	64	2	50	1.0000
main	no_decl	3	64	2	51	1.0000
main	no_decl	3	64	2	52	1.0000
main	no_decl	3	64	2	53	1.0000
main	no_decl	3	64	2	54	1.0000
main	no_decl	3	64	2	55	1.0000
main	no_decl	3	64	2	56	1.0000
main	no_decl	3	64	2	57	1.0000
main	no_decl	3	64	2	58	1.0000
main	no_decl	3	64	2	59	1.0000
main	no_decl	3	64	2	60	1.0000
main	no_decl	4	64	2	1	0.6559
main	no_decl	4	64	2	2	0.7037
main	no_decl	4	64	2	3	0.7469
main	no_decl	4	64	2	4	0.8032
main	no_decl	4	64	2	5	0.8094
main	no_decl	4	64	2	6	0.8210
main	no_decl	4	64	2	7	0.8356
main	no_decl	4	64	2	8	0.8488
main	no_decl	4	64	2	9	0.8526
main	no_decl	4	64	2	10	0.8542
main	no_decl	4	64	2	11	0.8596
main	no_decl	4	64	2	12	0.8673
main	no_decl	4	64	2	13	0.8843
main	no_decl	4	64	2	14	0.9020
main	no_decl	4	64	2	15	0.9344
main	no_decl	4	64	2	16	0.9506
main	no_decl	4	64	2	17	0.9514
main	no_decl	4	64	2	18	0.9630
main	no_decl	4	64	2	19	0.9969
main	no_decl	4	64	2	20	1.0000
main	no_decl	4	64	2	21	1.0000
main	no_decl	4	64	2	22	1.0000
main	no_decl	4	64	2	23	1.0000
main	no_decl	4	64	2	24	1.0000
main	no_decl	4	64	2	25	1.0000
main	no_decl	4	64	2	26	1.0000
main	no_decl	4	64	2	27	1.0000
main	no_decl	4	64	2	28	1.0000
main	no_decl	4	64	2	29	1.0000
main	no_decl	4	64	2	30	1.0000
main	no_decl	4	64	2	31	1.0000
main	no_decl	4	64	2	32	1.0000
main	no_decl	4	64	2	33	1.0000
main	no_decl	4	64	2	34	1.0000
main	no_decl	4	64	2	35	1.0000
main	no_decl	4	64	2	36	1.0000
main	no_decl	4	64	2	37	1.0000
main	no_decl	4	64	2	38	1.0000
main	no_decl	4	64	2	39	1.0000
main	no_decl	4	64	2	40	1.0000
main	no_decl	4	64	2	41	1.0000
main	no_decl	4	64	2	42	1.0000
main	no_decl	4	64	2	43	1.0000
main	no_decl	4	64	2	44	1.0000
main	no_decl	4	64	2	45	1.0000
main	no_decl	4	64	2	46	1.0000
main	no_decl	4	64	2	47	1.0000
main	no_decl	4	64	2	48	1.0000
main	no_decl	4	64	2	49	1.0000
main	no_decl	4	64	2	50	1.0000
main	no_decl	4	64	2	51	1.0000
main	no_decl	4	64	2	52	1.0000
main	no_decl	4	64	2	53	1.0000
main	no_decl	4	64	2	54	1.0000
main	no_decl	4	64	2	55	1.0000
main	no_decl	4	64	2	56	1.0000
main	no_decl	4	64	2	57	1.0000
main	no_decl	4	64	2	58	1.0000
main	no_decl	4	64	2	59	1.0000
main	no_decl	4	64	2	60	1.0000
main	no_decl	5	64	2	1	0.0463
main	no_decl	5	64	2	2	0.6528
main	no_decl	5	64	2	3	0.7932
main	no_decl	5	64	2	4	0.8002
main	no_decl	5	64	2	5	0.8657
main	no_decl	5	64	2	6	0.9259
main	no_decl	5	64	2	7	0.9259
main	no_decl	5	64	2	8	0.9259
main	no_decl	5	64	2	9	0.9259
main	no_decl	5	64	2	10	0.9313
main	no_decl	5	64	2	11	0.9985
main	no_decl	5	64	2	12	1.0000
main	no_decl	5	64	2	13	1.0000
main	no_decl	5	64	2	14	1.0000
main	no_decl	5	64	2	15	1.0000
main	no_decl	5	64	2	16	1.0000
main	no_decl	5	64	2	17	1.0000
main	no_decl	5	64	2	18	1.0000
main	no_decl	5	64	2	19	1.0000
main	no_decl	5	64	2	20	1.0000
main	no_decl	5	64	2	21	1.0000
main	no_decl	5	64	2	22	1.0000
main	no_decl	5	64	2	23	1.0000
main	no_decl	5	64	2	24	1.0000
main	no_decl	5	64	2	25	1.0000
main	no_decl	5	64	2	26	1.0000
main	no_decl	5	64	2	27	1.0000
main	no_decl	5	64	2	28	1.0000
main	no_decl	5	64	2	29	1.0000
main	no_decl	5	64	2	30	1.0000
main	no_decl	5	64	2	31	1.0000
main	no_decl	5	64	2	32	1.0000
main	no_decl	5	64	2	33	1.0000
main	no_decl	5	64	2	34	1.0000
main	no_decl	5	64	2	35	1.0000
main	no_decl	5	64	2	36	1.0000
main	no_decl	5	64	2	37	1.0000
main	no_decl	5	64	2	38	1.0000
main	no_decl	5	64	2	39	1.0000
main	no_decl	5	64	2	40	1.0000
main	no_decl	5	64	2	41	1.0000
main	no_decl	5	64	2	42	1.0000
main	no_decl	5	64	2	43	1.0000
main	no_decl	5	64	2	44	1.0000
main	no_decl	5	64	2	45	1.0000
main	no_decl	5	64	2	46	1.0000
main	no_decl	5	64	2	47	1.0000
main	no_decl	5	64	2	48	1.0000
main	no_decl	5	64	2	49	1.0000
main	no_decl	5	64	2	50	1.0000
main	no_decl	5	64	2	51	1.0000
main	no_decl	5	64	2	52	1.0000
main	no_decl	5	64	2	53	1.0000
main	no_decl	5	64	2	54	1.0000
main	no_decl	5	64	2	55	1.0000
main	no_decl	5	64	2	56	1.0000
main	no_decl	5	64	2	57	1.0000
main	no_decl	5	64	2	58	1.0000
main	no_decl	5	64	2	59	1.0000
main	no_decl	5	64	2	60	1.0000
main	no_decl	6	64	2	1	0.5556
main	no_decl	6	64	2	2	0.5556
main	no_decl	6	64	2	3	0.5741
main	no_decl	6	64	2	4	0.6049
main	no_decl	6	64	2	5	0.6034
main	no_decl	6	64	2	6	0.6080
main	no_decl	6	64	2	7	0.6250
main	no_decl	6	64	2	8	0.6759
main	no_decl	6	64	2	9	0.7785
main	no_decl	6	64	2	10	0.9136
main	no_decl	6	64	2	11	0.9259
main	no_decl	6	64	2	12	0.9259
main	no_decl	6	64	2	13	0.9290
main	no_decl	6	64	2	14	0.9421
main	no_decl	6	64	2	15	0.9591
main	no_decl	6	64	2	16	0.9792
main	no_decl	6	64	2	17	0.9861
main	no_decl	6	64	2	18	0.9931
main	no_decl	6	64	2	19	1.0000
main	no_decl	6	64	2	20	1.0000
main	no_decl	6	64	2	21	1.0000
main	no_decl	6	64	2	22	1.0000
main	no_decl	6	64	2	23	1.0000
main	no_decl	6	64	2	24	1.0000
main	no_decl	6	64	2	25	1.0000
main	no_decl	6	64	2	26	1.0000
main	no_decl	6	64	2	27	1.0000
main	no_decl	6	64	2	28	1.0000
main	no_decl	6	64	2	29	1.0000
main	no_decl	6	64	2	30	1.0000
main	no_decl	6	64	2	31	1.0000
main	no_decl	6	64	2	32	1.0000
main	no_decl	6	64	2	33	1.0000
main	no_decl	6	64	2	34	1.0000
main	no_decl	6	64	2	35	1.0000
main	no_decl	6	64	2	36	1.0000
main	no_decl	6	64	2	37	1.0000
main	no_decl	6	64	2	38	1.0000
main	no_decl	6	64	2	39	1.0000
main	no_decl	6	64	2	40	1.0000
main	no_decl	6	64	2	41	1.0000
main	no_decl	6	64	2	42	1.0000
main	no_decl	6	64	2	43	1.0000
main	no_decl	6	64	2	44	1.0000
main	no_decl	6	64	2	45	1.0000
main	no_decl	6	64	2	46	1.0000
main	no_decl	6	64	2	47	1.0000
main	no_decl	6	64	2	48	1.0000
main	no_decl	6	64	2	49	1.0000
main	no_decl	6	64	2	50	1.0000
main	no_decl	6	64	2	51	1.0000
main	no_decl	6	64	2	52	1.0000
main	no_decl	6	64	2	53	1.0000
main	no_decl	6	64	2	54	1.0000
main	no_decl	6	64	2	55	1.0000
main	no_decl	6	64	2	56	1.0000
main	no_decl	6	64	2	57	1.0000
main	no_decl	6	64	2	58	1.0000
main	no_decl	6	64	2	59	1.0000
main	no_decl	6	64	2	60	1.0000
main	no_decl	7	64	2	1	0.0000
main	no_decl	7	64	2	2	0.5556
main	no_decl	7	64	2	3	0.5556
main	no_decl	7	64	2	4	0.5556
main	no_decl	7	64	2	5	0.5556
main	no_decl	7	64	2	6	0.5556
main	no_decl	7	64	2	7	0.5679
main	no_decl	7	64	2	8	0.6698
main	no_decl	7	64	2	9	0.7122
main	no_decl	7	64	2	10	0.7500
main	no_decl	7	64	2	11	0.7909
main	no_decl	7	64	2	12	0.8681
main	no_decl	7	64	2	13	0.9344
main	no_decl	7	64	2	14	0.9730
main	no_decl	7	64	2	15	0.9753
main	no_decl	7	64	2	16	0.9753
main	no_decl	7	64	2	17	1.0000
main	no_decl	7	64	2	18	1.0000
main	no_decl	7	64	2	19	1.0000
main	no_decl	7	64	2	20	1.0000
main	no_decl	7	64	2	21	1.0000
main	no_decl	7	64	2	22	1.0000
main	no_decl	7	64	2	23	1.0000
main	no_decl	7	64	2	24	1.0000
main	no_decl	7	64	2	25	1.0000
main	no_decl	7	64	2	26	1.0000
main	no_decl	7	64	2	27	1.0000
main	no_decl	7	64	2	28	1.0000
main	no_decl	7	64	2	29	1.0000
main	no_decl	7	64	2	30	1.0000
main	no_decl	7	64	2	31	1.0000
main	no_decl	7	64	2	32	1.0000
main	no_decl	7	64	2	33	1.0000
main	no_decl	7	64	2	34	1.0000
main	no_decl	7	64	2	35	1.0000
main	no_decl	7	64	2	36	1.0000
main	no_decl	7	64	2	37	1.0000
main	no_decl	7	64	2	38	1.0000
main	no_decl	7	64	2	39	1.0000
main	no_decl	7	64	2	40	1.0000
main	no_decl	7	64	2	41	1.0000
main	no_decl	7	64	2	42	1.0000
main	no_decl	7	64	2	43	1.0000
main	no_decl	7	64	2	44	1.0000
main	no_decl	7	64	2	45	1.0000
main	no_decl	7	64	2	46	1.0000
main	no_decl	7	64	2	47	1.0000
main	no_decl	7	64	2	48	1.0000
main	no_decl	7	64	2	49	1.0000
main	no_decl	7	64	2	50	1.0000
main	no_decl	7	64	2	51	1.0000
main	no_decl	7	64	2	52	1.0000
main	no_decl	7	64	2	53	1.0000
main	no_decl	7	64	2	54	1.0000
main	no_decl	7	64	2	55	1.0000
main	no_decl	7	64	2	56	1.0000
main	no_decl	7	64	2	57	1.0000
main	no_decl	7	64	2	58	1.0000
main	no_decl	7	64	2	59	1.0000
main	no_decl	7	64	2	60	1.0000
main	no_decl	8	64	2	1	0.0000
main	no_decl	8	64	2	2	0.5556
main	no_decl	8	64	2	3	0.5818
main	no_decl	8	64	2	4	0.6543
main	no_decl	8	64	2	5	0.6543
main	no_decl	8	64	2	6	0.6813
main	no_decl	8	64	2	7	0.7160
main	no_decl	8	64	2	8	0.8897
main	no_decl	8	64	2	9	0.9012
main	no_decl	8	64	2	10	0.9012
main	no_decl	8	64	2	11	0.9012
main	no_decl	8	64	2	12	0.9059
main	no_decl	8	64	2	13	0.9282
main	no_decl	8	64	2	14	0.9414
main	no_decl	8	64	2	15	0.9583
main	no_decl	8	64	2	16	0.9838
main	no_decl	8	64	2	17	1.0000
main	no_decl	8	64	2	18	1.0000
main	no_decl	8	64	2	19	1.0000
main	no_decl	8	64	2	20	1.0000
main	no_decl	8	64	2	21	1.0000
main	no_decl	8	64	2	22	1.0000
main	no_decl	8	64	2	23	1.0000
main	no_decl	8	64	2	24	1.0000
main	no_decl	8	64	2	25	1.0000
main	no_decl	8	64	2	26	1.0000
main	no_decl	8	64	2	27	1.0000
main	no_decl	8	64	2	28	1.0000
main	no_decl	8	64	2	29	1.0000
main	no_decl	8	64	2	30	1.0000
main	no_decl	8	64	2	31	1.0000
main	no_decl	8	64	2	32	1.0000
main	no_decl	8	64	2	33	1.0000
main	no_decl	8	64	2	34	1.0000
main	no_decl	8	64	2	35	1.0000
main	no_decl	8	64	2	36	1.0000
main	no_decl	8	64	2	37	1.0000
main	no_decl	8	64	2	38	1.0000
main	no_decl	8	64	2	39	1.0000
main	no_decl	8	64	2	40	1.0000
main	no_decl	8	64	2	41	1.0000
main	no_decl	8	64	2	42	1.0000
main	no_decl	8	64	2	43	1.0000
main	no_decl	8	64	2	44	1.0000
main	no_decl	8	64	2	45	1.0000
main	no_decl	8	64	2	46	1.0000
main	no_decl	8	64	2	47	1.0000
main	no_decl	8	64	2	48	1.0000
main	no_decl	8	64	2	49	1.0000
main	no_decl	8	64	2	50	1.0000
main	no_decl	8	64	2	51	1.0000
main	no_decl	8	64	2	52	1.0000
main	no_decl	8	64	2	53	1.0000
main	no_decl	8	64	2	54	1.0000
main	no_decl	8	64	2	55	1.0000
main	no_decl	8	64	2	56	1.0000
main	no_decl	8	64	2	57	1.0000
main	no_decl	8	64	2	58	1.0000
main	no_decl	8	64	2	59	1.0000
main	no_decl	8	64	2	60	1.0000
main	no_decl	9	64	2	1	0.0015
main	no_decl	9	64	2	2	0.6049
main	no_decl	9	64	2	3	0.6049
main	no_decl	9	64	2	4	0.6049
main	no_decl	9	64	2	5	0.6289
main	no_decl	9	64	2	6	0.9059
main	no_decl	9	64	2	7	0.9082
main	no_decl	9	64	2	8	0.9221
main	no_decl	9	64	2	9	0.9506
main	no_decl	9	64	2	10	0.9506
main	no_decl	9	64	2	11	0.9506
main	no_decl	9	64	2	12	0.9583
main	no_decl	9	64	2	13	0.9730
main	no_decl	9	64	2	14	0.9776
main	no_decl	9	64	2	15	0.9830
main	no_decl	9	64	2	16	0.9907
main	no_decl	9	64	2	17	0.9992
main	no_decl	9	64	2	18	1.0000
main	no_decl	9	64	2	19	1.0000
main	no_decl	9	64	2	20	1.0000
main	no_decl	9	64	2	21	1.0000
main	no_decl	9	64	2	22	1.0000
main	no_decl	9	64	2	23	1.0000
main	no_decl	9	64	2	24	1.0000
main	no_decl	9	64	2	25	1.0000
main	no_decl	9	64	2	26	1.0000
main	no_decl	9	64	2	27	1.0000
main	no_decl	9	64	2	28	1.0000
main	no_decl	9	64	2	29	1.0000
main	no_decl	9	64	2	30	1.0000
main	no_decl	9	64	2	31	1.0000
main	no_decl	9	64	2	32	1.0000
main	no_decl	9	64	2	33	1.0000
main	no_decl	9	64	2	34	1.0000
main	no_decl	9	64	2	35	1.0000
main	no_decl	9	64	2	36	1.0000
main	no_decl	9	64	2	37	1.0000
main	no_decl	9	64	2	38	1.0000
main	no_decl	9	64	2	39	1.0000
main	no_decl	9	64	2	40	1.0000
main	no_decl	9	64	2	41	1.0000
main	no_decl	9	64	2	42	1.0000
main	no_decl	9	64	2	43	1.0000
main	no_decl	9	64	2	44	1.0000
main	no_decl	9	64	2	45	1.0000
main	no_decl	9	64	2	46	1.0000
main	no_decl	9	64	2	47	1.0000
main	no_decl	9	64	2	48	1.0000
main	no_decl	9	64	2	49	1.0000
main	no_decl	9	64	2	50	1.0000
main	no_decl	9	64	2	51	1.0000
main	no_decl	9	64	2	52	1.0000
main	no_decl	9	64	2	53	1.0000
main	no_decl	9	64	2	54	1.0000
main	no_decl	9	64	2	55	1.0000
main	no_decl	9	64	2	56	1.0000
main	no_decl	9	64	2	57	1.0000
main	no_decl	9	64	2	58	1.0000
main	no_decl	9	64	2	59	1.0000
main	no_decl	9	64	2	60	1.0000
main	decl_full	0	64	2	1	0.0000
main	decl_full	0	64	2	2	0.3210
main	decl_full	0	64	2	3	0.6705
main	decl_full	0	64	2	4	0.7145
main	decl_full	0	64	2	5	0.7160
main	decl_full	0	64	2	6	0.7215
main	decl_full	0	64	2	7	0.7338
main	decl_full	0	64	2	8	0.7793
main	decl_full	0	64	2	9	0.8349
main	decl_full	0	64	2	10	0.8927
main	decl_full	0	64	2	11	0.9545
main	decl_full	0	64	2	12	0.9753
main	decl_full	0	64	2	13	0.9753
main	decl_full	0	64	2	14	1.0000
main	decl_full	0	64	2	15	1.0000
main	decl_full	0	64	2	16	1.0000
main	decl_full	0	64	2	17	1.0000
main	decl_full	0	64	2	18	1.0000
main	decl_full	0	64	2	19	1.0000
main	decl_full	0	64	2	20	1.0000
main	decl_full	0	64	2	21	1.0000
main	decl_full	0	64	2	22	1.0000
main	decl_full	0	64	2	23	1.0000
main	decl_full	0	64	2	24	1.0000
main	decl_full	0	64	2	25	1.0000
main	decl_full	0	64	2	26	1.0000
main	decl_full	0	64	2	27	1.0000
main	decl_full	0	64	2	28	1.0000
main	decl_full	0	64	2	29	1.0000
main	decl_full	0	64	2	30	1.0000
main	decl_full	0	64	2	31	1.0000
main	decl_full	0	64	2	32	1.0000
main	decl_full	0	64	2	33	1.0000
main	decl_full	0	64	2	34	1.0000
main	decl_full	0	64	2	35	1.0000
main	decl_full	0	64	2	36	1.0000
main	decl_full	0	64	2	37	1.0000
main	decl_full	0	64	2	38	1.0000
main	decl_full	0	64	2	39	1.0000
main	decl_full	0	64	2	40	1.0000
main	decl_full	0	64	2	41	1.0000
main	decl_full	0	64	2	42	1.0000
main	decl_full	0	64	2	43	1.0000
main	decl_full	0	64	2	44	1.0000
main	decl_full	0	64	2	45	1.0000
main	decl_full	0	64	2	46	1.0000
main	decl_full	0	64	2	47	1.0000
main	decl_full	0	64	2	48	1.0000
main	decl_full	0	64	2	49	1.0000
main	decl_full	0	64	2	50	1.0000
main	decl_full	0	64	2	51	1.0000
main	decl_full	0	64	2	52	1.0000
main	decl_full	0	64	2	53	1.0000
main	decl_full	0	64	2	54	1.0000
main	decl_full	0	64	2	55	1.0000
main	decl_full	0	64	2	56	1.0000
main	decl_full	0	64	2	57	1.0000
main	decl_full	0	64	2	58	1.0000
main	decl_full	0	64	2	59	1.0000
main	decl_full	0	64	2	60	1.0000
main	decl_full	1	64	2	1	0.0679
main	decl_full	1	64	2	2	0.5802
main	decl_full	1	64	2	3	0.5802
main	decl_full	1	64	2	4	0.5633
main	decl_full	1	64	2	5	0.5602
main	decl_full	1	64	2	6	0.5610
main	decl_full	1	64	2	7	0.6906
main	decl_full	1	64	2	8	0.8133
main	decl_full	1	64	2	9	0.8256
main	decl_full	1	64	2	10	0.8457
main	decl_full	1	64	2	11	0.9483
main	decl_full	1	64	2	12	0.9684
main	decl_full	1	64	2	13	0.9753
main	decl_full	1	64	2	14	0.9776
main	decl_full	1	64	2	15	0.9830
main	decl_full	1	64	2	16	0.9907
main	decl_full	1	64	2	17	1.0000
main	decl_full	1	64	2	18	1.0000
main	decl_full	1	64	2	19	1.0000
main	decl_full	1	64	2	20	1.0000
main	decl_full	1	64	2	21	1.0000
main	decl_full	1	64	2	22	1.0000
main	decl_full	1	64	2	23	1.0000
main	decl_full	1	64	2	24	1.0000
main	decl_full	1	64	2	25	1.0000
main	decl_full	1	64	2	26	1.0000
main	decl_full	1	64	2	27	1.0000
main	decl_full	1	64	2	28	1.0000
main	decl_full	1	64	2	29	1.0000
main	decl_full	1	64	2	30	1.0000
main	decl_full	1	64	2	31	1.0000
main	decl_full	1	64	2	32	1.0000
main	decl_full	1	64	2	33	1.0000
main	decl_full	1	64	2	34	1.0000
main	decl_full	1	64	2	35	1.0000
main	decl_full	1	64	2	36	1.0000
main	decl_full	1	64	2	37	1.0000
main	decl_full	1	64	2	38	1.0000
main	decl_full	1	64	2	39	1.0000
main	decl_full	1	64	2	40	1.0000
main	decl_full	1	64	2	41	1.0000
main	decl_full	1	64	2	42	1.0000
main	decl_full	1	64	2	43	1.0000
main	decl_full	1	64	2	44	1.0000
main	decl_full	1	64	2	45	1.0000
main	decl_full	1	64	2	46	1.0000
main	decl_full	1	64	2	47	1.0000
main	decl_full	1	64	2	48	1.0000
main	decl_full	1	64	2	49	1.0000
main	decl_full	1	64	2	50	1.0000
main	decl_full	1	64	2	51	1.0000
main	decl_full	1	64	2	52	1.0000
main	decl_full	1	64	2	53	1.0000
main	decl_full	1	64	2	54	1.0000
main	decl_full	1	64	2	55	1.0000
main	decl_full	1	64	2	56	1.0000
main	decl_full	1	64	2	57	1.0000
main	decl_full	1	64	2	58	1.0000
main	decl_full	1	64	2	59	1.0000
main	decl_full	1	64	2	60	1.0000
main	decl_full	2	64	2	1	0.0000
main	decl_full	2	64	2	2	0.3719
main	decl_full	2	64	2	3	0.5926
main	decl_full	2	64	2	4	0.6659
main	decl_full	2	64	2	5	0.6613
main	decl_full	2	64	2	6	0.7577
main	decl_full	2	64	2	7	0.8488
main	decl_full	2	64	2	8	0.9205
main	decl_full	2	64	2	9	0.9506
main	decl_full	2	64	2	10	0.9506
main	decl_full	2	64	2	11	0.9614
main	decl_full	2	64	2	12	0.9753
main	decl_full	2	64	2	13	0.9753
main	decl_full	2	64	2	14	0.9799
main	decl_full	2	64	2	15	0.9884
main	decl_full	2	64	2	16	0.9977
main	decl_full	2	64	2	17	1.0000
main	decl_full	2	64	2	18	1.0000
main	decl_full	2	64	2	19	1.0000
main	decl_full	2	64	2	20	1.0000
main	decl_full	2	64	2	21	1.0000
main	decl_full	2	64	2	22	1.0000
main	decl_full	2	64	2	23	1.0000
main	decl_full	2	64	2	24	1.0000
main	decl_full	2	64	2	25	1.0000
main	decl_full	2	64	2	26	1.0000
main	decl_full	2	64	2	27	1.0000
main	decl_full	2	64	2	28	1.0000
main	decl_full	2	64	2	29	1.0000
main	decl_full	2	64	2	30	1.0000
main	decl_full	2	64	2	31	1.0000
main	decl_full	2	64	2	32	1.0000
main	decl_full	2	64	2	33	1.0000
main	decl_full	2	64	2	34	1.0000
main	decl_full	2	64	2	35	1.0000
main	decl_full	2	64	2	36	1.0000
main	decl_full	2	64	2	37	1.0000
main	decl_full	2	64	2	38	1.0000
main	decl_full	2	64	2	39	1.0000
main	decl_full	2	64	2	40	1.0000
main	decl_full	2	64	2	41	1.0000
main	decl_full	2	64	2	42	1.0000
main	decl_full	2	64	2	43	1.0000
main	decl_full	2	64	2	44	1.0000
main	decl_full	2	64	2	45	1.0000
main	decl_full	2	64	2	46	1.0000
main	decl_full	2	64	2	47	1.0000
main	decl_full	2	64	2	48	1.0000
main	decl_full	2	64	2	49	1.0000
main	decl_full	2	64	2	50	1.0000
main	decl_full	2	64	2	51	1.0000
main	decl_full	2	64	2	52	1.0000
main	decl_full	2	64	2	53	1.0000
main	decl_full	2	64	2	54	1.0000
main	decl_full	2	64	2	55	1.0000
main	decl_full	2	64	2	56	1.0000
main	decl_full	2	64	2	57	1.0000
main	decl_full	2	64	2	58	1.0000
main	decl_full	2	64	2	59	1.0000
main	decl_full	2	64	2	60	1.0000
main	decl_full	3	64	2	1	0.0000
main	decl_full	3	64	2	2	0.6667
main	decl_full	3	64	2	3	0.7037
main	decl_full	3	64	2	4	0.7531
main	decl_full	3	64	2	5	0.7531
main	decl_full	3	64	2	6	0.7546
main	decl_full	3	64	2	7	0.8241
main	decl_full	3	64	2	8	0.9012
main	decl_full	3	64	2	9	0.9012
main	decl_full	3	64	2	10	0.9012
main	decl_full	3	64	2	11	0.9128
main	decl_full	3	64	2	12	0.9637
main	decl_full	3	64	2	13	0.9684
main	decl_full	3	64	2	14	0.9745
main	decl_full	3	64	2	15	0.9753
main	decl_full	3	64	2	16	0.9776
main	decl_full	3	64	2	17	0.9830
main	decl_full	3	64	2	18	0.9884
main	decl_full	3	64	2	19	0.9977
main	decl_full	3	64	2	20	1.0000
main	decl_full	3	64	2	21	1.0000
main	decl_full	3	64	2	22	1.0000
main	decl_full	3	64	2	23	1.0000
main	decl_full	3	64	2	24	1.0000
main	decl_full	3	64	2	25	1.0000
main	decl_full	3	64	2	26	1.0000
main	decl_full	3	64	2	27	1.0000
main	decl_full	3	64	2	28	1.0000
main	decl_full	3	64	2	29	1.0000
main	decl_full	3	64	2	30	1.0000
main	decl_full	3	64	2	31	1.0000
main	decl_full	3	64	2	32	1.0000
main	decl_full	3	64	2	33	1.0000
main	decl_full	3	64	2	34	1.0000
main	decl_full	3	64	2	35	1.0000
main	decl_full	3	64	2	36	1.0000
main	decl_full	3	64	2	37	1.0000
main	decl_full	3	64	2	38	1.0000
main	decl_full	3	64	2	39	1.0000
main	decl_full	3	64	2	40	1.0000
main	decl_full	3	64	2	41	1.0000
main	decl_full	3	64	2	42	1.0000
main	decl_full	3	64	2	43	1.0000
main	decl_full	3	64	2	44	1.0000
main	decl_full	3	64	2	45	1.0000
main	decl_full	3	64	2	46	1.0000
main	decl_full	3	64	2	47	1.0000
main	decl_full	3	64	2	48	1.0000
main	decl_full	3	64	2	49	1.0000
main	decl_full	3	64	2	50	1.0000
main	decl_full	3	64	2	51	1.0000
main	decl_full	3	64	2	52	1.0000
main	decl_full	3	64	2	53	1.0000
main	decl_full	3	64	2	54	1.0000
main	decl_full	3	64	2	55	1.0000
main	decl_full	3	64	2	56	1.0000
main	decl_full	3	64	2	57	1.0000
main	decl_full	3	64	2	58	1.0000
main	decl_full	3	64	2	59	1.0000
main	decl_full	3	64	2	60	1.0000
main	decl_full	4	64	2	1	0.6343
main	decl_full	4	64	2	2	0.7037
main	decl_full	4	64	2	3	0.7330
main	decl_full	4	64	2	4	0.8032
main	decl_full	4	64	2	5	0.8094
main	decl_full	4	64	2	6	0.8287
main	decl_full	4	64	2	7	0.8449
main	decl_full	4	64	2	8	0.8519
main	decl_full	4	64	2	9	0.8526
main	decl_full	4	64	2	10	0.8542
main	decl_full	4	64	2	11	0.8627
main	decl_full	4	64	2	12	0.8719
main	decl_full	4	64	2	13	0.8873
main	decl_full	4	64	2	14	0.9028
main	decl_full	4	64	2	15	0.9275
main	decl_full	4	64	2	16	0.9506
main	decl_full	4	64	2	17	0.9552
main	decl_full	4	64	2	18	0.9792
main	decl_full	4	64	2	19	1.0000
main	decl_full	4	64	2	20	1.0000
main	decl_full	4	64	2	21	1.0000
main	decl_full	4	64	2	22	1.0000
main	decl_full	4	64	2	23	1.0000
main	decl_full	4	64	2	24	1.0000
main	decl_full	4	64	2	25	1.0000
main	decl_full	4	64	2	26	1.0000
main	decl_full	4	64	2	27	1.0000
main	decl_full	4	64	2	28	1.0000
main	decl_full	4	64	2	29	1.0000
main	decl_full	4	64	2	30	1.0000
main	decl_full	4	64	2	31	1.0000
main	decl_full	4	64	2	32	1.0000
main	decl_full	4	64	2	33	1.0000
main	decl_full	4	64	2	34	1.0000
main	decl_full	4	64	2	35	1.0000
main	decl_full	4	64	2	36	1.0000
main	decl_full	4	64	2	37	1.0000
main	decl_full	4	64	2	38	1.0000
main	decl_full	4	64	2	39	1.0000
main	decl_full	4	64	2	40	1.0000
main	decl_full	4	64	2	41	1.0000
main	decl_full	4	64	2	42	1.0000
main	decl_full	4	64	2	43	1.0000
main	decl_full	4	64	2	44	1.0000
main	decl_full	4	64	2	45	1.0000
main	decl_full	4	64	2	46	1.0000
main	decl_full	4	64	2	47	1.0000
main	decl_full	4	64	2	48	1.0000
main	decl_full	4	64	2	49	1.0000
main	decl_full	4	64	2	50	1.0000
main	decl_full	4	64	2	51	1.0000
main	decl_full	4	64	2	52	1.0000
main	decl_full	4	64	2	53	1.0000
main	decl_full	4	64	2	54	1.0000
main	decl_full	4	64	2	55	1.0000
main	decl_full	4	64	2	56	1.0000
main	decl_full	4	64	2	57	1.0000
main	decl_full	4	64	2	58	1.0000
main	decl_full	4	64	2	59	1.0000
main	decl_full	4	64	2	60	1.0000
main	decl_full	5	64	2	1	0.0463
main	decl_full	5	64	2	2	0.6528
main	decl_full	5	64	2	3	0.7932
main	decl_full	5	64	2	4	0.8002
main	decl_full	5	64	2	5	0.8750
main	decl_full	5	64	2	6	0.9259
main	decl_full	5	64	2	7	0.9259
main	decl_full	5	64	2	8	0.9259
main	decl_full	5	64	2	9	0.9259
main	decl_full	5	64	2	10	0.9290
main	decl_full	5	64	2	11	0.9992
main	decl_full	5	64	2	12	1.0000
main	decl_full	5	64	2	13	1.0000
main	decl_full	5	64	2	14	1.0000
main	decl_full	5	64	2	15	1.0000
main	decl_full	5	64	2	16	1.0000
main	decl_full	5	64	2	17	1.0000
main	decl_full	5	64	2	18	1.0000
main	decl_full	5	64	2	19	1.0000
main	decl_full	5	64	2	20	1.0000
main	decl_full	5	64	2	21	1.0000
main	decl_full	5	64	2	22	1.0000
main	decl_full	5	64	2	23	1.0000
main	decl_full	5	64	2	24	1.0000
main	decl_full	5	64	2	25	1.0000
main	decl_full	5	64	2	26	1.0000
main	decl_full	5	64	2	27	1.0000
main	decl_full	5	64	2	28	1.0000
main	decl_full	5	64	2	29	1.0000
main	decl_full	5	64	2	30	1.0000
main	decl_full	5	64	2	31	1.0000
main	decl_full	5	64	2	32	1.0000
main	decl_full	5	64	2	33	1.0000
main	decl_full	5	64	2	34	1.0000
main	decl_full	5	64	2	35	1.0000
main	decl_full	5	64	2	36	1.0000
main	decl_full	5	64	2	37	1.0000
main	decl_full	5	64	2	38	1.0000
main	decl_full	5	64	2	39	1.0000
main	decl_full	5	64	2	40	1.0000
main	decl_full	5	64	2	41	1.0000
main	decl_full	5	64	2	42	1.0000
main	decl_full	5	64	2	43	1.0000
main	decl_full	5	64	2	44	1.0000
main	decl_full	5	64	2	45	1.0000
main	decl_full	5	64	2	46	1.0000
main	decl_full	5	64	2	47	1.0000
main	decl_full	5	64	2	48	1.0000
main	decl_full	5	64	2	49	1.0000
main	decl_full	5	64	2	50	1.0000
main	decl_full	5	64	2	51	1.0000
main	decl_full	5	64	2	52	1.0000
main	decl_full	5	64	2	53	1.0000
main	decl_full	5	64	2	54	1.0000
main	decl_full	5	64	2	55	1.0000
main	decl_full	5	64	2	56	1.0000
main	decl_full	5	64	2	57	1.0000
main	decl_full	5	64	2	58	1.0000
main	decl_full	5	64	2	59	1.0000
main	decl_full	5	64	2	60	1.0000
main	decl_full	6	64	2	1	0.5556
main	decl_full	6	64	2	2	0.5556
main	decl_full	6	64	2	3	0.5579
main	decl_full	6	64	2	4	0.6049
main	decl_full	6	64	2	5	0.6003
main	decl_full	6	64	2	6	0.6042
main	decl_full	6	64	2	7	0.6173
main	decl_full	6	64	2	8	0.6597
main	decl_full	6	64	2	9	0.7600
main	decl_full	6	64	2	10	0.9167
main	decl_full	6	64	2	11	0.9259
main	decl_full	6	64	2	12	0.9259
main	decl_full	6	64	2	13	0.9275
main	decl_full	6	64	2	14	0.9390
main	decl_full	6	64	2	15	0.9591
main	decl_full	6	64	2	16	0.9792
main	decl_full	6	64	2	17	0.9884
main	decl_full	6	64	2	18	0.9992
main	decl_full	6	64	2	19	1.0000
main	decl_full	6	64	2	20	1.0000
main	decl_full	6	64	2	21	1.0000
main	decl_full	6	64	2	22	1.0000
main	decl_full	6	64	2	23	1.0000
main	decl_full	6	64	2	24	1.0000
main	decl_full	6	64	2	25	1.0000
main	decl_full	6	64	2	26	1.0000
main	decl_full	6	64	2	27	1.0000
main	decl_full	6	64	2	28	1.0000
main	decl_full	6	64	2	29	1.0000
main	decl_full	6	64	2	30	1.0000
main	decl_full	6	64	2	31	1.0000
main	decl_full	6	64	2	32	1.0000
main	decl_full	6	64	2	33	1.0000
main	decl_full	6	64	2	34	1.0000
main	decl_full	6	64	2	35	1.0000
main	decl_full	6	64	2	36	1.0000
main	decl_full	6	64	2	37	1.0000
main	decl_full	6	64	2	38	1.0000
main	decl_full	6	64	2	39	1.0000
main	decl_full	6	64	2	40	1.0000
main	decl_full	6	64	2	41	1.0000
main	decl_full	6	64	2	42	1.0000
main	decl_full	6	64	2	43	1.0000
main	decl_full	6	64	2	44	1.0000
main	decl_full	6	64	2	45	1.0000
main	decl_full	6	64	2	46	1.0000
main	decl_full	6	64	2	47	1.0000
main	decl_full	6	64	2	48	1.0000
main	decl_full	6	64	2	49	1.0000
main	decl_full	6	64	2	50	1.0000
main	decl_full	6	64	2	51	1.0000
main	decl_full	6	64	2	52	1.0000
main	decl_full	6	64	2	53	1.0000
main	decl_full	6	64	2	54	1.0000
main	decl_full	6	64	2	55	1.0000
main	decl_full	6	64	2	56	1.0000
main	decl_full	6	64	2	57	1.0000
main	decl_full	6	64	2	58	1.0000
main	decl_full	6	64	2	59	1.0000
main	decl_full	6	64	2	60	1.0000
main	decl_full	7	64	2	1	0.0000
main	decl_full	7	64	2	2	0.5556
main	decl_full	7	64	2	3	0.5556
main	decl_full	7	64	2	4	0.5556
main	decl_full	7	64	2	5	0.5556
main	decl_full	7	64	2	6	0.5556
main	decl_full	7	64	2	7	0.5702
main	decl_full	7	64	2	8	0.6829
main	decl_full	7	64	2	9	0.7168
main	decl_full	7	64	2	10	0.7539
main	decl_full	7	64	2	11	0.7909
main	decl_full	7	64	2	12	0.8603
main	decl_full	7	64	2	13	0.9205
main	decl_full	7	64	2	14	0.9753
main	decl_full	7	64	2	15	0.9753
main	decl_full	7	64	2	16	1.0000
main	decl_full	7	64	2	17	1.0000
main	decl_full	7	64	2	18	1.0000
main	decl_full	7	64	2	19	1.0000
main	decl_full	7	64	2	20	1.0000
main	decl_full	7	64	2	21	1.0000
main	decl_full	7	64	2	22	1.0000
main	decl_full	7	64	2	23	1.0000
main	decl_full	7	64	2	24	1.0000
main	decl_full	7	64	2	25	1.0000
main	decl_full	7	64	2	26	1.0000
main	decl_full	7	64	2	27	1.0000
main	decl_full	7	64	2	28	1.0000
main	decl_full	7	64	2	29	1.0000
main	decl_full	7	64	2	30	1.0000
main	decl_full	7	64	2	31	1.0000
main	decl_full	7	64	2	32	1.0000
main	decl_full	7	64	2	33	1.0000
main	decl_full	7	64	2	34	1.0000
main	decl_full	7	64	2	35	1.0000
main	decl_full	7	64	2	36	1.0000
main	decl_full	7	64	2	37	1.0000
main	decl_full	7	64	2	38	1.0000
main	decl_full	7	64	2	39	1.0000
main	decl_full	7	64	2	40	1.0000
main	decl_full	7	64	2	41	1.0000
main	decl_full	7	64	2	42	1.0000
main	decl_full	7	64	2	43	1.0000
main	decl_full	7	64	2	44	1.0000
main	decl_full	7	64	2	45	1.0000
main	decl_full	7	64	2	46	1.0000
main	decl_full	7	64	2	47	1.0000
main	decl_full	7	64	2	48	1.0000
main	decl_full	7	64	2	49	1.0000
main	decl_full	7	64	2	50	1.0000
main	decl_full	7	64	2	51	1.0000
main	decl_full	7	64	2	52	1.0000
main	decl_full	7	64	2	53	1.0000
main	decl_full	7	64	2	54	1.0000
main	decl_full	7	64	2	55	1.0000
main	decl_full	7	64	2	56	1.0000
main	decl_full	7	64	2	57	1.0000
main	decl_full	7	64	2	58	1.0000
main	decl_full	7	64	2	59	1.0000
main	decl_full	7	64	2	60	1.0000
main	decl_full	8	64	2	1	0.0000
main	decl_full	8	64	2	2	0.5556
main	decl_full	8	64	2	3	0.5710
main	decl_full	8	64	2	4	0.6543
main	decl_full	8	64	2	5	0.6543
main	decl_full	8	64	2	6	0.6944
main	decl_full	8	64	2	7	0.7160
main	decl_full	8	64	2	8	0.8935
main	decl_full	8	64	2	9	0.9012
main	decl_full	8	64	2	10	0.9012
main	decl_full	8	64	2	11	0.9012
main	decl_full	8	64	2	12	0.9090
main	decl_full	8	64	2	13	0.9282
main	decl_full	8	64	2	14	0.9367
main	decl_full	8	64	2	15	0.9483
main	decl_full	8	64	2	16	0.9606
main	decl_full	8	64	2	17	0.9861
main	decl_full	8	64	2	18	1.0000
main	decl_full	8	64	2	19	1.0000
main	decl_full	8	64	2	20	1.0000
main	decl_full	8	64	2	21	1.0000
main	decl_full	8	64	2	22	1.0000
main	decl_full	8	64	2	23	1.0000
main	decl_full	8	64	2	24	1.0000
main	decl_full	8	64	2	25	1.0000
main	decl_full	8	64	2	26	1.0000
main	decl_full	8	64	2	27	1.0000
main	decl_full	8	64	2	28	1.0000
main	decl_full	8	64	2	29	1.0000
main	decl_full	8	64	2	30	1.0000
main	decl_full	8	64	2	31	1.0000
main	decl_full	8	64	2	32	1.0000
main	decl_full	8	64	2	33	1.0000
main	decl_full	8	64	2	34	1.0000
main	decl_full	8	64	2	35	1.0000
main	decl_full	8	64	2	36	1.0000
main	decl_full	8	64	2	37	1.0000
main	decl_full	8	64	2	38	1.0000
main	decl_full	8	64	2	39	1.0000
main	decl_full	8	64	2	40	1.0000
main	decl_full	8	64	2	41	1.0000
main	decl_full	8	64	2	42	1.0000
main	decl_full	8	64	2	43	1.0000
main	decl_full	8	64	2	44	1.0000
main	decl_full	8	64	2	45	1.0000
main	decl_full	8	64	2	46	1.0000
main	decl_full	8	64	2	47	1.0000
main	decl_full	8	64	2	48	1.0000
main	decl_full	8	64	2	49	1.0000
main	decl_full	8	64	2	50	1.0000
main	decl_full	8	64	2	51	1.0000
main	decl_full	8	64	2	52	1.0000
main	decl_full	8	64	2	53	1.0000
main	decl_full	8	64	2	54	1.0000
main	decl_full	8	64	2	55	1.0000
main	decl_full	8	64	2	56	1.0000
main	decl_full	8	64	2	57	1.0000
main	decl_full	8	64	2	58	1.0000
main	decl_full	8	64	2	59	1.0000
main	decl_full	8	64	2	60	1.0000
main	decl_full	9	64	2	1	0.0015
main	decl_full	9	64	2	2	0.6049
main	decl_full	9	64	2	3	0.6057
main	decl_full	9	64	2	4	0.6049
main	decl_full	9	64	2	5	0.6304
main	decl_full	9	64	2	6	0.9043
main	decl_full	9	64	2	7	0.9059
main	decl_full	9	64	2	8	0.9167
main	decl_full	9	64	2	9	0.9483
main	decl_full	9	64	2	10	0.9506
main	decl_full	9	64	2	11	0.9506
main	decl_full	9	64	2	12	0.9730
main	decl_full	9	64	2	13	0.9753
main	decl_full	9	64	2	14	0.9776
main	decl_full	9	64	2	15	0.9830
main	decl_full	9	64	2	16	0.9931
main	decl_full	9	64	2	17	1.0000
main	decl_full	9	64	2	18	1.0000
main	decl_full	9	64	2	19	1.0000
main	decl_full	9	64	2	20	1.0000
main	decl_full	9	64	2	21	1.0000
main	decl_full	9	64	2	22	1.0000
main	decl_full	9	64	2	23	1.0000
main	decl_full	9	64	2	24	1.0000
main	decl_full	9	64	2	25	1.0000
main	decl_full	9	64	2	26	1.0000
main	decl_full	9	64	2	27	1.0000
main	decl_full	9	64	2	28	1.0000
main	decl_full	9	64	2	29	1.0000
main	decl_full	9	64	2	30	1.0000
main	decl_full	9	64	2	31	1.0000
main	decl_full	9	64	2	32	1.0000
main	decl_full	9	64	2	33	1.0000
main	decl_full	9	64	2	34	1.0000
main	decl_full	9	64	2	35	1.0000
main	decl_full	9	64	2	36	1.0000
main	decl_full	9	64	2	37	1.0000
main	decl_full	9	64	2	38	1.0000
main	decl_full	9	64	2	39	1.0000
main	decl_full	9	64	2	40	1.0000
main	decl_full	9	64	2	41	1.0000
main	decl_full	9	64	2	42	1.0000
main	decl_full	9	64	2	43	1.0000
main	decl_full	9	64	2	44	1.0000
main	decl_full	9	64	2	45	1.0000
main	decl_full	9	64	2	46	1.0000
main	decl_full	9	64	2	47	1.0000
main	decl_full	9	64	2	48	1.0000
main	decl_full	9	64	2	49	1.0000
main	decl_full	9	64	2	50	1.0000
main	decl_full	9	64	2	51	1.0000
main	decl_full	9	64	2	52	1.0000
main	decl_full	9	64	2	53	1.0000
main	decl_full	9	64	2	54	1.0000
main	decl_full	9	64	2	55	1.0000
main	decl_full	9	64	2	56	1.0000
main	decl_full	9	64	2	57	1.0000
main	decl_full	9	64	2	58	1.0000
main	decl_full	9	64	2	59	1.0000
main	decl_full	9	64	2	60	1.0000
main	n_align	0	64	2	1	0.0000
main	n_align	0	64	2	2	0.2731
main	n_align	0	64	2	3	0.6775
main	n_align	0	64	2	4	0.7176
main	n_align	0	64	2	5	0.7145
main	n_align	0	64	2	6	0.7191
main	n_align	0	64	2	7	0.7377
main	n_align	0	64	2	8	0.7863
main	n_align	0	64	2	9	0.8611
main	n_align	0	64	2	10	0.9035
main	n_align	0	64	2	11	0.9591
main	n_align	0	64	2	12	0.9753
main	n_align	0	64	2	13	0.9753
main	n_align	0	64	2	14	0.9977
main	n_align	0	64	2	15	1.0000
main	n_align	0	64	2	16	1.0000
main	n_align	0	64	2	17	1.0000
main	n_align	0	64	2	18	1.0000
main	n_align	0	64	2	19	1.0000
main	n_align	0	64	2	20	1.0000
main	n_align	0	64	2	21	1.0000
main	n_align	0	64	2	22	1.0000
main	n_align	0	64	2	23	1.0000
main	n_align	0	64	2	24	1.0000
main	n_align	0	64	2	25	1.0000
main	n_align	0	64	2	26	1.0000
main	n_align	0	64	2	27	1.0000
main	n_align	0	64	2	28	1.0000
main	n_align	0	64	2	29	1.0000
main	n_align	0	64	2	30	1.0000
main	n_align	0	64	2	31	1.0000
main	n_align	0	64	2	32	1.0000
main	n_align	0	64	2	33	1.0000
main	n_align	0	64	2	34	1.0000
main	n_align	0	64	2	35	1.0000
main	n_align	0	64	2	36	1.0000
main	n_align	0	64	2	37	1.0000
main	n_align	0	64	2	38	1.0000
main	n_align	0	64	2	39	1.0000
main	n_align	0	64	2	40	1.0000
main	n_align	0	64	2	41	1.0000
main	n_align	0	64	2	42	1.0000
main	n_align	0	64	2	43	1.0000
main	n_align	0	64	2	44	1.0000
main	n_align	0	64	2	45	1.0000
main	n_align	0	64	2	46	1.0000
main	n_align	0	64	2	47	1.0000
main	n_align	0	64	2	48	1.0000
main	n_align	0	64	2	49	1.0000
main	n_align	0	64	2	50	1.0000
main	n_align	0	64	2	51	1.0000
main	n_align	0	64	2	52	1.0000
main	n_align	0	64	2	53	1.0000
main	n_align	0	64	2	54	1.0000
main	n_align	0	64	2	55	1.0000
main	n_align	0	64	2	56	1.0000
main	n_align	0	64	2	57	1.0000
main	n_align	0	64	2	58	1.0000
main	n_align	0	64	2	59	1.0000
main	n_align	0	64	2	60	1.0000
main	n_align	1	64	2	1	0.0679
main	n_align	1	64	2	2	0.5802
main	n_align	1	64	2	3	0.5802
main	n_align	1	64	2	4	0.5633
main	n_align	1	64	2	5	0.5602
main	n_align	1	64	2	6	0.5610
main	n_align	1	64	2	7	0.7099
main	n_align	1	64	2	8	0.8133
main	n_align	1	64	2	9	0.8287
main	n_align	1	64	2	10	0.8603
main	n_align	1	64	2	11	0.9444
main	n_align	1	64	2	12	0.9591
main	n_align	1	64	2	13	0.9753
main	n_align	1	64	2	14	0.9776
main	n_align	1	64	2	15	0.9830
main	n_align	1	64	2	16	0.9907
main	n_align	1	64	2	17	1.0000
main	n_align	1	64	2	18	1.0000
main	n_align	1	64	2	19	1.0000
main	n_align	1	64	2	20	1.0000
main	n_align	1	64	2	21	1.0000
main	n_align	1	64	2	22	1.0000
main	n_align	1	64	2	23	1.0000
main	n_align	1	64	2	24	1.0000
main	n_align	1	64	2	25	1.0000
main	n_align	1	64	2	26	1.0000
main	n_align	1	64	2	27	1.0000
main	n_align	1	64	2	28	1.0000
main	n_align	1	64	2	29	1.0000
main	n_align	1	64	2	30	1.0000
main	n_align	1	64	2	31	1.0000
main	n_align	1	64	2	32	1.0000
main	n_align	1	64	2	33	1.0000
main	n_align	1	64	2	34	1.0000
main	n_align	1	64	2	35	1.0000
main	n_align	1	64	2	36	1.0000
main	n_align	1	64	2	37	1.0000
main	n_align	1	64	2	38	1.0000
main	n_align	1	64	2	39	1.0000
main	n_align	1	64	2	40	1.0000
main	n_align	1	64	2	41	1.0000
main	n_align	1	64	2	42	1.0000
main	n_align	1	64	2	43	1.0000
main	n_align	1	64	2	44	1.0000
main	n_align	1	64	2	45	1.0000
main	n_align	1	64	2	46	1.0000
main	n_align	1	64	2	47	1.0000
main	n_align	1	64	2	48	1.0000
main	n_align	1	64	2	49	1.0000
main	n_align	1	64	2	50	1.0000
main	n_align	1	64	2	51	1.0000
main	n_align	1	64	2	52	1.0000
main	n_align	1	64	2	53	1.0000
main	n_align	1	64	2	54	1.0000
main	n_align	1	64	2	55	1.0000
main	n_align	1	64	2	56	1.0000
main	n_align	1	64	2	57	1.0000
main	n_align	1	64	2	58	1.0000
main	n_align	1	64	2	59	1.0000
main	n_align	1	64	2	60	1.0000
main	n_align	2	64	2	1	0.0000
main	n_align	2	64	2	2	0.3349
main	n_align	2	64	2	3	0.5995
main	n_align	2	64	2	4	0.6821
main	n_align	2	64	2	5	0.6813
main	n_align	2	64	2	6	0.8002
main	n_align	2	64	2	7	0.8657
main	n_align	2	64	2	8	0.9321
main	n_align	2	64	2	9	0.9506
main	n_align	2	64	2	10	0.9506
main	n_align	2	64	2	11	0.9637
main	n_align	2	64	2	12	0.9753
main	n_align	2	64	2	13	0.9761
main	n_align	2	64	2	14	0.9830
main	n_align	2	64	2	15	0.9907
main	n_align	2	64	2	16	0.9977
main	n_align	2	64	2	17	1.0000
main	n_align	2	64	2	18	1.0000
main	n_align	2	64	2	19	1.0000
main	n_align	2	64	2	20	1.0000
main	n_align	2	64	2	21	1.0000
main	n_align	2	64	2	22	1.0000
main	n_align	2	64	2	23	1.0000
main	n_align	2	64	2	24	1.0000
main	n_align	2	64	2	25	1.0000
main	n_align	2	64	2	26	1.0000
main	n_align	2	64	2	27	1.0000
main	n_align	2	64	2	28	1.0000
main	n_align	2	64	2	29	1.0000
main	n_align	2	64	2	30	1.0000
main	n_align	2	64	2	31	1.0000
main	n_align	2	64	2	32	1.0000
main	n_align	2	64	2	33	1.0000
main	n_align	2	64	2	34	1.0000
main	n_align	2	64	2	35	1.0000
main	n_align	2	64	2	36	1.0000
main	n_align	2	64	2	37	1.0000
main	n_align	2	64	2	38	1.0000
main	n_align	2	64	2	39	1.0000
main	n_align	2	64	2	40	1.0000
main	n_align	2	64	2	41	1.0000
main	n_align	2	64	2	42	1.0000
main	n_align	2	64	2	43	1.0000
main	n_align	2	64	2	44	1.0000
main	n_align	2	64	2	45	1.0000
main	n_align	2	64	2	46	1.0000
main	n_align	2	64	2	47	1.0000
main	n_align	2	64	2	48	1.0000
main	n_align	2	64	2	49	1.0000
main	n_align	2	64	2	50	1.0000
main	n_align	2	64	2	51	1.0000
main	n_align	2	64	2	52	1.0000
main	n_align	2	64	2	53	1.0000
main	n_align	2	64	2	54	1.0000
main	n_align	2	64	2	55	1.0000
main	n_align	2	64	2	56	1.0000
main	n_align	2	64	2	57	1.0000
main	n_align	2	64	2	58	1.0000
main	n_align	2	64	2	59	1.0000
main	n_align	2	64	2	60	1.0000
main	n_align	3	64	2	1	0.0000
main	n_align	3	64	2	2	0.6736
main	n_align	3	64	2	3	0.7083
main	n_align	3	64	2	4	0.7531
main	n_align	3	64	2	5	0.7531
main	n_align	3	64	2	6	0.7639
main	n_align	3	64	2	7	0.8519
main	n_align	3	64	2	8	0.9012
main	n_align	3	64	2	9	0.9012
main	n_align	3	64	2	10	0.9012
main	n_align	3	64	2	11	0.9113
main	n_align	3	64	2	12	0.9660
main	n_align	3	64	2	13	0.9707
main	n_align	3	64	2	14	0.9753
main	n_align	3	64	2	15	0.9769
main	n_align	3	64	2	16	0.9799
main	n_align	3	64	2	17	0.9830
main	n_align	3	64	2	18	0.9907
main	n_align	3	64	2	19	0.9992
main	n_align	3	64	2	20	1.0000
main	n_align	3	64	2	21	1.0000
main	n_align	3	64	2	22	1.0000
main	n_align	3	64	2	23	1.0000
main	n_align	3	64	2	24	1.0000
main	n_align	3	64	2	25	1.0000
main	n_align	3	64	2	26	1.0000
main	n_align	3	64	2	27	1.0000
main	n_align	3	64	2	28	1.0000
main	n_align	3	64	2	29	1.0000
main	n_align	3	64	2	30	1.0000
main	n_align	3	64	2	31	1.0000
main	n_align	3	64	2	32	1.0000
main	n_align	3	64	2	33	1.0000
main	n_align	3	64	2	34	1.0000
main	n_align	3	64	2	35	1.0000
main	n_align	3	64	2	36	1.0000
main	n_align	3	64	2	37	1.0000
main	n_align	3	64	2	38	1.0000
main	n_align	3	64	2	39	1.0000
main	n_align	3	64	2	40	1.0000
main	n_align	3	64	2	41	1.0000
main	n_align	3	64	2	42	1.0000
main	n_align	3	64	2	43	1.0000
main	n_align	3	64	2	44	1.0000
main	n_align	3	64	2	45	1.0000
main	n_align	3	64	2	46	1.0000
main	n_align	3	64	2	47	1.0000
main	n_align	3	64	2	48	1.0000
main	n_align	3	64	2	49	1.0000
main	n_align	3	64	2	50	1.0000
main	n_align	3	64	2	51	1.0000
main	n_align	3	64	2	52	1.0000
main	n_align	3	64	2	53	1.0000
main	n_align	3	64	2	54	1.0000
main	n_align	3	64	2	55	1.0000
main	n_align	3	64	2	56	1.0000
main	n_align	3	64	2	57	1.0000
main	n_align	3	64	2	58	1.0000
main	n_align	3	64	2	59	1.0000
main	n_align	3	64	2	60	1.0000
main	n_align	4	64	2	1	0.6096
main	n_align	4	64	2	2	0.7037
main	n_align	4	64	2	3	0.7469
main	n_align	4	64	2	4	0.8032
main	n_align	4	64	2	5	0.8094
main	n_align	4	64	2	6	0.8210
main	n_align	4	64	2	7	0.8356
main	n_align	4	64	2	8	0.8488
main	n_align	4	64	2	9	0.8526
main	n_align	4	64	2	10	0.8542
main	n_align	4	64	2	11	0.8596
main	n_align	4	64	2	12	0.8704
main	n_align	4	64	2	13	0.8843
main	n_align	4	64	2	14	0.9144
main	n_align	4	64	2	15	0.9429
main	n_align	4	64	2	16	0.9506
main	n_align	4	64	2	17	0.9514
main	n_align	4	64	2	18	0.9691
main	n_align	4	64	2	19	0.9992
main	n_align	4	64	2	20	1.0000
main	n_align	4	64	2	21	1.0000
main	n_align	4	64	2	22	1.0000
main	n_align	4	64	2	23	1.0000
main	n_align	4	64	2	24	1.0000
main	n_align	4	64	2	25	1.0000
main	n_align	4	64	2	26	1.0000
main	n_align	4	64	2	27	1.0000
main	n_align	4	64	2	28	1.0000
main	n_align	4	64	2	29	1.0000
main	n_align	4	64	2	30	1.0000
main	n_align	4	64	2	31	1.0000
main	n_align	4	64	2	32	1.0000
main	n_align	4	64	2	33	1.0000
main	n_align	4	64	2	34	1.0000
main	n_align	4	64	2	35	1.0000
main	n_align	4	64	2	36	1.0000
main	n_align	4	64	2	37	1.0000
main	n_align	4	64	2	38	1.0000
main	n_align	4	64	2	39	1.0000
main	n_align	4	64	2	40	1.0000
main	n_align	4	64	2	41	1.0000
main	n_align	4	64	2	42	1.0000
main	n_align	4	64	2	43	1.0000
main	n_align	4	64	2	44	1.0000
main	n_align	4	64	2	45	1.0000
main	n_align	4	64	2	46	1.0000
main	n_align	4	64	2	47	1.0000
main	n_align	4	64	2	48	1.0000
main	n_align	4	64	2	49	1.0000
main	n_align	4	64	2	50	1.0000
main	n_align	4	64	2	51	1.0000
main	n_align	4	64	2	52	1.0000
main	n_align	4	64	2	53	1.0000
main	n_align	4	64	2	54	1.0000
main	n_align	4	64	2	55	1.0000
main	n_align	4	64	2	56	1.0000
main	n_align	4	64	2	57	1.0000
main	n_align	4	64	2	58	1.0000
main	n_align	4	64	2	59	1.0000
main	n_align	4	64	2	60	1.0000
main	n_align	5	64	2	1	0.0463
main	n_align	5	64	2	2	0.6543
main	n_align	5	64	2	3	0.7932
main	n_align	5	64	2	4	0.8002
main	n_align	5	64	2	5	0.8688
main	n_align	5	64	2	6	0.9259
main	n_align	5	64	2	7	0.9259
main	n_align	5	64	2	8	0.9259
main	n_align	5	64	2	9	0.9259
main	n_align	5	64	2	10	0.9414
main	n_align	5	64	2	11	0.9992
main	n_align	5	64	2	12	1.0000
main	n_align	5	64	2	13	1.0000
main	n_align	5	64	2	14	1.0000
main	n_align	5	64	2	15	1.0000
main	n_align	5	64	2	16	1.0000
main	n_align	5	64	2	17	1.0000
main	n_align	5	64	2	18	1.0000
main	n_align	5	64	2	19	1.0000
main	n_align	5	64	2	20	1.0000
main	n_align	5	64	2	21	1.0000
main	n_align	5	64	2	22	1.0000
main	n_align	5	64	2	23	1.0000
main	n_align	5	64	2	24	1.0000
main	n_align	5	64	2	25	1.0000
main	n_align	5	64	2	26	1.0000
main	n_align	5	64	2	27	1.0000
main	n_align	5	64	2	28	1.0000
main	n_align	5	64	2	29	1.0000
main	n_align	5	64	2	30	1.0000
main	n_align	5	64	2	31	1.0000
main	n_align	5	64	2	32	1.0000
main	n_align	5	64	2	33	1.0000
main	n_align	5	64	2	34	1.0000
main	n_align	5	64	2	35	1.0000
main	n_align	5	64	2	36	1.0000
main	n_align	5	64	2	37	1.0000
main	n_align	5	64	2	38	1.0000
main	n_align	5	64	2	39	1.0000
main	n_align	5	64	2	40	1.0000
main	n_align	5	64	2	41	1.0000
main	n_align	5	64	2	42	1.0000
main	n_align	5	64	2	43	1.0000
main	n_align	5	64	2	44	1.0000
main	n_align	5	64	2	45	1.0000
main	n_align	5	64	2	46	1.0000
main	n_align	5	64	2	47	1.0000
main	n_align	5	64	2	48	1.0000
main	n_align	5	64	2	49	1.0000
main	n_align	5	64	2	50	1.0000
main	n_align	5	64	2	51	1.0000
main	n_align	5	64	2	52	1.0000
main	n_align	5	64	2	53	1.0000
main	n_align	5	64	2	54	1.0000
main	n_align	5	64	2	55	1.0000
main	n_align	5	64	2	56	1.0000
main	n_align	5	64	2	57	1.0000
main	n_align	5	64	2	58	1.0000
main	n_align	5	64	2	59	1.0000
main	n_align	5	64	2	60	1.0000
main	n_align	6	64	2	1	0.5556
main	n_align	6	64	2	2	0.5556
main	n_align	6	64	2	3	0.5810
main	n_align	6	64	2	4	0.6049
main	n_align	6	64	2	5	0.6049
main	n_align	6	64	2	6	0.6080
main	n_align	6	64	2	7	0.6250
main	n_align	6	64	2	8	0.6806
main	n_align	6	64	2	9	0.7785
main	n_align	6	64	2	10	0.9159
main	n_align	6	64	2	11	0.9259
main	n_align	6	64	2	12	0.9259
main	n_align	6	64	2	13	0.9290
main	n_align	6	64	2	14	0.9421
main	n_align	6	64	2	15	0.9614
main	n_align	6	64	2	16	0.9792
main	n_align	6	64	2	17	0.9861
main	n_align	6	64	2	18	0.9931
main	n_align	6	64	2	19	1.0000
main	n_align	6	64	2	20	1.0000
main	n_align	6	64	2	21	1.0000
main	n_align	6	64	2	22	1.0000
main	n_align	6	64	2	23	1.0000
main	n_align	6	64	2	24	1.0000
main	n_align	6	64	2	25	1.0000
main	n_align	6	64	2	26	1.0000
main	n_align	6	64	2	27	1.0000
main	n_align	6	64	2	28	1.0000
main	n_align	6	64	2	29	1.0000
main	n_align	6	64	2	30	1.0000
main	n_align	6	64	2	31	1.0000
main	n_align	6	64	2	32	1.0000
main	n_align	6	64	2	33	1.0000
main	n_align	6	64	2	34	1.0000
main	n_align	6	64	2	35	1.0000
main	n_align	6	64	2	36	1.0000
main	n_align	6	64	2	37	1.0000
main	n_align	6	64	2	38	1.0000
main	n_align	6	64	2	39	1.0000
main	n_align	6	64	2	40	1.0000
main	n_align	6	64	2	41	1.0000
main	n_align	6	64	2	42	1.0000
main	n_align	6	64	2	43	1.0000
main	n_align	6	64	2	44	1.0000
main	n_align	6	64	2	45	1.0000
main	n_align	6	64	2	46	1.0000
main	n_align	6	64	2	47	1.0000
main	n_align	6	64	2	48	1.0000
main	n_align	6	64	2	49	1.0000
main	n_align	6	64	2	50	1.0000
main	n_align	6	64	2	51	1.0000
main	n_align	6	64	2	52	1.0000
main	n_align	6	64	2	53	1.0000
main	n_align	6	64	2	54	1.0000
main	n_align	6	64	2	55	1.0000
main	n_align	6	64	2	56	1.0000
main	n_align	6	64	2	57	1.0000
main	n_align	6	64	2	58	1.0000
main	n_align	6	64	2	59	1.0000
main	n_align	6	64	2	60	1.0000
main	n_align	7	64	2	1	0.0000
main	n_align	7	64	2	2	0.5556
main	n_align	7	64	2	3	0.5556
main	n_align	7	64	2	4	0.5556
main	n_align	7	64	2	5	0.5556
main	n_align	7	64	2	6	0.5556
main	n_align	7	64	2	7	0.5702
main	n_align	7	64	2	8	0.6883
main	n_align	7	64	2	9	0.7137
main	n_align	7	64	2	10	0.7569
main	n_align	7	64	2	11	0.8025
main	n_align	7	64	2	12	0.8812
main	n_align	7	64	2	13	0.9390
main	n_align	7	64	2	14	0.9745
main	n_align	7	64	2	15	0.9753
main	n_align	7	64	2	16	0.9900
main	n_align	7	64	2	17	1.0000
main	n_align	7	64	2	18	1.0000
main	n_align	7	64	2	19	1.0000
main	n_align	7	64	2	20	1.0000
main	n_align	7	64	2	21	1.0000
main	n_align	7	64	2	22	1.0000
main	n_align	7	64	2	23	1.0000
main	n_align	7	64	2	24	1.0000
main	n_align	7	64	2	25	1.0000
main	n_align	7	64	2	26	1.0000
main	n_align	7	64	2	27	1.0000
main	n_align	7	64	2	28	1.0000
main	n_align	7	64	2	29	1.0000
main	n_align	7	64	2	30	1.0000
main	n_align	7	64	2	31	1.0000
main	n_align	7	64	2	32	1.0000
main	n_align	7	64	2	33	1.0000
main	n_align	7	64	2	34	1.0000
main	n_align	7	64	2	35	1.0000
main	n_align	7	64	2	36	1.0000
main	n_align	7	64	2	37	1.0000
main	n_align	7	64	2	38	1.0000
main	n_align	7	64	2	39	1.0000
main	n_align	7	64	2	40	1.0000
main	n_align	7	64	2	41	1.0000
main	n_align	7	64	2	42	1.0000
main	n_align	7	64	2	43	1.0000
main	n_align	7	64	2	44	1.0000
main	n_align	7	64	2	45	1.0000
main	n_align	7	64	2	46	1.0000
main	n_align	7	64	2	47	1.0000
main	n_align	7	64	2	48	1.0000
main	n_align	7	64	2	49	1.0000
main	n_align	7	64	2	50	1.0000
main	n_align	7	64	2	51	1.0000
main	n_align	7	64	2	52	1.0000
main	n_align	7	64	2	53	1.0000
main	n_align	7	64	2	54	1.0000
main	n_align	7	64	2	55	1.0000
main	n_align	7	64	2	56	1.0000
main	n_align	7	64	2	57	1.0000
main	n_align	7	64	2	58	1.0000
main	n_align	7	64	2	59	1.0000
main	n_align	7	64	2	60	1.0000
main	n_align	8	64	2	1	0.0000
main	n_align	8	64	2	2	0.5556
main	n_align	8	64	2	3	0.5818
main	n_align	8	64	2	4	0.6543
main	n_align	8	64	2	5	0.6543
main	n_align	8	64	2	6	0.6991
main	n_align	8	64	2	7	0.7191
main	n_align	8	64	2	8	0.8958
main	n_align	8	64	2	9	0.9012
main	n_align	8	64	2	10	0.9012
main	n_align	8	64	2	11	0.9012
main	n_align	8	64	2	12	0.9128
main	n_align	8	64	2	13	0.9313
main	n_align	8	64	2	14	0.9444
main	n_align	8	64	2	15	0.9707
main	n_align	8	64	2	16	0.9954
main	n_align	8	64	2	17	1.0000
main	n_align	8	64	2	18	1.0000
main	n_align	8	64	2	19	1.0000
main	n_align	8	64	2	20	1.0000
main	n_align	8	64	2	21	1.0000
main	n_align	8	64	2	22	1.0000
main	n_align	8	64	2	23	1.0000
main	n_align	8	64	2	24	1.0000
main	n_align	8	64	2	25	1.0000
main	n_align	8	64	2	26	1.0000
main	n_align	8	64	2	27	1.0000
main	n_align	8	64	2	28	1.0000
main	n_align	8	64	2	29	1.0000
main	n_align	8	64	2	30	1.0000
main	n_align	8	64	2	31	1.0000
main	n_align	8	64	2	32	1.0000
main	n_align	8	64	2	33	1.0000
main	n_align	8	64	2	34	1.0000
main	n_align	8	64	2	35	1.0000
main	n_align	8	64	2	36	1.0000
main	n_align	8	64	2	37	1.0000
main	n_align	8	64	2	38	1.0000
main	n_align	8	64	2	39	1.0000
main	n_align	8	64	2	40	1.0000
main	n_align	8	64	2	41	1.0000
main	n_align	8	64	2	42	1.0000
main	n_align	8	64	2	43	1.0000
main	n_align	8	64	2	44	1.0000
main	n_align	8	64	2	45	1.0000
main	n_align	8	64	2	46	1.0000
main	n_align	8	64	2	47	1.0000
main	n_align	8	64	2	48	1.0000
main	n_align	8	64	2	49	1.0000
main	n_align	8	64	2	50	1.0000
main	n_align	8	64	2	51	1.0000
main	n_align	8	64	2	52	1.0000
main	n_align	8	64	2	53	1.0000
main	n_align	8	64	2	54	1.0000
main	n_align	8	64	2	55	1.0000
main	n_align	8	64	2	56	1.0000
main	n_align	8	64	2	57	1.0000
main	n_align	8	64	2	58	1.0000
main	n_align	8	64	2	59	1.0000
main	n_align	8	64	2	60	1.0000
main	n_align	9	64	2	1	0.0015
main	n_align	9	64	2	2	0.6049
main	n_align	9	64	2	3	0.6049
main	n_align	9	64	2	4	0.6049
main	n_align	9	64	2	5	0.6304
main	n_align	9	64	2	6	0.9082
main	n_align	9	64	2	7	0.9136
main	n_align	9	64	2	8	0.9298
main	n_align	9	64	2	9	0.9506
main	n_align	9	64	2	10	0.9506
main	n_align	9	64	2	11	0.9506
main	n_align	9	64	2	12	0.9660
main	n_align	9	64	2	13	0.9753
main	n_align	9	64	2	14	0.9776
main	n_align	9	64	2	15	0.9830
main	n_align	9	64	2	16	0.9907
main	n_align	9	64	2	17	0.9992
main	n_align	9	64	2	18	1.0000
main	n_align	9	64	2	19	1.0000
main	n_align	9	64	2	20	1.0000
main	n_align	9	64	2	21	1.0000
main	n_align	9	64	2	22	1.0000
main	n_align	9	64	2	23	1.0000
main	n_align	9	64	2	24	1.0000
main	n_align	9	64	2	25	1.0000
main	n_align	9	64	2	26	1.0000
main	n_align	9	64	2	27	1.0000
main	n_align	9	64	2	28	1.0000
main	n_align	9	64	2	29	1.0000
main	n_align	9	64	2	30	1.0000
main	n_align	9	64	2	31	1.0000
main	n_align	9	64	2	32	1.0000
main	n_align	9	64	2	33	1.0000
main	n_align	9	64	2	34	1.0000
main	n_align	9	64	2	35	1.0000
main	n_align	9	64	2	36	1.0000
main	n_align	9	64	2	37	1.0000
main	n_align	9	64	2	38	1.0000
main	n_align	9	64	2	39	1.0000
main	n_align	9	64	2	40	1.0000
main	n_align	9	64	2	41	1.0000
main	n_align	9	64	2	42	1.0000
main	n_align	9	64	2	43	1.0000
main	n_align	9	64	2	44	1.0000
main	n_align	9	64	2	45	1.0000
main	n_align	9	64	2	46	1.0000
main	n_align	9	64	2	47	1.0000
main	n_align	9	64	2	48	1.0000
main	n_align	9	64	2	49	1.0000
main	n_align	9	64	2	50	1.0000
main	n_align	9	64	2	51	1.0000
main	n_align	9	64	2	52	1.0000
main	n_align	9	64	2	53	1.0000
main	n_align	9	64	2	54	1.0000
main	n_align	9	64	2	55	1.0000
main	n_align	9	64	2	56	1.0000
main	n_align	9	64	2	57	1.0000
main	n_align	9	64	2	58	1.0000
main	n_align	9	64	2	59	1.0000
main	n_align	9	64	2	60	1.0000
main	excl_pollute10	0	64	2	1	0.0000
main	excl_pollute10	0	64	2	2	0.3508
main	excl_pollute10	0	64	2	3	0.5727
main	excl_pollute10	0	64	2	4	0.6986
main	excl_pollute10	0	64	2	5	0.7538
main	excl_pollute10	0	64	2	6	0.7831
main	excl_pollute10	0	64	2	7	0.8125
main	excl_pollute10	0	64	2	8	0.8554
main	excl_pollute10	0	64	2	9	0.8862
main	excl_pollute10	0	64	2	10	0.9248
main	excl_pollute10	0	64	2	11	0.9771
main	excl_pollute10	0	64	2	12	0.9771
main	excl_pollute10	0	64	2	13	0.9771
main	excl_pollute10	0	64	2	14	1.0000
main	excl_pollute10	0	64	2	15	1.0000
main	excl_pollute10	0	64	2	16	1.0000
main	excl_pollute10	0	64	2	17	1.0000
main	excl_pollute10	0	64	2	18	1.0000
main	excl_pollute10	0	64	2	19	1.0000
main	excl_pollute10	0	64	2	20	1.0000
main	excl_pollute10	0	64	2	21	1.0000
main	excl_pollute10	0	64	2	22	1.0000
main	excl_pollute10	0	64	2	23	1.0000
main	excl_pollute10	0	64	2	24	1.0000
main	excl_pollute10	0	64	2	25	1.0000
main	excl_pollute10	0	64	2	26	1.0000
main	excl_pollute10	0	64	2	27	1.0000
main	excl_pollute10	0	64	2	28	1.0000
main	excl_pollute10	0	64	2	29	1.0000
main	excl_pollute10	0	64	2	30	1.0000
main	excl_pollute10	0	64	2	31	1.0000
main	excl_pollute10	0	64	2	32	1.0000
main	excl_pollute10	0	64	2	33	1.0000
main	excl_pollute10	0	64	2	34	1.0000
main	excl_pollute10	0	64	2	35	1.0000
main	excl_pollute10	0	64	2	36	1.0000
main	excl_pollute10	0	64	2	37	1.0000
main	excl_pollute10	0	64	2	38	1.0000
main	excl_pollute10	0	64	2	39	1.0000
main	excl_pollute10	0	64	2	40	1.0000
main	excl_pollute10	0	64	2	41	1.0000
main	excl_pollute10	0	64	2	42	1.0000
main	excl_pollute10	0	64	2	43	1.0000
main	excl_pollute10	0	64	2	44	1.0000
main	excl_pollute10	0	64	2	45	1.0000
main	excl_pollute10	0	64	2	46	1.0000
main	excl_pollute10	0	64	2	47	1.0000
main	excl_pollute10	0	64	2	48	1.0000
main	excl_pollute10	0	64	2	49	1.0000
main	excl_pollute10	0	64	2	50	1.0000
main	excl_pollute10	0	64	2	51	1.0000
main	excl_pollute10	0	64	2	52	1.0000
main	excl_pollute10	0	64	2	53	1.0000
main	excl_pollute10	0	64	2	54	1.0000
main	excl_pollute10	0	64	2	55	1.0000
main	excl_pollute10	0	64	2	56	1.0000
main	excl_pollute10	0	64	2	57	1.0000
main	excl_pollute10	0	64	2	58	1.0000
main	excl_pollute10	0	64	2	59	1.0000
main	excl_pollute10	0	64	2	60	1.0000
main	excl_pollute10	1	64	2	1	0.0673
main	excl_pollute10	1	64	2	2	0.5383
main	excl_pollute10	1	64	2	3	0.5383
main	excl_pollute10	1	64	2	4	0.5254
main	excl_pollute10	1	64	2	5	0.5225
main	excl_pollute10	1	64	2	6	0.5376
main	excl_pollute10	1	64	2	7	0.6636
main	excl_pollute10	1	64	2	8	0.8239
main	excl_pollute10	1	64	2	9	0.8368
main	excl_pollute10	1	64	2	10	0.8490
main	excl_pollute10	1	64	2	11	0.8898
main	excl_pollute10	1	64	2	12	0.9392
main	excl_pollute10	1	64	2	13	0.9535
main	excl_pollute10	1	64	2	14	0.9721
main	excl_pollute10	1	64	2	15	0.9778
main	excl_pollute10	1	64	2	16	0.9843
main	excl_pollute10	1	64	2	17	0.9914
main	excl_pollute10	1	64	2	18	1.0000
main	excl_pollute10	1	64	2	19	1.0000
main	excl_pollute10	1	64	2	20	1.0000
main	excl_pollute10	1	64	2	21	1.0000
main	excl_pollute10	1	64	2	22	1.0000
main	excl_pollute10	1	64	2	23	1.0000
main	excl_pollute10	1	64	2	24	1.0000
main	excl_pollute10	1	64	2	25	1.0000
main	excl_pollute10	1	64	2	26	1.0000
main	excl_pollute10	1	64	2	27	1.0000
main	excl_pollute10	1	64	2	28	1.0000
main	excl_pollute10	1	64	2	29	1.0000
main	excl_pollute10	1	64	2	30	1.0000
main	excl_pollute10	1	64	2	31	1.0000
main	excl_pollute10	1	64	2	32	1.0000
main	excl_pollute10	1	64	2	33	1.0000
main	excl_pollute10	1	64	2	34	1.0000
main	excl_pollute10	1	64	2	35	1.0000
main	excl_pollute10	1	64	2	36	1.0000
main	excl_pollute10	1	64	2	37	1.0000
main	excl_pollute10	1	64	2	38	1.0000
main	excl_pollute10	1	64	2	39	1.0000
main	excl_pollute10	1	64	2	40	1.0000
main	excl_pollute10	1	64	2	41	1.0000
main	excl_pollute10	1	64	2	42	1.0000
main	excl_pollute10	1	64	2	43	1.0000
main	excl_pollute10	1	64	2	44	1.0000
main	excl_pollute10	1	64	2	45	1.0000
main	excl_pollute10	1	64	2	46	1.0000
main	excl_pollute10	1	64	2	47	1.0000
main	excl_pollute10	1	64	2	48	1.0000
main	excl_pollute10	1	64	2	49	1.0000
main	excl_pollute10	1	64	2	50	1.0000
main	excl_pollute10	1	64	2	51	1.0000
main	excl_pollute10	1	64	2	52	1.0000
main	excl_pollute10	1	64	2	53	1.0000
main	excl_pollute10	1	64	2	54	1.0000
main	excl_pollute10	1	64	2	55	1.0000
main	excl_pollute10	1	64	2	56	1.0000
main	excl_pollute10	1	64	2	57	1.0000
main	excl_pollute10	1	64	2	58	1.0000
main	excl_pollute10	1	64	2	59	1.0000
main	excl_pollute10	1	64	2	60	1.0000
main	excl_pollute10	2	64	2	1	0.0000
main	excl_pollute10	2	64	2	2	0.5154
main	excl_pollute10	2	64	2	3	0.5154
main	excl_pollute10	2	64	2	4	0.6664
main	excl_pollute10	2	64	2	5	0.6915
main	excl_pollute10	2	64	2	6	0.8253
main	excl_pollute10	2	64	2	7	0.8533
main	excl_pollute10	2	64	2	8	0.8941
main	excl_pollute10	2	64	2	9	0.9528
main	excl_pollute10	2	64	2	10	0.9664
main	excl_pollute10	2	64	2	11	0.9764
main	excl_pollute10	2	64	2	12	0.9771
main	excl_pollute10	2	64	2	13	0.9771
main	excl_pollute10	2	64	2	14	0.9771
main	excl_pollute10	2	64	2	15	0.9771
main	excl_pollute10	2	64	2	16	0.9771
main	excl_pollute10	2	64	2	17	0.9771
main	excl_pollute10	2	64	2	18	0.9771
main	excl_pollute10	2	64	2	19	0.9771
main	excl_pollute10	2	64	2	20	0.9771
main	excl_pollute10	2	64	2	21	0.9771
main	excl_pollute10	2	64	2	22	0.9771
main	excl_pollute10	2	64	2	23	0.9771
main	excl_pollute10	2	64	2	24	0.9771
main	excl_pollute10	2	64	2	25	0.9771
main	excl_pollute10	2	64	2	26	0.9828
main	excl_pollute10	2	64	2	27	0.9850
main	excl_pollute10	2	64	2	28	0.9971
main	excl_pollute10	2	64	2	29	1.0000
main	excl_pollute10	2	64	2	30	1.0000
main	excl_pollute10	2	64	2	31	1.0000
main	excl_pollute10	2	64	2	32	1.0000
main	excl_pollute10	2	64	2	33	1.0000
main	excl_pollute10	2	64	2	34	1.0000
main	excl_pollute10	2	64	2	35	1.0000
main	excl_pollute10	2	64	2	36	1.0000
main	excl_pollute10	2	64	2	37	1.0000
main	excl_pollute10	2	64	2	38	1.0000
main	excl_pollute10	2	64	2	39	1.0000
main	excl_pollute10	2	64	2	40	1.0000
main	excl_pollute10	2	64	2	41	1.0000
main	excl_pollute10	2	64	2	42	1.0000
main	excl_pollute10	2	64	2	43	1.0000
main	excl_pollute10	2	64	2	44	1.0000
main	excl_pollute10	2	64	2	45	1.0000
main	excl_pollute10	2	64	2	46	1.0000
main	excl_pollute10	2	64	2	47	1.0000
main	excl_pollute10	2	64	2	48	1.0000
main	excl_pollute10	2	64	2	49	1.0000
main	excl_pollute10	2	64	2	50	1.0000
main	excl_pollute10	2	64	2	51	1.0000
main	excl_pollute10	2	64	2	52	1.0000
main	excl_pollute10	2	64	2	53	1.0000
main	excl_pollute10	2	64	2	54	1.0000
main	excl_pollute10	2	64	2	55	1.0000
main	excl_pollute10	2	64	2	56	1.0000
main	excl_pollute10	2	64	2	57	1.0000
main	excl_pollute10	2	64	2	58	1.0000
main	excl_pollute10	2	64	2	59	1.0000
main	excl_pollute10	2	64	2	60	1.0000
main	excl_pollute10	3	64	2	1	0.0000
main	excl_pollute10	3	64	2	2	0.5476
main	excl_pollute10	3	64	2	3	0.6528
main	excl_pollute10	3	64	2	4	0.7187
main	excl_pollute10	3	64	2	5	0.7709
main	excl_pollute10	3	64	2	6	0.7709
main	excl_pollute10	3	64	2	7	0.7752
main	excl_pollute10	3	64	2	8	0.8697
main	excl_pollute10	3	64	2	9	0.9084
main	excl_pollute10	3	64	2	10	0.9084
main	excl_pollute10	3	64	2	11	0.9120
main	excl_pollute10	3	64	2	12	0.9542
main	excl_pollute10	3	64	2	13	0.9742
main	excl_pollute10	3	64	2	14	0.9771
main	excl_pollute10	3	64	2	15	0.9771
main	excl_pollute10	3	64	2	16	0.9771
main	excl_pollute10	3	64	2	17	0.9771
main	excl_pollute10	3	64	2	18	0.9893
main	excl_pollute10	3	64	2	19	0.9979
main	excl_pollute10	3	64	2	20	1.0000
main	excl_pollute10	3	64	2	21	1.0000
main	excl_pollute10	3	64	2	22	1.0000
main	excl_pollute10	3	64	2	23	1.0000
main	excl_pollute10	3	64	2	24	1.0000
main	excl_pollute10	3	64	2	25	1.0000
main	excl_pollute10	3	64	2	26	1.0000
main	excl_pollute10	3	64	2	27	1.0000
main	excl_pollute10	3	64	2	28	1.0000
main	excl_pollute10	3	64	2	29	1.0000
main	excl_pollute10	3	64	2	30	1.0000
main	excl_pollute10	3	64	2	31	1.0000
main	excl_pollute10	3	64	2	32	1.0000
main	excl_pollute10	3	64	2	33	1.0000
main	excl_pollute10	3	64	2	34	1.0000
main	excl_pollute10	3	64	2	35	1.0000
main	excl_pollute10	3	64	2	36	1.0000
main	excl_pollute10	3	64	2	37	1.0000
main	excl_pollute10	3	64	2	38	1.0000
main	excl_pollute10	3	64	2	39	1.0000
main	excl_pollute10	3	64	2	40	1.0000
main	excl_pollute10	3	64	2	41	1.0000
main	excl_pollute10	3	64	2	42	1.0000
main	excl_pollute10	3	64	2	43	1.0000
main	excl_pollute10	3	64	2	44	1.0000
main	excl_pollute10	3	64	2	45	1.0000
main	excl_pollute10	3	64	2	46	1.0000
main	excl_pollute10	3	64	2	47	1.0000
main	excl_pollute10	3	64	2	48	1.0000
main	excl_pollute10	3	64	2	49	1.0000
main	excl_pollute10	3	64	2	50	1.0000
main	excl_pollute10	3	64	2	51	1.0000
main	excl_pollute10	3	64	2	52	1.0000
main	excl_pollute10	3	64	2	53	1.0000
main	excl_pollute10	3	64	2	54	1.0000
main	excl_pollute10	3	64	2	55	1.0000
main	excl_pollute10	3	64	2	56	1.0000
main	excl_pollute10	3	64	2	57	1.0000
main	excl_pollute10	3	64	2	58	1.0000
main	excl_pollute10	3	64	2	59	1.0000
main	excl_pollute10	3	64	2	60	1.0000
main	excl_pollute10	4	64	2	1	0.5183
main	excl_pollute10	4	64	2	2	0.6528
main	excl_pollute10	4	64	2	3	0.6901
main	excl_pollute10	4	64	2	4	0.8132
main	excl_pollute10	4	64	2	5	0.8261
main	excl_pollute10	4	64	2	6	0.8432
main	excl_pollute10	4	64	2	7	0.8633
main	excl_pollute10	4	64	2	8	0.8669
main	excl_pollute10	4	64	2	9	0.8726
main	excl_pollute10	4	64	2	10	0.8790
main	excl_pollute10	4	64	2	11	0.8855
main	excl_pollute10	4	64	2	12	0.8976
main	excl_pollute10	4	64	2	13	0.9105
main	excl_pollute10	4	64	2	14	0.9370
main	excl_pollute10	4	64	2	15	0.9542
main	excl_pollute10	4	64	2	16	0.9542
main	excl_pollute10	4	64	2	17	0.9542
main	excl_pollute10	4	64	2	18	0.9542
main	excl_pollute10	4	64	2	19	0.9685
main	excl_pollute10	4	64	2	20	0.9993
main	excl_pollute10	4	64	2	21	1.0000
main	excl_pollute10	4	64	2	22	1.0000
main	excl_pollute10	4	64	2	23	1.0000
main	excl_pollute10	4	64	2	24	1.0000
main	excl_pollute10	4	64	2	25	1.0000
main	excl_pollute10	4	64	2	26	1.0000
main	excl_pollute10	4	64	2	27	1.0000
main	excl_pollute10	4	64	2	28	1.0000
main	excl_pollute10	4	64	2	29	1.0000
main	excl_pollute10	4	64	2	30	1.0000
main	excl_pollute10	4	64	2	31	1.0000
main	excl_pollute10	4	64	2	32	1.0000
main	excl_pollute10	4	64	2	33	1.0000
main	excl_pollute10	4	64	2	34	1.0000
main	excl_pollute10	4	64	2	35	1.0000
main	excl_pollute10	4	64	2	36	1.0000
main	excl_pollute10	4	64	2	37	1.0000
main	excl_pollute10	4	64	2	38	1.0000
main	excl_pollute10	4	64	2	39	1.0000
main	excl_pollute10	4	64	2	40	1.0000
main	excl_pollute10	4	64	2	41	1.0000
main	excl_pollute10	4	64	2	42	1.0000
main	excl_pollute10	4	64	2	43	1.0000
main	excl_pollute10	4	64	2	44	1.0000
main	excl_pollute10	4	64	2	45	1.0000
main	excl_pollute10	4	64	2	46	1.0000
main	excl_pollute10	4	64	2	47	1.0000
main	excl_pollute10	4	64	2	48	1.0000
main	excl_pollute10	4	64	2	49	1.0000
main	excl_pollute10	4	64	2	50	1.0000
main	excl_pollute10	4	64	2	51	1.0000
main	excl_pollute10	4	64	2	52	1.0000
main	excl_pollute10	4	64	2	53	1.0000
main	excl_pollute10	4	64	2	54	1.0000
main	excl_pollute10	4	64	2	55	1.0000
main	excl_pollute10	4	64	2	56	1.0000
main	excl_pollute10	4	64	2	57	1.0000
main	excl_pollute10	4	64	2	58	1.0000
main	excl_pollute10	4	64	2	59	1.0000
main	excl_pollute10	4	64	2	60	1.0000
main	excl_pollute10	5	64	2	1	0.0387
main	excl_pollute10	5	64	2	2	0.6056
main	excl_pollute10	5	64	2	3	0.7359
main	excl_pollute10	5	64	2	4	0.7423
main	excl_pollute10	5	64	2	5	0.7445
main	excl_pollute10	5	64	2	6	0.8976
main	excl_pollute10	5	64	2	7	0.9313
main	excl_pollute10	5	64	2	8	0.9313
main	excl_pollute10	5	64	2	9	0.9313
main	excl_pollute10	5	64	2	10	0.9585
main	excl_pollute10	5	64	2	11	0.9993
main	excl_pollute10	5	64	2	12	1.0000
main	excl_pollute10	5	64	2	13	1.0000
main	excl_pollute10	5	64	2	14	1.0000
main	excl_pollute10	5	64	2	15	1.0000
main	excl_pollute10	5	64	2	16	1.0000
main	excl_pollute10	5	64	2	17	1.0000
main	excl_pollute10	5	64	2	18	1.0000
main	excl_pollute10	5	64	2	19	1.0000
main	excl_pollute10	5	64	2	20	1.0000
main	excl_pollute10	5	64	2	21	1.0000
main	excl_pollute10	5	64	2	22	1.0000
main	excl_pollute10	5	64	2	23	1.0000
main	excl_pollute10	5	64	2	24	1.0000
main	excl_pollute10	5	64	2	25	1.0000
main	excl_pollute10	5	64	2	26	1.0000
main	excl_pollute10	5	64	2	27	1.0000
main	excl_pollute10	5	64	2	28	1.0000
main	excl_pollute10	5	64	2	29	1.0000
main	excl_pollute10	5	64	2	30	1.0000
main	excl_pollute10	5	64	2	31	1.0000
main	excl_pollute10	5	64	2	32	1.0000
main	excl_pollute10	5	64	2	33	1.0000
main	excl_pollute10	5	64	2	34	1.0000
main	excl_pollute10	5	64	2	35	1.0000
main	excl_pollute10	5	64	2	36	1.0000
main	excl_pollute10	5	64	2	37	1.0000
main	excl_pollute10	5	64	2	38	1.0000
main	excl_pollute10	5	64	2	39	1.0000
main	excl_pollute10	5	64	2	40	1.0000
main	excl_pollute10	5	64	2	41	1.0000
main	excl_pollute10	5	64	2	42	1.0000
main	excl_pollute10	5	64	2	43	1.0000
main	excl_pollute10	5	64	2	44	1.0000
main	excl_pollute10	5	64	2	45	1.0000
main	excl_pollute10	5	64	2	46	1.0000
main	excl_pollute10	5	64	2	47	1.0000
main	excl_pollute10	5	64	2	48	1.0000
main	excl_pollute10	5	64	2	49	1.0000
main	excl_pollute10	5	64	2	50	1.0000
main	excl_pollute10	5	64	2	51	1.0000
main	excl_pollute10	5	64	2	52	1.0000
main	excl_pollute10	5	64	2	53	1.0000
main	excl_pollute10	5	64	2	54	1.0000
main	excl_pollute10	5	64	2	55	1.0000
main	excl_pollute10	5	64	2	56	1.0000
main	excl_pollute10	5	64	2	57	1.0000
main	excl_pollute10	5	64	2	58	1.0000
main	excl_pollute10	5	64	2	59	1.0000
main	excl_pollute10	5	64	2	60	1.0000
main	excl_pollute10	6	64	2	1	0.5154
main	excl_pollute10	6	64	2	2	0.5154
main	excl_pollute10	6	64	2	3	0.5154
main	excl_pollute10	6	64	2	4	0.6077
main	excl_pollute10	6	64	2	5	0.6292
main	excl_pollute10	6	64	2	6	0.6335
main	excl_pollute10	6	64	2	7	0.6385
main	excl_pollute10	6	64	2	8	0.6593
main	excl_pollute10	6	64	2	9	0.7480
main	excl_pollute10	6	64	2	10	0.9098
main	excl_pollute10	6	64	2	11	0.9313
main	excl_pollute10	6	64	2	12	0.9313
main	excl_pollute10	6	64	2	13	0.9356
main	excl_pollute10	6	64	2	14	0.9435
main	excl_pollute10	6	64	2	15	0.9621
main	excl_pollute10	6	64	2	16	0.9792
main	excl_pollute10	6	64	2	17	0.9843
main	excl_pollute10	6	64	2	18	0.9871
main	excl_pollute10	6	64	2	19	0.9914
main	excl_pollute10	6	64	2	20	0.9957
main	excl_pollute10	6	64	2	21	1.0000
main	excl_pollute10	6	64	2	22	1.0000
main	excl_pollute10	6	64	2	23	1.0000
main	excl_pollute10	6	64	2	24	1.0000
main	excl_pollute10	6	64	2	25	1.0000
main	excl_pollute10	6	64	2	26	1.0000
main	excl_pollute10	6	64	2	27	1.0000
main	excl_pollute10	6	64	2	28	1.0000
main	excl_pollute10	6	64	2	29	1.0000
main	excl_pollute10	6	64	2	30	1.0000
main	excl_pollute10	6	64	2	31	1.0000
main	excl_pollute10	6	64	2	32	1.0000
main	excl_pollute10	6	64	2	33	1.0000
main	excl_pollute10	6	64	2	34	1.0000
main	excl_pollute10	6	64	2	35	1.0000
main	excl_pollute10	6	64	2	36	1.0000
main	excl_pollute10	6	64	2	37	1.0000
main	excl_pollute10	6	64	2	38	1.0000
main	excl_pollute10	6	64	2	39	1.0000
main	excl_pollute10	6	64	2	40	1.0000
main	excl_pollute10	6	64	2	41	1.0000
main	excl_pollute10	6	64	2	42	1.0000
main	excl_pollute10	6	64	2	43	1.0000
main	excl_pollute10	6	64	2	44	1.0000
main	excl_pollute10	6	64	2	45	1.0000
main	excl_pollute10	6	64	2	46	1.0000
main	excl_pollute10	6	64	2	47	1.0000
main	excl_pollute10	6	64	2	48	1.0000
main	excl_pollute10	6	64	2	49	1.0000
main	excl_pollute10	6	64	2	50	1.0000
main	excl_pollute10	6	64	2	51	1.0000
main	excl_pollute10	6	64	2	52	1.0000
main	excl_pollute10	6	64	2	53	1.0000
main	excl_pollute10	6	64	2	54	1.0000
main	excl_pollute10	6	64	2	55	1.0000
main	excl_pollute10	6	64	2	56	1.0000
main	excl_pollute10	6	64	2	57	1.0000
main	excl_pollute10	6	64	2	58	1.0000
main	excl_pollute10	6	64	2	59	1.0000
main	excl_pollute10	6	64	2	60	1.0000
main	excl_pollute10	7	64	2	1	0.0100
main	excl_pollute10	7	64	2	2	0.5877
main	excl_pollute10	7	64	2	3	0.5877
main	excl_pollute10	7	64	2	4	0.5877
main	excl_pollute10	7	64	2	5	0.5877
main	excl_pollute10	7	64	2	6	0.5877
main	excl_pollute10	7	64	2	7	0.5941
main	excl_pollute10	7	64	2	8	0.7215
main	excl_pollute10	7	64	2	9	0.7294
main	excl_pollute10	7	64	2	10	0.7695
main	excl_pollute10	7	64	2	11	0.8325
main	excl_pollute10	7	64	2	12	0.8690
main	excl_pollute10	7	64	2	13	0.9084
main	excl_pollute10	7	64	2	14	0.9707
main	excl_pollute10	7	64	2	15	0.9771
main	excl_pollute10	7	64	2	16	0.9771
main	excl_pollute10	7	64	2	17	0.9771
main	excl_pollute10	7	64	2	18	0.9993
main	excl_pollute10	7	64	2	19	1.0000
main	excl_pollute10	7	64	2	20	1.0000
main	excl_pollute10	7	64	2	21	1.0000
main	excl_pollute10	7	64	2	22	1.0000
main	excl_pollute10	7	64	2	23	1.0000
main	excl_pollute10	7	64	2	24	1.0000
main	excl_pollute10	7	64	2	25	1.0000
main	excl_pollute10	7	64	2	26	1.0000
main	excl_pollute10	7	64	2	27	1.0000
main	excl_pollute10	7	64	2	28	1.0000
main	excl_pollute10	7	64	2	29	1.0000
main	excl_pollute10	7	64	2	30	1.0000
main	excl_pollute10	7	64	2	31	1.0000
main	excl_pollute10	7	64	2	32	1.0000
main	excl_pollute10	7	64	2	33	1.0000
main	excl_pollute10	7	64	2	34	1.0000
main	excl_pollute10	7	64	2	35	1.0000
main	excl_pollute10	7	64	2	36	1.0000
main	excl_pollute10	7	64	2	37	1.0000
main	excl_pollute10	7	64	2	38	1.0000
main	excl_pollute10	7	64	2	39	1.0000
main	excl_pollute10	7	64	2	40	1.0000
main	excl_pollute10	7	64	2	41	1.0000
main	excl_pollute10	7	64	2	42	1.0000
main	excl_pollute10	7	64	2	43	1.0000
main	excl_pollute10	7	64	2	44	1.0000
main	excl_pollute10	7	64	2	45	1.0000
main	excl_pollute10	7	64	2	46	1.0000
main	excl_pollute10	7	64	2	47	1.0000
main	excl_pollute10	7	64	2	48	1.0000
main	excl_pollute10	7	64	2	49	1.0000
main	excl_pollute10	7	64	2	50	1.0000
main	excl_pollute10	7	64	2	51	1.0000
main	excl_pollute10	7	64	2	52	1.0000
main	excl_pollute10	7	64	2	53	1.0000
main	excl_pollute10	7	64	2	54	1.0000
main	excl_pollute10	7	64	2	55	1.0000
main	excl_pollute10	7	64	2	56	1.0000
main	excl_pollute10	7	64	2	57	1.0000
main	excl_pollute10	7	64	2	58	1.0000
main	excl_pollute10	7	64	2	59	1.0000
main	excl_pollute10	7	64	2	60	1.0000
main	excl_pollute10	8	64	2	1	0.0000
main	excl_pollute10	8	64	2	2	0.4710
main	excl_pollute10	8	64	2	3	0.5154
main	excl_pollute10	8	64	2	4	0.6070
main	excl_pollute10	8	64	2	5	0.6135
main	excl_pollute10	8	64	2	6	0.6872
main	excl_pollute10	8	64	2	7	0.7394
main	excl_pollute10	8	64	2	8	0.9062
main	excl_pollute10	8	64	2	9	0.9084
main	excl_pollute10	8	64	2	10	0.9084
main	excl_pollute10	8	64	2	11	0.9084
main	excl_pollute10	8	64	2	12	0.9084
main	excl_pollute10	8	64	2	13	0.9313
main	excl_pollute10	8	64	2	14	0.9356
main	excl_pollute10	8	64	2	15	0.9435
main	excl_pollute10	8	64	2	16	0.9520
main	excl_pollute10	8	64	2	17	0.9542
main	excl_pollute10	8	64	2	18	0.9685
main	excl_pollute10	8	64	2	19	0.9957
main	excl_pollute10	8	64	2	20	1.0000
main	excl_pollute10	8	64	2	21	1.0000
main	excl_pollute10	8	64	2	22	1.0000
main	excl_pollute10	8	64	2	23	1.0000
main	excl_pollute10	8	64	2	24	1.0000
main	excl_pollute10	8	64	2	25	1.0000
main	excl_pollute10	8	64	2	26	1.0000
main	excl_pollute10	8	64	2	27	1.0000
main	excl_pollute10	8	64	2	28	1.0000
main	excl_pollute10	8	64	2	29	1.0000
main	excl_pollute10	8	64	2	30	1.0000
main	excl_pollute10	8	64	2	31	1.0000
main	excl_pollute10	8	64	2	32	1.0000
main	excl_pollute10	8	64	2	33	1.0000
main	excl_pollute10	8	64	2	34	1.0000
main	excl_pollute10	8	64	2	35	1.0000
main	excl_pollute10	8	64	2	36	1.0000
main	excl_pollute10	8	64	2	37	1.0000
main	excl_pollute10	8	64	2	38	1.0000
main	excl_pollute10	8	64	2	39	1.0000
main	excl_pollute10	8	64	2	40	1.0000
main	excl_pollute10	8	64	2	41	1.0000
main	excl_pollute10	8	64	2	42	1.0000
main	excl_pollute10	8	64	2	43	1.0000
main	excl_pollute10	8	64	2	44	1.0000
main	excl_pollute10	8	64	2	45	1.0000
main	excl_pollute10	8	64	2	46	1.0000
main	excl_pollute10	8	64	2	47	1.0000
main	excl_pollute10	8	64	2	48	1.0000
main	excl_pollute10	8	64	2	49	1.0000
main	excl_pollute10	8	64	2	50	1.0000
main	excl_pollute10	8	64	2	51	1.0000
main	excl_pollute10	8	64	2	52	1.0000
main	excl_pollute10	8	64	2	53	1.0000
main	excl_pollute10	8	64	2	54	1.0000
main	excl_pollute10	8	64	2	55	1.0000
main	excl_pollute10	8	64	2	56	1.0000
main	excl_pollute10	8	64	2	57	1.0000
main	excl_pollute10	8	64	2	58	1.0000
main	excl_pollute10	8	64	2	59	1.0000
main	excl_pollute10	8	64	2	60	1.0000
main	excl_pollute10	9	64	2	1	0.0014
main	excl_pollute10	9	64	2	2	0.5605
main	excl_pollute10	9	64	2	3	0.5612
main	excl_pollute10	9	64	2	4	0.5612
main	excl_pollute10	9	64	2	5	0.6328
main	excl_pollute10	9	64	2	6	0.8783
main	excl_pollute10	9	64	2	7	0.9084
main	excl_pollute10	9	64	2	8	0.9084
main	excl_pollute10	9	64	2	9	0.9105
main	excl_pollute10	9	64	2	10	0.9456
main	excl_pollute10	9	64	2	11	0.9542
main	excl_pollute10	9	64	2	12	0.9542
main	excl_pollute10	9	64	2	13	0.9563
main	excl_pollute10	9	64	2	14	0.9757
main	excl_pollute10	9	64	2	15	0.9792
main	excl_pollute10	9	64	2	16	0.9843
main	excl_pollute10	9	64	2	17	0.9936
main	excl_pollute10	9	64	2	18	1.0000
main	excl_pollute10	9	64	2	19	1.0000
main	excl_pollute10	9	64	2	20	1.0000
main	excl_pollute10	9	64	2	21	1.0000
main	excl_pollute10	9	64	2	22	1.0000
main	excl_pollute10	9	64	2	23	1.0000
main	excl_pollute10	9	64	2	24	1.0000
main	excl_pollute10	9	64	2	25	1.0000
main	excl_pollute10	9	64	2	26	1.0000
main	excl_pollute10	9	64	2	27	1.0000
main	excl_pollute10	9	64	2	28	1.0000
main	excl_pollute10	9	64	2	29	1.0000
main	excl_pollute10	9	64	2	30	1.0000
main	excl_pollute10	9	64	2	31	1.0000
main	excl_pollute10	9	64	2	32	1.0000
main	excl_pollute10	9	64	2	33	1.0000
main	excl_pollute10	9	64	2	34	1.0000
main	excl_pollute10	9	64	2	35	1.0000
main	excl_pollute10	9	64	2	36	1.0000
main	excl_pollute10	9	64	2	37	1.0000
main	excl_pollute10	9	64	2	38	1.0000
main	excl_pollute10	9	64	2	39	1.0000
main	excl_pollute10	9	64	2	40	1.0000
main	excl_pollute10	9	64	2	41	1.0000
main	excl_pollute10	9	64	2	42	1.0000
main	excl_pollute10	9	64	2	43	1.0000
main	excl_pollute10	9	64	2	44	1.0000
main	excl_pollute10	9	64	2	45	1.0000
main	excl_pollute10	9	64	2	46	1.0000
main	excl_pollute10	9	64	2	47	1.0000
main	excl_pollute10	9	64	2	48	1.0000
main	excl_pollute10	9	64	2	49	1.0000
main	excl_pollute10	9	64	2	50	1.0000
main	excl_pollute10	9	64	2	51	1.0000
main	excl_pollute10	9	64	2	52	1.0000
main	excl_pollute10	9	64	2	53	1.0000
main	excl_pollute10	9	64	2	54	1.0000
main	excl_pollute10	9	64	2	55	1.0000
main	excl_pollute10	9	64	2	56	1.0000
main	excl_pollute10	9	64	2	57	1.0000
main	excl_pollute10	9	64	2	58	1.0000
main	excl_pollute10	9	64	2	59	1.0000
main	excl_pollute10	9	64	2	60	1.0000
main	excl_pollute30	0	64	2	1	0.0000
main	excl_pollute30	0	64	2	2	0.0000
main	excl_pollute30	0	64	2	3	0.7186
main	excl_pollute30	0	64	2	4	0.7295
main	excl_pollute30	0	64	2	5	0.8333
main	excl_pollute30	0	64	2	6	0.8484
main	excl_pollute30	0	64	2	7	0.8659
main	excl_pollute30	0	64	2	8	0.9034
main	excl_pollute30	0	64	2	9	0.9203
main	excl_pollute30	0	64	2	10	0.9420
main	excl_pollute30	0	64	2	11	0.9420
main	excl_pollute30	0	64	2	12	0.9807
main	excl_pollute30	0	64	2	13	0.9807
main	excl_pollute30	0	64	2	14	1.0000
main	excl_pollute30	0	64	2	15	1.0000
main	excl_pollute30	0	64	2	16	1.0000
main	excl_pollute30	0	64	2	17	1.0000
main	excl_pollute30	0	64	2	18	1.0000
main	excl_pollute30	0	64	2	19	1.0000
main	excl_pollute30	0	64	2	20	1.0000
main	excl_pollute30	0	64	2	21	1.0000
main	excl_pollute30	0	64	2	22	1.0000
main	excl_pollute30	0	64	2	23	1.0000
main	excl_pollute30	0	64	2	24	1.0000
main	excl_pollute30	0	64	2	25	1.0000
main	excl_pollute30	0	64	2	26	1.0000
main	excl_pollute30	0	64	2	27	1.0000
main	excl_pollute30	0	64	2	28	1.0000
main	excl_pollute30	0	64	2	29	1.0000
main	excl_pollute30	0	64	2	30	1.0000
main	excl_pollute30	0	64	2	31	1.0000
main	excl_pollute30	0	64	2	32	1.0000
main	excl_pollute30	0	64	2	33	1.0000
main	excl_pollute30	0	64	2	34	1.0000
main	excl_pollute30	0	64	2	35	1.0000
main	excl_pollute30	0	64	2	36	1.0000
main	excl_pollute30	0	64	2	37	1.0000
main	excl_pollute30	0	64	2	38	1.0000
main	excl_pollute30	0	64	2	39	1.0000
main	excl_pollute30	0	64	2	40	1.0000
main	excl_pollute30	0	64	2	41	1.0000
main	excl_pollute30	0	64	2	42	1.0000
main	excl_pollute30	0	64	2	43	1.0000
main	excl_pollute30	0	64	2	44	1.0000
main	excl_pollute30	0	64	2	45	1.0000
main	excl_pollute30	0	64	2	46	1.0000
main	excl_pollute30	0	64	2	47	1.0000
main	excl_pollute30	0	64	2	48	1.0000
main	excl_pollute30	0	64	2	49	1.0000
main	excl_pollute30	0	64	2	50	1.0000
main	excl_pollute30	0	64	2	51	1.0000
main	excl_pollute30	0	64	2	52	1.0000
main	excl_pollute30	0	64	2	53	1.0000
main	excl_pollute30	0	64	2	54	1.0000
main	excl_pollute30	0	64	2	55	1.0000
main	excl_pollute30	0	64	2	56	1.0000
main	excl_pollute30	0	64	2	57	1.0000
main	excl_pollute30	0	64	2	58	1.0000
main	excl_pollute30	0	64	2	59	1.0000
main	excl_pollute30	0	64	2	60	1.0000
main	excl_pollute30	1	64	2	1	0.0930
main	excl_pollute30	1	64	2	2	0.4541
main	excl_pollute30	1	64	2	3	0.6715
main	excl_pollute30	1	64	2	4	0.6715
main	excl_pollute30	1	64	2	5	0.6606
main	excl_pollute30	1	64	2	6	0.6558
main	excl_pollute30	1	64	2	7	0.6576
main	excl_pollute30	1	64	2	8	0.8502
main	excl_pollute30	1	64	2	9	0.8623
main	excl_pollute30	1	64	2	10	0.8684
main	excl_pollute30	1	64	2	11	0.9010
main	excl_pollute30	1	64	2	12	0.9034
main	excl_pollute30	1	64	2	13	0.9396
main	excl_pollute30	1	64	2	14	0.9565
main	excl_pollute30	1	64	2	15	0.9734
main	excl_pollute30	1	64	2	16	0.9807
main	excl_pollute30	1	64	2	17	0.9807
main	excl_pollute30	1	64	2	18	0.9807
main	excl_pollute30	1	64	2	19	0.9807
main	excl_pollute30	1	64	2	20	1.0000
main	excl_pollute30	1	64	2	21	1.0000
main	excl_pollute30	1	64	2	22	1.0000
main	excl_pollute30	1	64	2	23	1.0000
main	excl_pollute30	1	64	2	24	1.0000
main	excl_pollute30	1	64	2	25	1.0000
main	excl_pollute30	1	64	2	26	1.0000
main	excl_pollute30	1	64	2	27	1.0000
main	excl_pollute30	1	64	2	28	1.0000
main	excl_pollute30	1	64	2	29	1.0000
main	excl_pollute30	1	64	2	30	1.0000
main	excl_pollute30	1	64	2	31	1.0000
main	excl_pollute30	1	64	2	32	1.0000
main	excl_pollute30	1	64	2	33	1.0000
main	excl_pollute30	1	64	2	34	1.0000
main	excl_pollute30	1	64	2	35	1.0000
main	excl_pollute30	1	64	2	36	1.0000
main	excl_pollute30	1	64	2	37	1.0000
main	excl_pollute30	1	64	2	38	1.0000
main	excl_pollute30	1	64	2	39	1.0000
main	excl_pollute30	1	64	2	40	1.0000
main	excl_pollute30	1	64	2	41	1.0000
main	excl_pollute30	1	64	2	42	1.0000
main	excl_pollute30	1	64	2	43	1.0000
main	excl_pollute30	1	64	2	44	1.0000
main	excl_pollute30	1	64	2	45	1.0000
main	excl_pollute30	1	64	2	46	1.0000
main	excl_pollute30	1	64	2	47	1.0000
main	excl_pollute30	1	64	2	48	1.0000
main	excl_pollute30	1	64	2	49	1.0000
main	excl_pollute30	1	64	2	50	1.0000
main	excl_pollute30	1	64	2	51	1.0000
main	excl_pollute30	1	64	2	52	1.0000
main	excl_pollute30	1	64	2	53	1.0000
main	excl_pollute30	1	64	2	54	1.0000
main	excl_pollute30	1	64	2	55	1.0000
main	excl_pollute30	1	64	2	56	1.0000
main	excl_pollute30	1	64	2	57	1.0000
main	excl_pollute30	1	64	2	58	1.0000
main	excl_pollute30	1	64	2	59	1.0000
main	excl_pollute30	1	64	2	60	1.0000
main	excl_pollute30	2	64	2	1	0.0000
main	excl_pollute30	2	64	2	2	0.4348
main	excl_pollute30	2	64	2	3	0.6522
main	excl_pollute30	2	64	2	4	0.7077
main	excl_pollute30	2	64	2	5	0.7295
main	excl_pollute30	2	64	2	6	0.7295
main	excl_pollute30	2	64	2	7	0.8454
main	excl_pollute30	2	64	2	8	0.8786
main	excl_pollute30	2	64	2	9	0.9209
main	excl_pollute30	2	64	2	10	0.9577
main	excl_pollute30	2	64	2	11	0.9644
main	excl_pollute30	2	64	2	12	0.9716
main	excl_pollute30	2	64	2	13	0.9789
main	excl_pollute30	2	64	2	14	0.9807
main	excl_pollute30	2	64	2	15	0.9807
main	excl_pollute30	2	64	2	16	0.9807
main	excl_pollute30	2	64	2	17	0.9807
main	excl_pollute30	2	64	2	18	0.9807
main	excl_pollute30	2	64	2	19	0.9807
main	excl_pollute30	2	64	2	20	0.9807
main	excl_pollute30	2	64	2	21	0.9807
main	excl_pollute30	2	64	2	22	0.9807
main	excl_pollute30	2	64	2	23	0.9807
main	excl_pollute30	2	64	2	24	0.9807
main	excl_pollute30	2	64	2	25	0.9807
main	excl_pollute30	2	64	2	26	0.9807
main	excl_pollute30	2	64	2	27	0.9807
main	excl_pollute30	2	64	2	28	0.9807
main	excl_pollute30	2	64	2	29	0.9807
main	excl_pollute30	2	64	2	30	0.9807
main	excl_pollute30	2	64	2	31	0.9807
main	excl_pollute30	2	64	2	32	0.9807
main	excl_pollute30	2	64	2	33	0.9807
main	excl_pollute30	2	64	2	34	0.9903
main	excl_pollute30	2	64	2	35	0.9994
main	excl_pollute30	2	64	2	36	0.9994
main	excl_pollute30	2	64	2	37	1.0000
main	excl_pollute30	2	64	2	38	1.0000
main	excl_pollute30	2	64	2	39	1.0000
main	excl_pollute30	2	64	2	40	1.0000
main	excl_pollute30	2	64	2	41	1.0000
main	excl_pollute30	2	64	2	42	1.0000
main	excl_pollute30	2	64	2	43	1.0000
main	excl_pollute30	2	64	2	44	1.0000
main	excl_pollute30	2	64	2	45	1.0000
main	excl_pollute30	2	64	2	46	1.0000
main	excl_pollute30	2	64	2	47	1.0000
main	excl_pollute30	2	64	2	48	1.0000
main	excl_pollute30	2	64	2	49	1.0000
main	excl_pollute30	2	64	2	50	1.0000
main	excl_pollute30	2	64	2	51	1.0000
main	excl_pollute30	2	64	2	52	1.0000
main	excl_pollute30	2	64	2	53	1.0000
main	excl_pollute30	2	64	2	54	1.0000
main	excl_pollute30	2	64	2	55	1.0000
main	excl_pollute30	2	64	2	56	1.0000
main	excl_pollute30	2	64	2	57	1.0000
main	excl_pollute30	2	64	2	58	1.0000
main	excl_pollute30	2	64	2	59	1.0000
main	excl_pollute30	2	64	2	60	1.0000
main	excl_pollute30	3	64	2	1	0.0000
main	excl_pollute30	3	64	2	2	0.3738
main	excl_pollute30	3	64	2	3	0.7681
main	excl_pollute30	3	64	2	4	0.8068
main	excl_pollute30	3	64	2	5	0.8068
main	excl_pollute30	3	64	2	6	0.8068
main	excl_pollute30	3	64	2	7	0.8068
main	excl_pollute30	3	64	2	8	0.8068
main	excl_pollute30	3	64	2	9	0.8164
main	excl_pollute30	3	64	2	10	0.9227
main	excl_pollute30	3	64	2	11	0.9324
main	excl_pollute30	3	64	2	12	0.9614
main	excl_pollute30	3	64	2	13	0.9614
main	excl_pollute30	3	64	2	14	0.9614
main	excl_pollute30	3	64	2	15	0.9771
main	excl_pollute30	3	64	2	16	0.9807
main	excl_pollute30	3	64	2	17	0.9807
main	excl_pollute30	3	64	2	18	0.9807
main	excl_pollute30	3	64	2	19	0.9807
main	excl_pollute30	3	64	2	20	0.9831
main	excl_pollute30	3	64	2	21	0.9909
main	excl_pollute30	3	64	2	22	0.9982
main	excl_pollute30	3	64	2	23	0.9994
main	excl_pollute30	3	64	2	24	0.9994
main	excl_pollute30	3	64	2	25	1.0000
main	excl_pollute30	3	64	2	26	1.0000
main	excl_pollute30	3	64	2	27	1.0000
main	excl_pollute30	3	64	2	28	1.0000
main	excl_pollute30	3	64	2	29	1.0000
main	excl_pollute30	3	64	2	30	1.0000
main	excl_pollute30	3	64	2	31	1.0000
main	excl_pollute30	3	64	2	32	1.0000
main	excl_pollute30	3	64	2	33	1.0000
main	excl_pollute30	3	64	2	34	1.0000
main	excl_pollute30	3	64	2	35	1.0000
main	excl_pollute30	3	64	2	36	1.0000
main	excl_pollute30	3	64	2	37	1.0000
main	excl_pollute30	3	64	2	38	1.0000
main	excl_pollute30	3	64	2	39	1.0000
main	excl_pollute30	3	64	2	40	1.0000
main	excl_pollute30	3	64	2	41	1.0000
main	excl_pollute30	3	64	2	42	1.0000
main	excl_pollute30	3	64	2	43	1.0000
main	excl_pollute30	3	64	2	44	1.0000
main	excl_pollute30	3	64	2	45	1.0000
main	excl_pollute30	3	64	2	46	1.0000
main	excl_pollute30	3	64	2	47	1.0000
main	excl_pollute30	3	64	2	48	1.0000
main	excl_pollute30	3	64	2	49	1.0000
main	excl_pollute30	3	64	2	50	1.0000
main	excl_pollute30	3	64	2	51	1.0000
main	excl_pollute30	3	64	2	52	1.0000
main	excl_pollute30	3	64	2	53	1.0000
main	excl_pollute30	3	64	2	54	1.0000
main	excl_pollute30	3	64	2	55	1.0000
main	excl_pollute30	3	64	2	56	1.0000
main	excl_pollute30	3	64	2	57	1.0000
main	excl_pollute30	3	64	2	58	1.0000
main	excl_pollute30	3	64	2	59	1.0000
main	excl_pollute30	3	64	2	60	1.0000
main	excl_pollute30	4	64	2	1	0.1159
main	excl_pollute30	4	64	2	2	0.5658
main	excl_pollute30	4	64	2	3	0.7681
main	excl_pollute30	4	64	2	4	0.8478
main	excl_pollute30	4	64	2	5	0.8551
main	excl_pollute30	4	64	2	6	0.8678
main	excl_pollute30	4	64	2	7	0.8901
main	excl_pollute30	4	64	2	8	0.8979
main	excl_pollute30	4	64	2	9	0.9034
main	excl_pollute30	4	64	2	10	0.9034
main	excl_pollute30	4	64	2	11	0.9034
main	excl_pollute30	4	64	2	12	0.9034
main	excl_pollute30	4	64	2	13	0.9064
main	excl_pollute30	4	64	2	14	0.9414
main	excl_pollute30	4	64	2	15	0.9420
main	excl_pollute30	4	64	2	16	0.9420
main	excl_pollute30	4	64	2	17	0.9426
main	excl_pollute30	4	64	2	18	0.9426
main	excl_pollute30	4	64	2	19	0.9614
main	excl_pollute30	4	64	2	20	0.9614
main	excl_pollute30	4	64	2	21	0.9656
main	excl_pollute30	4	64	2	22	0.9891
main	excl_pollute30	4	64	2	23	1.0000
main	excl_pollute30	4	64	2	24	1.0000
main	excl_pollute30	4	64	2	25	1.0000
main	excl_pollute30	4	64	2	26	1.0000
main	excl_pollute30	4	64	2	27	1.0000
main	excl_pollute30	4	64	2	28	1.0000
main	excl_pollute30	4	64	2	29	1.0000
main	excl_pollute30	4	64	2	30	1.0000
main	excl_pollute30	4	64	2	31	1.0000
main	excl_pollute30	4	64	2	32	1.0000
main	excl_pollute30	4	64	2	33	1.0000
main	excl_pollute30	4	64	2	34	1.0000
main	excl_pollute30	4	64	2	35	1.0000
main	excl_pollute30	4	64	2	36	1.0000
main	excl_pollute30	4	64	2	37	1.0000
main	excl_pollute30	4	64	2	38	1.0000
main	excl_pollute30	4	64	2	39	1.0000
main	excl_pollute30	4	64	2	40	1.0000
main	excl_pollute30	4	64	2	41	1.0000
main	excl_pollute30	4	64	2	42	1.0000
main	excl_pollute30	4	64	2	43	1.0000
main	excl_pollute30	4	64	2	44	1.0000
main	excl_pollute30	4	64	2	45	1.0000
main	excl_pollute30	4	64	2	46	1.0000
main	excl_pollute30	4	64	2	47	1.0000
main	excl_pollute30	4	64	2	48	1.0000
main	excl_pollute30	4	64	2	49	1.0000
main	excl_pollute30	4	64	2	50	1.0000
main	excl_pollute30	4	64	2	51	1.0000
main	excl_pollute30	4	64	2	52	1.0000
main	excl_pollute30	4	64	2	53	1.0000
main	excl_pollute30	4	64	2	54	1.0000
main	excl_pollute30	4	64	2	55	1.0000
main	excl_pollute30	4	64	2	56	1.0000
main	excl_pollute30	4	64	2	57	1.0000
main	excl_pollute30	4	64	2	58	1.0000
main	excl_pollute30	4	64	2	59	1.0000
main	excl_pollute30	4	64	2	60	1.0000
main	excl_pollute30	5	64	2	1	0.0000
main	excl_pollute30	5	64	2	2	0.4903
main	excl_pollute30	5	64	2	3	0.6208
main	excl_pollute30	5	64	2	4	0.8454
main	excl_pollute30	5	64	2	5	0.8454
main	excl_pollute30	5	64	2	6	0.8454
main	excl_pollute30	5	64	2	7	0.9227
main	excl_pollute30	5	64	2	8	0.9420
main	excl_pollute30	5	64	2	9	0.9420
main	excl_pollute30	5	64	2	10	0.9420
main	excl_pollute30	5	64	2	11	0.9807
main	excl_pollute30	5	64	2	12	1.0000
main	excl_pollute30	5	64	2	13	1.0000
main	excl_pollute30	5	64	2	14	1.0000
main	excl_pollute30	5	64	2	15	1.0000
main	excl_pollute30	5	64	2	16	1.0000
main	excl_pollute30	5	64	2	17	1.0000
main	excl_pollute30	5	64	2	18	1.0000
main	excl_pollute30	5	64	2	19	1.0000
main	excl_pollute30	5	64	2	20	1.0000
main	excl_pollute30	5	64	2	21	1.0000
main	excl_pollute30	5	64	2	22	1.0000
main	excl_pollute30	5	64	2	23	1.0000
main	excl_pollute30	5	64	2	24	1.0000
main	excl_pollute30	5	64	2	25	1.0000
main	excl_pollute30	5	64	2	26	1.0000
main	excl_pollute30	5	64	2	27	1.0000
main	excl_pollute30	5	64	2	28	1.0000
main	excl_pollute30	5	64	2	29	1.0000
main	excl_pollute30	5	64	2	30	1.0000
main	excl_pollute30	5	64	2	31	1.0000
main	excl_pollute30	5	64	2	32	1.0000
main	excl_pollute30	5	64	2	33	1.0000
main	excl_pollute30	5	64	2	34	1.0000
main	excl_pollute30	5	64	2	35	1.0000
main	excl_pollute30	5	64	2	36	1.0000
main	excl_pollute30	5	64	2	37	1.0000
main	excl_pollute30	5	64	2	38	1.0000
main	excl_pollute30	5	64	2	39	1.0000
main	excl_pollute30	5	64	2	40	1.0000
main	excl_pollute30	5	64	2	41	1.0000
main	excl_pollute30	5	64	2	42	1.0000
main	excl_pollute30	5	64	2	43	1.0000
main	excl_pollute30	5	64	2	44	1.0000
main	excl_pollute30	5	64	2	45	1.0000
main	excl_pollute30	5	64	2	46	1.0000
main	excl_pollute30	5	64	2	47	1.0000
main	excl_pollute30	5	64	2	48	1.0000
main	excl_pollute30	5	64	2	49	1.0000
main	excl_pollute30	5	64	2	50	1.0000
main	excl_pollute30	5	64	2	51	1.0000
main	excl_pollute30	5	64	2	52	1.0000
main	excl_pollute30	5	64	2	53	1.0000
main	excl_pollute30	5	64	2	54	1.0000
main	excl_pollute30	5	64	2	55	1.0000
main	excl_pollute30	5	64	2	56	1.0000
main	excl_pollute30	5	64	2	57	1.0000
main	excl_pollute30	5	64	2	58	1.0000
main	excl_pollute30	5	64	2	59	1.0000
main	excl_pollute30	5	64	2	60	1.0000
main	excl_pollute30	6	64	2	1	0.4348
main	excl_pollute30	6	64	2	2	0.6510
main	excl_pollute30	6	64	2	3	0.6522
main	excl_pollute30	6	64	2	4	0.6812
main	excl_pollute30	6	64	2	5	0.6908
main	excl_pollute30	6	64	2	6	0.6908
main	excl_pollute30	6	64	2	7	0.6908
main	excl_pollute30	6	64	2	8	0.6908
main	excl_pollute30	6	64	2	9	0.6932
main	excl_pollute30	6	64	2	10	0.7464
main	excl_pollute30	6	64	2	11	0.8973
main	excl_pollute30	6	64	2	12	0.9215
main	excl_pollute30	6	64	2	13	0.9257
main	excl_pollute30	6	64	2	14	0.9390
main	excl_pollute30	6	64	2	15	0.9589
main	excl_pollute30	6	64	2	16	0.9777
main	excl_pollute30	6	64	2	17	0.9819
main	excl_pollute30	6	64	2	18	0.9843
main	excl_pollute30	6	64	2	19	0.9891
main	excl_pollute30	6	64	2	20	0.9909
main	excl_pollute30	6	64	2	21	0.9964
main	excl_pollute30	6	64	2	22	1.0000
main	excl_pollute30	6	64	2	23	1.0000
main	excl_pollute30	6	64	2	24	1.0000
main	excl_pollute30	6	64	2	25	1.0000
main	excl_pollute30	6	64	2	26	1.0000
main	excl_pollute30	6	64	2	27	1.0000
main	excl_pollute30	6	64	2	28	1.0000
main	excl_pollute30	6	64	2	29	1.0000
main	excl_pollute30	6	64	2	30	1.0000
main	excl_pollute30	6	64	2	31	1.0000
main	excl_pollute30	6	64	2	32	1.0000
main	excl_pollute30	6	64	2	33	1.0000
main	excl_pollute30	6	64	2	34	1.0000
main	excl_pollute30	6	64	2	35	1.0000
main	excl_pollute30	6	64	2	36	1.0000
main	excl_pollute30	6	64	2	37	1.0000
main	excl_pollute30	6	64	2	38	1.0000
main	excl_pollute30	6	64	2	39	1.0000
main	excl_pollute30	6	64	2	40	1.0000
main	excl_pollute30	6	64	2	41	1.0000
main	excl_pollute30	6	64	2	42	1.0000
main	excl_pollute30	6	64	2	43	1.0000
main	excl_pollute30	6	64	2	44	1.0000
main	excl_pollute30	6	64	2	45	1.0000
main	excl_pollute30	6	64	2	46	1.0000
main	excl_pollute30	6	64	2	47	1.0000
main	excl_pollute30	6	64	2	48	1.0000
main	excl_pollute30	6	64	2	49	1.0000
main	excl_pollute30	6	64	2	50	1.0000
main	excl_pollute30	6	64	2	51	1.0000
main	excl_pollute30	6	64	2	52	1.0000
main	excl_pollute30	6	64	2	53	1.0000
main	excl_pollute30	6	64	2	54	1.0000
main	excl_pollute30	6	64	2	55	1.0000
main	excl_pollute30	6	64	2	56	1.0000
main	excl_pollute30	6	64	2	57	1.0000
main	excl_pollute30	6	64	2	58	1.0000
main	excl_pollute30	6	64	2	59	1.0000
main	excl_pollute30	6	64	2	60	1.0000
main	excl_pollute30	7	64	2	1	0.2174
main	excl_pollute30	7	64	2	2	0.6522
main	excl_pollute30	7	64	2	3	0.6522
main	excl_pollute30	7	64	2	4	0.6522
main	excl_pollute30	7	64	2	5	0.6522
main	excl_pollute30	7	64	2	6	0.6522
main	excl_pollute30	7	64	2	7	0.6830
main	excl_pollute30	7	64	2	8	0.7645
main	excl_pollute30	7	64	2	9	0.7681
main	excl_pollute30	7	64	2	10	0.7705
main	excl_pollute30	7	64	2	11	0.8176
main	excl_pollute30	7	64	2	12	0.8804
main	excl_pollute30	7	64	2	13	0.8986
main	excl_pollute30	7	64	2	14	0.9444
main	excl_pollute30	7	64	2	15	0.9692
main	excl_pollute30	7	64	2	16	0.9807
main	excl_pollute30	7	64	2	17	0.9807
main	excl_pollute30	7	64	2	18	0.9807
main	excl_pollute30	7	64	2	19	0.9807
main	excl_pollute30	7	64	2	20	0.9807
main	excl_pollute30	7	64	2	21	0.9994
main	excl_pollute30	7	64	2	22	1.0000
main	excl_pollute30	7	64	2	23	1.0000
main	excl_pollute30	7	64	2	24	1.0000
main	excl_pollute30	7	64	2	25	1.0000
main	excl_pollute30	7	64	2	26	1.0000
main	excl_pollute30	7	64	2	27	1.0000
main	excl_pollute30	7	64	2	28	1.0000
main	excl_pollute30	7	64	2	29	1.0000
main	excl_pollute30	7	64	2	30	1.0000
main	excl_pollute30	7	64	2	31	1.0000
main	excl_pollute30	7	64	2	32	1.0000
main	excl_pollute30	7	64	2	33	1.0000
main	excl_pollute30	7	64	2	34	1.0000
main	excl_pollute30	7	64	2	35	1.0000
main	excl_pollute30	7	64	2	36	1.0000
main	excl_pollute30	7	64	2	37	1.0000
main	excl_pollute30	7	64	2	38	1.0000
main	excl_pollute30	7	64	2	39	1.0000
main	excl_pollute30	7	64	2	40	1.0000
main	excl_pollute30	7	64	2	41	1.0000
main	excl_pollute30	7	64	2	42	1.0000
main	excl_pollute30	7	64	2	43	1.0000
main	excl_pollute30	7	64	2	44	1.0000
main	excl_pollute30	7	64	2	45	1.0000
main	excl_pollute30	7	64	2	46	1.0000
main	excl_pollute30	7	64	2	47	1.0000
main	excl_pollute30	7	64	2	48	1.0000
main	excl_pollute30	7	64	2	49	1.0000
main	excl_pollute30	7	64	2	50	1.0000
main	excl_pollute30	7	64	2	51	1.0000
main	excl_pollute30	7	64	2	52	1.0000
main	excl_pollute30	7	64	2	53	1.0000
main	excl_pollute30	7	64	2	54	1.0000
main	excl_pollute30	7	64	2	55	1.0000
main	excl_pollute30	7	64	2	56	1.0000
main	excl_pollute30	7	64	2	57	1.0000
main	excl_pollute30	7	64	2	58	1.0000
main	excl_pollute30	7	64	2	59	1.0000
main	excl_pollute30	7	64	2	60	1.0000
main	excl_pollute30	8	64	2	1	0.0000
main	excl_pollute30	8	64	2	2	0.0326
main	excl_pollute30	8	64	2	3	0.5429
main	excl_pollute30	8	64	2	4	0.7271
main	excl_pollute30	8	64	2	5	0.7295
main	excl_pollute30	8	64	2	6	0.7295
main	excl_pollute30	8	64	2	7	0.7313
main	excl_pollute30	8	64	2	8	0.9058
main	excl_pollute30	8	64	2	9	0.9227
main	excl_pollute30	8	64	2	10	0.9227
main	excl_pollute30	8	64	2	11	0.9227
main	excl_pollute30	8	64	2	12	0.9227
main	excl_pollute30	8	64	2	13	0.9227
main	excl_pollute30	8	64	2	14	0.9233
main	excl_pollute30	8	64	2	15	0.9457
main	excl_pollute30	8	64	2	16	0.9505
main	excl_pollute30	8	64	2	17	0.9559
main	excl_pollute30	8	64	2	18	0.9614
main	excl_pollute30	8	64	2	19	0.9614
main	excl_pollute30	8	64	2	20	0.9614
main	excl_pollute30	8	64	2	21	0.9903
main	excl_pollute30	8	64	2	22	1.0000
main	excl_pollute30	8	64	2	23	1.0000
main	excl_pollute30	8	64	2	24	1.0000
main	excl_pollute30	8	64	2	25	1.0000
main	excl_pollute30	8	64	2	26	1.0000
main	excl_pollute30	8	64	2	27	1.0000
main	excl_pollute30	8	64	2	28	1.0000
main	excl_pollute30	8	64	2	29	1.0000
main	excl_pollute30	8	64	2	30	1.0000
main	excl_pollute30	8	64	2	31	1.0000
main	excl_pollute30	8	64	2	32	1.0000
main	excl_pollute30	8	64	2	33	1.0000
main	excl_pollute30	8	64	2	34	1.0000
main	excl_pollute30	8	64	2	35	1.0000
main	excl_pollute30	8	64	2	36	1.0000
main	excl_pollute30	8	64	2	37	1.0000
main	excl_pollute30	8	64	2	38	1.0000
main	excl_pollute30	8	64	2	39	1.0000
main	excl_pollute30	8	64	2	40	1.0000
main	excl_pollute30	8	64	2	41	1.0000
main	excl_pollute30	8	64	2	42	1.0000
main	excl_pollute30	8	64	2	43	1.0000
main	excl_pollute30	8	64	2	44	1.0000
main	excl_pollute30	8	64	2	45	1.0000
main	excl_pollute30	8	64	2	46	1.0000
main	excl_pollute30	8	64	2	47	1.0000
main	excl_pollute30	8	64	2	48	1.0000
main	excl_pollute30	8	64	2	49	1.0000
main	excl_pollute30	8	64	2	50	1.0000
main	excl_pollute30	8	64	2	51	1.0000
main	excl_pollute30	8	64	2	52	1.0000
main	excl_pollute30	8	64	2	53	1.0000
main	excl_pollute30	8	64	2	54	1.0000
main	excl_pollute30	8	64	2	55	1.0000
main	excl_pollute30	8	64	2	56	1.0000
main	excl_pollute30	8	64	2	57	1.0000
main	excl_pollute30	8	64	2	58	1.0000
main	excl_pollute30	8	64	2	59	1.0000
main	excl_pollute30	8	64	2	60	1.0000
main	excl_pollute30	9	64	2	1	0.0000
main	excl_pollute30	9	64	2	2	0.5779
main	excl_pollute30	9	64	2	3	0.6908
main	excl_pollute30	9	64	2	4	0.6908
main	excl_pollute30	9	64	2	5	0.6908
main	excl_pollute30	9	64	2	6	0.6896
main	excl_pollute30	9	64	2	7	0.8641
main	excl_pollute30	9	64	2	8	0.9221
main	excl_pollute30	9	64	2	9	0.9227
main	excl_pollute30	9	64	2	10	0.9227
main	excl_pollute30	9	64	2	11	0.9227
main	excl_pollute30	9	64	2	12	0.9227
main	excl_pollute30	9	64	2	13	0.9614
main	excl_pollute30	9	64	2	14	0.9614
main	excl_pollute30	9	64	2	15	0.9614
main	excl_pollute30	9	64	2	16	0.9716
main	excl_pollute30	9	64	2	17	0.9801
main	excl_pollute30	9	64	2	18	0.9861
main	excl_pollute30	9	64	2	19	0.9964
main	excl_pollute30	9	64	2	20	1.0000
main	excl_pollute30	9	64	2	21	1.0000
main	excl_pollute30	9	64	2	22	1.0000
main	excl_pollute30	9	64	2	23	1.0000
main	excl_pollute30	9	64	2	24	1.0000
main	excl_pollute30	9	64	2	25	1.0000
main	excl_pollute30	9	64	2	26	1.0000
main	excl_pollute30	9	64	2	27	1.0000
main	excl_pollute30	9	64	2	28	1.0000
main	excl_pollute30	9	64	2	29	1.0000
main	excl_pollute30	9	64	2	30	1.0000
main	excl_pollute30	9	64	2	31	1.0000
main	excl_pollute30	9	64	2	32	1.0000
main	excl_pollute30	9	64	2	33	1.0000
main	excl_pollute30	9	64	2	34	1.0000
main	excl_pollute30	9	64	2	35	1.0000
main	excl_pollute30	9	64	2	36	1.0000
main	excl_pollute30	9	64	2	37	1.0000
main	excl_pollute30	9	64	2	38	1.0000
main	excl_pollute30	9	64	2	39	1.0000
main	excl_pollute30	9	64	2	40	1.0000
main	excl_pollute30	9	64	2	41	1.0000
main	excl_pollute30	9	64	2	42	1.0000
main	excl_pollute30	9	64	2	43	1.0000
main	excl_pollute30	9	64	2	44	1.0000
main	excl_pollute30	9	64	2	45	1.0000
main	excl_pollute30	9	64	2	46	1.0000
main	excl_pollute30	9	64	2	47	1.0000
main	excl_pollute30	9	64	2	48	1.0000
main	excl_pollute30	9	64	2	49	1.0000
main	excl_pollute30	9	64	2	50	1.0000
main	excl_pollute30	9	64	2	51	1.0000
main	excl_pollute30	9	64	2	52	1.0000
main	excl_pollute30	9	64	2	53	1.0000
main	excl_pollute30	9	64	2	54	1.0000
main	excl_pollute30	9	64	2	55	1.0000
main	excl_pollute30	9	64	2	56	1.0000
main	excl_pollute30	9	64	2	57	1.0000
main	excl_pollute30	9	64	2	58	1.0000
main	excl_pollute30	9	64	2	59	1.0000
main	excl_pollute30	9	64	2	60	1.0000
main	canc_1side	0	64	2	1	0.0000
main	canc_1side	0	64	2	2	0.2731
main	canc_1side	0	64	2	3	0.6705
main	canc_1side	0	64	2	4	0.7145
main	canc_1side	0	64	2	5	0.7160
main	canc_1side	0	64	2	6	0.7215
main	canc_1side	0	64	2	7	0.7361
main	canc_1side	0	64	2	8	0.7770
main	canc_1side	0	64	2	9	0.8349
main	canc_1side	0	64	2	10	0.8927
main	canc_1side	0	64	2	11	0.9545
main	canc_1side	0	64	2	12	0.9753
main	canc_1side	0	64	2	13	0.9753
main	canc_1side	0	64	2	14	0.9907
main	canc_1side	0	64	2	15	1.0000
main	canc_1side	0	64	2	16	1.0000
main	canc_1side	0	64	2	17	1.0000
main	canc_1side	0	64	2	18	1.0000
main	canc_1side	0	64	2	19	1.0000
main	canc_1side	0	64	2	20	1.0000
main	canc_1side	0	64	2	21	1.0000
main	canc_1side	0	64	2	22	1.0000
main	canc_1side	0	64	2	23	1.0000
main	canc_1side	0	64	2	24	1.0000
main	canc_1side	0	64	2	25	1.0000
main	canc_1side	0	64	2	26	1.0000
main	canc_1side	0	64	2	27	1.0000
main	canc_1side	0	64	2	28	1.0000
main	canc_1side	0	64	2	29	1.0000
main	canc_1side	0	64	2	30	1.0000
main	canc_1side	0	64	2	31	1.0000
main	canc_1side	0	64	2	32	1.0000
main	canc_1side	0	64	2	33	1.0000
main	canc_1side	0	64	2	34	1.0000
main	canc_1side	0	64	2	35	1.0000
main	canc_1side	0	64	2	36	1.0000
main	canc_1side	0	64	2	37	1.0000
main	canc_1side	0	64	2	38	1.0000
main	canc_1side	0	64	2	39	1.0000
main	canc_1side	0	64	2	40	1.0000
main	canc_1side	0	64	2	41	1.0000
main	canc_1side	0	64	2	42	1.0000
main	canc_1side	0	64	2	43	1.0000
main	canc_1side	0	64	2	44	1.0000
main	canc_1side	0	64	2	45	1.0000
main	canc_1side	0	64	2	46	1.0000
main	canc_1side	0	64	2	47	1.0000
main	canc_1side	0	64	2	48	1.0000
main	canc_1side	0	64	2	49	1.0000
main	canc_1side	0	64	2	50	1.0000
main	canc_1side	0	64	2	51	1.0000
main	canc_1side	0	64	2	52	1.0000
main	canc_1side	0	64	2	53	1.0000
main	canc_1side	0	64	2	54	1.0000
main	canc_1side	0	64	2	55	1.0000
main	canc_1side	0	64	2	56	1.0000
main	canc_1side	0	64	2	57	1.0000
main	canc_1side	0	64	2	58	1.0000
main	canc_1side	0	64	2	59	1.0000
main	canc_1side	0	64	2	60	1.0000
main	canc_1side	1	64	2	1	0.0679
main	canc_1side	1	64	2	2	0.5802
main	canc_1side	1	64	2	3	0.5802
main	canc_1side	1	64	2	4	0.5633
main	canc_1side	1	64	2	5	0.5602
main	canc_1side	1	64	2	6	0.5610
main	canc_1side	1	64	2	7	0.6906
main	canc_1side	1	64	2	8	0.8133
main	canc_1side	1	64	2	9	0.8256
main	canc_1side	1	64	2	10	0.8519
main	canc_1side	1	64	2	11	0.9475
main	canc_1side	1	64	2	12	0.9637
main	canc_1side	1	64	2	13	0.9753
main	canc_1side	1	64	2	14	0.9776
main	canc_1side	1	64	2	15	0.9830
main	canc_1side	1	64	2	16	0.9907
main	canc_1side	1	64	2	17	1.0000
main	canc_1side	1	64	2	18	1.0000
main	canc_1side	1	64	2	19	1.0000
main	canc_1side	1	64	2	20	1.0000
main	canc_1side	1	64	2	21	1.0000
main	canc_1side	1	64	2	22	1.0000
main	canc_1side	1	64	2	23	1.0000
main	canc_1side	1	64	2	24	1.0000
main	canc_1side	1	64	2	25	1.0000
main	canc_1side	1	64	2	26	1.0000
main	canc_1side	1	64	2	27	1.0000
main	canc_1side	1	64	2	28	1.0000
main	canc_1side	1	64	2	29	1.0000
main	canc_1side	1	64	2	30	1.0000
main	canc_1side	1	64	2	31	1.0000
main	canc_1side	1	64	2	32	1.0000
main	canc_1side	1	64	2	33	1.0000
main	canc_1side	1	64	2	34	1.0000
main	canc_1side	1	64	2	35	1.0000
main	canc_1side	1	64	2	36	1.0000
main	canc_1side	1	64	2	37	1.0000
main	canc_1side	1	64	2	38	1.0000
main	canc_1side	1	64	2	39	1.0000
main	canc_1side	1	64	2	40	1.0000
main	canc_1side	1	64	2	41	1.0000
main	canc_1side	1	64	2	42	1.0000
main	canc_1side	1	64	2	43	1.0000
main	canc_1side	1	64	2	44	1.0000
main	canc_1side	1	64	2	45	1.0000
main	canc_1side	1	64	2	46	1.0000
main	canc_1side	1	64	2	47	1.0000
main	canc_1side	1	64	2	48	1.0000
main	canc_1side	1	64	2	49	1.0000
main	canc_1side	1	64	2	50	1.0000
main	canc_1side	1	64	2	51	1.0000
main	canc_1side	1	64	2	52	1.0000
main	canc_1side	1	64	2	53	1.0000
main	canc_1side	1	64	2	54	1.0000
main	canc_1side	1	64	2	55	1.0000
main	canc_1side	1	64	2	56	1.0000
main	canc_1side	1	64	2	57	1.0000
main	canc_1side	1	64	2	58	1.0000
main	canc_1side	1	64	2	59	1.0000
main	canc_1side	1	64	2	60	1.0000
main	canc_1side	2	64	2	1	0.0000
main	canc_1side	2	64	2	2	0.3719
main	canc_1side	2	64	2	3	0.5926
main	canc_1side	2	64	2	4	0.6682
main	canc_1side	2	64	2	5	0.6613
main	canc_1side	2	64	2	6	0.7647
main	canc_1side	2	64	2	7	0.8488
main	canc_1side	2	64	2	8	0.9205
main	canc_1side	2	64	2	9	0.9506
main	canc_1side	2	64	2	10	0.9506
main	canc_1side	2	64	2	11	0.9637
main	canc_1side	2	64	2	12	0.9753
main	canc_1side	2	64	2	13	0.9753
main	canc_1side	2	64	2	14	0.9799
main	canc_1side	2	64	2	15	0.9884
main	canc_1side	2	64	2	16	0.9954
main	canc_1side	2	64	2	17	1.0000
main	canc_1side	2	64	2	18	1.0000
main	canc_1side	2	64	2	19	1.0000
main	canc_1side	2	64	2	20	1.0000
main	canc_1side	2	64	2	21	1.0000
main	canc_1side	2	64	2	22	1.0000
main	canc_1side	2	64	2	23	1.0000
main	canc_1side	2	64	2	24	1.0000
main	canc_1side	2	64	2	25	1.0000
main	canc_1side	2	64	2	26	1.0000
main	canc_1side	2	64	2	27	1.0000
main	canc_1side	2	64	2	28	1.0000
main	canc_1side	2	64	2	29	1.0000
main	canc_1side	2	64	2	30	1.0000
main	canc_1side	2	64	2	31	1.0000
main	canc_1side	2	64	2	32	1.0000
main	canc_1side	2	64	2	33	1.0000
main	canc_1side	2	64	2	34	1.0000
main	canc_1side	2	64	2	35	1.0000
main	canc_1side	2	64	2	36	1.0000
main	canc_1side	2	64	2	37	1.0000
main	canc_1side	2	64	2	38	1.0000
main	canc_1side	2	64	2	39	1.0000
main	canc_1side	2	64	2	40	1.0000
main	canc_1side	2	64	2	41	1.0000
main	canc_1side	2	64	2	42	1.0000
main	canc_1side	2	64	2	43	1.0000
main	canc_1side	2	64	2	44	1.0000
main	canc_1side	2	64	2	45	1.0000
main	canc_1side	2	64	2	46	1.0000
main	canc_1side	2	64	2	47	1.0000
main	canc_1side	2	64	2	48	1.0000
main	canc_1side	2	64	2	49	1.0000
main	canc_1side	2	64	2	50	1.0000
main	canc_1side	2	64	2	51	1.0000
main	canc_1side	2	64	2	52	1.0000
main	canc_1side	2	64	2	53	1.0000
main	canc_1side	2	64	2	54	1.0000
main	canc_1side	2	64	2	55	1.0000
main	canc_1side	2	64	2	56	1.0000
main	canc_1side	2	64	2	57	1.0000
main	canc_1side	2	64	2	58	1.0000
main	canc_1side	2	64	2	59	1.0000
main	canc_1side	2	64	2	60	1.0000
main	canc_1side	3	64	2	1	0.0000
main	canc_1side	3	64	2	2	0.6736
main	canc_1side	3	64	2	3	0.7037
main	canc_1side	3	64	2	4	0.7531
main	canc_1side	3	64	2	5	0.7531
main	canc_1side	3	64	2	6	0.7546
main	canc_1side	3	64	2	7	0.8333
main	canc_1side	3	64	2	8	0.9012
main	canc_1side	3	64	2	9	0.9012
main	canc_1side	3	64	2	10	0.9012
main	canc_1side	3	64	2	11	0.9082
main	canc_1side	3	64	2	12	0.9637
main	canc_1side	3	64	2	13	0.9684
main	canc_1side	3	64	2	14	0.9745
main	canc_1side	3	64	2	15	0.9769
main	canc_1side	3	64	2	16	0.9799
main	canc_1side	3	64	2	17	0.9830
main	canc_1side	3	64	2	18	0.9907
main	canc_1side	3	64	2	19	0.9992
main	canc_1side	3	64	2	20	1.0000
main	canc_1side	3	64	2	21	1.0000
main	canc_1side	3	64	2	22	1.0000
main	canc_1side	3	64	2	23	1.0000
main	canc_1side	3	64	2	24	1.0000
main	canc_1side	3	64	2	25	1.0000
main	canc_1side	3	64	2	26	1.0000
main	canc_1side	3	64	2	27	1.0000
main	canc_1side	3	64	2	28	1.0000
main	canc_1side	3	64	2	29	1.0000
main	canc_1side	3	64	2	30	1.0000
main	canc_1side	3	64	2	31	1.0000
main	canc_1side	3	64	2	32	1.0000
main	canc_1side	3	64	2	33	1.0000
main	canc_1side	3	64	2	34	1.0000
main	canc_1side	3	64	2	35	1.0000
main	canc_1side	3	64	2	36	1.0000
main	canc_1side	3	64	2	37	1.0000
main	canc_1side	3	64	2	38	1.0000
main	canc_1side	3	64	2	39	1.0000
main	canc_1side	3	64	2	40	1.0000
main	canc_1side	3	64	2	41	1.0000
main	canc_1side	3	64	2	42	1.0000
main	canc_1side	3	64	2	43	1.0000
main	canc_1side	3	64	2	44	1.0000
main	canc_1side	3	64	2	45	1.0000
main	canc_1side	3	64	2	46	1.0000
main	canc_1side	3	64	2	47	1.0000
main	canc_1side	3	64	2	48	1.0000
main	canc_1side	3	64	2	49	1.0000
main	canc_1side	3	64	2	50	1.0000
main	canc_1side	3	64	2	51	1.0000
main	canc_1side	3	64	2	52	1.0000
main	canc_1side	3	64	2	53	1.0000
main	canc_1side	3	64	2	54	1.0000
main	canc_1side	3	64	2	55	1.0000
main	canc_1side	3	64	2	56	1.0000
main	canc_1side	3	64	2	57	1.0000
main	canc_1side	3	64	2	58	1.0000
main	canc_1side	3	64	2	59	1.0000
main	canc_1side	3	64	2	60	1.0000
main	canc_1side	4	64	2	1	0.6096
main	canc_1side	4	64	2	2	0.7037
main	canc_1side	4	64	2	3	0.7392
main	canc_1side	4	64	2	4	0.8032
main	canc_1side	4	64	2	5	0.8094
main	canc_1side	4	64	2	6	0.8264
main	canc_1side	4	64	2	7	0.8449
main	canc_1side	4	64	2	8	0.8519
main	canc_1side	4	64	2	9	0.8526
main	canc_1side	4	64	2	10	0.8542
main	canc_1side	4	64	2	11	0.8596
main	canc_1side	4	64	2	12	0.8696
main	canc_1side	4	64	2	13	0.8873
main	canc_1side	4	64	2	14	0.9028
main	canc_1side	4	64	2	15	0.9275
main	canc_1side	4	64	2	16	0.9506
main	canc_1side	4	64	2	17	0.9537
main	canc_1side	4	64	2	18	0.9745
main	canc_1side	4	64	2	19	1.0000
main	canc_1side	4	64	2	20	1.0000
main	canc_1side	4	64	2	21	1.0000
main	canc_1side	4	64	2	22	1.0000
main	canc_1side	4	64	2	23	1.0000
main	canc_1side	4	64	2	24	1.0000
main	canc_1side	4	64	2	25	1.0000
main	canc_1side	4	64	2	26	1.0000
main	canc_1side	4	64	2	27	1.0000
main	canc_1side	4	64	2	28	1.0000
main	canc_1side	4	64	2	29	1.0000
main	canc_1side	4	64	2	30	1.0000
main	canc_1side	4	64	2	31	1.0000
main	canc_1side	4	64	2	32	1.0000
main	canc_1side	4	64	2	33	1.0000
main	canc_1side	4	64	2	34	1.0000
main	canc_1side	4	64	2	35	1.0000
main	canc_1side	4	64	2	36	1.0000
main	canc_1side	4	64	2	37	1.0000
main	canc_1side	4	64	2	38	1.0000
main	canc_1side	4	64	2	39	1.0000
main	canc_1side	4	64	2	40	1.0000
main	canc_1side	4	64	2	41	1.0000
main	canc_1side	4	64	2	42	1.0000
main	canc_1side	4	64	2	43	1.0000
main	canc_1side	4	64	2	44	1.0000
main	canc_1side	4	64	2	45	1.0000
main	canc_1side	4	64	2	46	1.0000
main	canc_1side	4	64	2	47	1.0000
main	canc_1side	4	64	2	48	1.0000
main	canc_1side	4	64	2	49	1.0000
main	canc_1side	4	64	2	50	1.0000
main	canc_1side	4	64	2	51	1.0000
main	canc_1side	4	64	2	52	1.0000
main	canc_1side	4	64	2	53	1.0000
main	canc_1side	4	64	2	54	1.0000
main	canc_1side	4	64	2	55	1.0000
main	canc_1side	4	64	2	56	1.0000
main	canc_1side	4	64	2	57	1.0000
main	canc_1side	4	64	2	58	1.0000
main	canc_1side	4	64	2	59	1.0000
main	canc_1side	4	64	2	60	1.0000
main	canc_1side	5	64	2	1	0.0463
main	canc_1side	5	64	2	2	0.6528
main	canc_1side	5	64	2	3	0.7932
main	canc_1side	5	64	2	4	0.8002
main	canc_1side	5	64	2	5	0.8735
main	canc_1side	5	64	2	6	0.9259
main	canc_1side	5	64	2	7	0.9259
main	canc_1side	5	64	2	8	0.9259
main	canc_1side	5	64	2	9	0.9259
main	canc_1side	5	64	2	10	0.9290
main	canc_1side	5	64	2	11	0.9992
main	canc_1side	5	64	2	12	1.0000
main	canc_1side	5	64	2	13	1.0000
main	canc_1side	5	64	2	14	1.0000
main	canc_1side	5	64	2	15	1.0000
main	canc_1side	5	64	2	16	1.0000
main	canc_1side	5	64	2	17	1.0000
main	canc_1side	5	64	2	18	1.0000
main	canc_1side	5	64	2	19	1.0000
main	canc_1side	5	64	2	20	1.0000
main	canc_1side	5	64	2	21	1.0000
main	canc_1side	5	64	2	22	1.0000
main	canc_1side	5	64	2	23	1.0000
main	canc_1side	5	64	2	24	1.0000
main	canc_1side	5	64	2	25	1.0000
main	canc_1side	5	64	2	26	1.0000
main	canc_1side	5	64	2	27	1.0000
main	canc_1side	5	64	2	28	1.0000
main	canc_1side	5	64	2	29	1.0000
main	canc_1side	5	64	2	30	1.0000
main	canc_1side	5	64	2	31	1.0000
main	canc_1side	5	64	2	32	1.0000
main	canc_1side	5	64	2	33	1.0000
main	canc_1side	5	64	2	34	1.0000
main	canc_1side	5	64	2	35	1.0000
main	canc_1side	5	64	2	36	1.0000
main	canc_1side	5	64	2	37	1.0000
main	canc_1side	5	64	2	38	1.0000
main	canc_1side	5	64	2	39	1.0000
main	canc_1side	5	64	2	40	1.0000
main	canc_1side	5	64	2	41	1.0000
main	canc_1side	5	64	2	42	1.0000
main	canc_1side	5	64	2	43	1.0000
main	canc_1side	5	64	2	44	1.0000
main	canc_1side	5	64	2	45	1.0000
main	canc_1side	5	64	2	46	1.0000
main	canc_1side	5	64	2	47	1.0000
main	canc_1side	5	64	2	48	1.0000
main	canc_1side	5	64	2	49	1.0000
main	canc_1side	5	64	2	50	1.0000
main	canc_1side	5	64	2	51	1.0000
main	canc_1side	5	64	2	52	1.0000
main	canc_1side	5	64	2	53	1.0000
main	canc_1side	5	64	2	54	1.0000
main	canc_1side	5	64	2	55	1.0000
main	canc_1side	5	64	2	56	1.0000
main	canc_1side	5	64	2	57	1.0000
main	canc_1side	5	64	2	58	1.0000
main	canc_1side	5	64	2	59	1.0000
main	canc_1side	5	64	2	60	1.0000
main	canc_1side	6	64	2	1	0.5556
main	canc_1side	6	64	2	2	0.5556
main	canc_1side	6	64	2	3	0.5648
main	canc_1side	6	64	2	4	0.6049
main	canc_1side	6	64	2	5	0.6019
main	canc_1side	6	64	2	6	0.6080
main	canc_1side	6	64	2	7	0.6181
main	canc_1side	6	64	2	8	0.6620
main	canc_1side	6	64	2	9	0.7693
main	canc_1side	6	64	2	10	0.9159
main	canc_1side	6	64	2	11	0.9259
main	canc_1side	6	64	2	12	0.9259
main	canc_1side	6	64	2	13	0.9290
main	canc_1side	6	64	2	14	0.9421
main	canc_1side	6	64	2	15	0.9614
main	canc_1side	6	64	2	16	0.9830
main	canc_1side	6	64	2	17	0.9907
main	canc_1side	6	64	2	18	1.0000
main	canc_1side	6	64	2	19	1.0000
main	canc_1side	6	64	2	20	1.0000
main	canc_1side	6	64	2	21	1.0000
main	canc_1side	6	64	2	22	1.0000
main	canc_1side	6	64	2	23	1.0000
main	canc_1side	6	64	2	24	1.0000
main	canc_1side	6	64	2	25	1.0000
main	canc_1side	6	64	2	26	1.0000
main	canc_1side	6	64	2	27	1.0000
main	canc_1side	6	64	2	28	1.0000
main	canc_1side	6	64	2	29	1.0000
main	canc_1side	6	64	2	30	1.0000
main	canc_1side	6	64	2	31	1.0000
main	canc_1side	6	64	2	32	1.0000
main	canc_1side	6	64	2	33	1.0000
main	canc_1side	6	64	2	34	1.0000
main	canc_1side	6	64	2	35	1.0000
main	canc_1side	6	64	2	36	1.0000
main	canc_1side	6	64	2	37	1.0000
main	canc_1side	6	64	2	38	1.0000
main	canc_1side	6	64	2	39	1.0000
main	canc_1side	6	64	2	40	1.0000
main	canc_1side	6	64	2	41	1.0000
main	canc_1side	6	64	2	42	1.0000
main	canc_1side	6	64	2	43	1.0000
main	canc_1side	6	64	2	44	1.0000
main	canc_1side	6	64	2	45	1.0000
main	canc_1side	6	64	2	46	1.0000
main	canc_1side	6	64	2	47	1.0000
main	canc_1side	6	64	2	48	1.0000
main	canc_1side	6	64	2	49	1.0000
main	canc_1side	6	64	2	50	1.0000
main	canc_1side	6	64	2	51	1.0000
main	canc_1side	6	64	2	52	1.0000
main	canc_1side	6	64	2	53	1.0000
main	canc_1side	6	64	2	54	1.0000
main	canc_1side	6	64	2	55	1.0000
main	canc_1side	6	64	2	56	1.0000
main	canc_1side	6	64	2	57	1.0000
main	canc_1side	6	64	2	58	1.0000
main	canc_1side	6	64	2	59	1.0000
main	canc_1side	6	64	2	60	1.0000
main	canc_1side	7	64	2	1	0.0000
main	canc_1side	7	64	2	2	0.5556
main	canc_1side	7	64	2	3	0.5556
main	canc_1side	7	64	2	4	0.5556
main	canc_1side	7	64	2	5	0.5556
main	canc_1side	7	64	2	6	0.5556
main	canc_1side	7	64	2	7	0.5702
main	canc_1side	7	64	2	8	0.6782
main	canc_1side	7	64	2	9	0.7168
main	canc_1side	7	64	2	10	0.7539
main	canc_1side	7	64	2	11	0.7909
main	canc_1side	7	64	2	12	0.8634
main	canc_1side	7	64	2	13	0.9213
main	canc_1side	7	64	2	14	0.9753
main	canc_1side	7	64	2	15	0.9753
main	canc_1side	7	64	2	16	0.9946
main	canc_1side	7	64	2	17	1.0000
main	canc_1side	7	64	2	18	1.0000
main	canc_1side	7	64	2	19	1.0000
main	canc_1side	7	64	2	20	1.0000
main	canc_1side	7	64	2	21	1.0000
main	canc_1side	7	64	2	22	1.0000
main	canc_1side	7	64	2	23	1.0000
main	canc_1side	7	64	2	24	1.0000
main	canc_1side	7	64	2	25	1.0000
main	canc_1side	7	64	2	26	1.0000
main	canc_1side	7	64	2	27	1.0000
main	canc_1side	7	64	2	28	1.0000
main	canc_1side	7	64	2	29	1.0000
main	canc_1side	7	64	2	30	1.0000
main	canc_1side	7	64	2	31	1.0000
main	canc_1side	7	64	2	32	1.0000
main	canc_1side	7	64	2	33	1.0000
main	canc_1side	7	64	2	34	1.0000
main	canc_1side	7	64	2	35	1.0000
main	canc_1side	7	64	2	36	1.0000
main	canc_1side	7	64	2	37	1.0000
main	canc_1side	7	64	2	38	1.0000
main	canc_1side	7	64	2	39	1.0000
main	canc_1side	7	64	2	40	1.0000
main	canc_1side	7	64	2	41	1.0000
main	canc_1side	7	64	2	42	1.0000
main	canc_1side	7	64	2	43	1.0000
main	canc_1side	7	64	2	44	1.0000
main	canc_1side	7	64	2	45	1.0000
main	canc_1side	7	64	2	46	1.0000
main	canc_1side	7	64	2	47	1.0000
main	canc_1side	7	64	2	48	1.0000
main	canc_1side	7	64	2	49	1.0000
main	canc_1side	7	64	2	50	1.0000
main	canc_1side	7	64	2	51	1.0000
main	canc_1side	7	64	2	52	1.0000
main	canc_1side	7	64	2	53	1.0000
main	canc_1side	7	64	2	54	1.0000
main	canc_1side	7	64	2	55	1.0000
main	canc_1side	7	64	2	56	1.0000
main	canc_1side	7	64	2	57	1.0000
main	canc_1side	7	64	2	58	1.0000
main	canc_1side	7	64	2	59	1.0000
main	canc_1side	7	64	2	60	1.0000
main	canc_1side	8	64	2	1	0.0000
main	canc_1side	8	64	2	2	0.5556
main	canc_1side	8	64	2	3	0.5772
main	canc_1side	8	64	2	4	0.6543
main	canc_1side	8	64	2	5	0.6543
main	canc_1side	8	64	2	6	0.6944
main	canc_1side	8	64	2	7	0.7160
main	canc_1side	8	64	2	8	0.8920
main	canc_1side	8	64	2	9	0.9012
main	canc_1side	8	64	2	10	0.9012
main	canc_1side	8	64	2	11	0.9012
main	canc_1side	8	64	2	12	0.9059
main	canc_1side	8	64	2	13	0.9306
main	canc_1side	8	64	2	14	0.9398
main	canc_1side	8	64	2	15	0.9514
main	canc_1side	8	64	2	16	0.9660
main	canc_1side	8	64	2	17	0.9954
main	canc_1side	8	64	2	18	1.0000
main	canc_1side	8	64	2	19	1.0000
main	canc_1side	8	64	2	20	1.0000
main	canc_1side	8	64	2	21	1.0000
main	canc_1side	8	64	2	22	1.0000
main	canc_1side	8	64	2	23	1.0000
main	canc_1side	8	64	2	24	1.0000
main	canc_1side	8	64	2	25	1.0000
main	canc_1side	8	64	2	26	1.0000
main	canc_1side	8	64	2	27	1.0000
main	canc_1side	8	64	2	28	1.0000
main	canc_1side	8	64	2	29	1.0000
main	canc_1side	8	64	2	30	1.0000
main	canc_1side	8	64	2	31	1.0000
main	canc_1side	8	64	2	32	1.0000
main	canc_1side	8	64	2	33	1.0000
main	canc_1side	8	64	2	34	1.0000
main	canc_1side	8	64	2	35	1.0000
main	canc_1side	8	64	2	36	1.0000
main	canc_1side	8	64	2	37	1.0000
main	canc_1side	8	64	2	38	1.0000
main	canc_1side	8	64	2	39	1.0000
main	canc_1side	8	64	2	40	1.0000
main	canc_1side	8	64	2	41	1.0000
main	canc_1side	8	64	2	42	1.0000
main	canc_1side	8	64	2	43	1.0000
main	canc_1side	8	64	2	44	1.0000
main	canc_1side	8	64	2	45	1.0000
main	canc_1side	8	64	2	46	1.0000
main	canc_1side	8	64	2	47	1.0000
main	canc_1side	8	64	2	48	1.0000
main	canc_1side	8	64	2	49	1.0000
main	canc_1side	8	64	2	50	1.0000
main	canc_1side	8	64	2	51	1.0000
main	canc_1side	8	64	2	52	1.0000
main	canc_1side	8	64	2	53	1.0000
main	canc_1side	8	64	2	54	1.0000
main	canc_1side	8	64	2	55	1.0000
main	canc_1side	8	64	2	56	1.0000
main	canc_1side	8	64	2	57	1.0000
main	canc_1side	8	64	2	58	1.0000
main	canc_1side	8	64	2	59	1.0000
main	canc_1side	8	64	2	60	1.0000
main	canc_1side	9	64	2	1	0.0015
main	canc_1side	9	64	2	2	0.6049
main	canc_1side	9	64	2	3	0.6049
main	canc_1side	9	64	2	4	0.6049
main	canc_1side	9	64	2	5	0.6304
main	canc_1side	9	64	2	6	0.9043
main	canc_1side	9	64	2	7	0.9082
main	canc_1side	9	64	2	8	0.9167
main	canc_1side	9	64	2	9	0.9498
main	canc_1side	9	64	2	10	0.9506
main	canc_1side	9	64	2	11	0.9506
main	canc_1side	9	64	2	12	0.9730
main	canc_1side	9	64	2	13	0.9753
main	canc_1side	9	64	2	14	0.9776
main	canc_1side	9	64	2	15	0.9830
main	canc_1side	9	64	2	16	0.9907
main	canc_1side	9	64	2	17	0.9992
main	canc_1side	9	64	2	18	1.0000
main	canc_1side	9	64	2	19	1.0000
main	canc_1side	9	64	2	20	1.0000
main	canc_1side	9	64	2	21	1.0000
main	canc_1side	9	64	2	22	1.0000
main	canc_1side	9	64	2	23	1.0000
main	canc_1side	9	64	2	24	1.0000
main	canc_1side	9	64	2	25	1.0000
main	canc_1side	9	64	2	26	1.0000
main	canc_1side	9	64	2	27	1.0000
main	canc_1side	9	64	2	28	1.0000
main	canc_1side	9	64	2	29	1.0000
main	canc_1side	9	64	2	30	1.0000
main	canc_1side	9	64	2	31	1.0000
main	canc_1side	9	64	2	32	1.0000
main	canc_1side	9	64	2	33	1.0000
main	canc_1side	9	64	2	34	1.0000
main	canc_1side	9	64	2	35	1.0000
main	canc_1side	9	64	2	36	1.0000
main	canc_1side	9	64	2	37	1.0000
main	canc_1side	9	64	2	38	1.0000
main	canc_1side	9	64	2	39	1.0000
main	canc_1side	9	64	2	40	1.0000
main	canc_1side	9	64	2	41	1.0000
main	canc_1side	9	64	2	42	1.0000
main	canc_1side	9	64	2	43	1.0000
main	canc_1side	9	64	2	44	1.0000
main	canc_1side	9	64	2	45	1.0000
main	canc_1side	9	64	2	46	1.0000
main	canc_1side	9	64	2	47	1.0000
main	canc_1side	9	64	2	48	1.0000
main	canc_1side	9	64	2	49	1.0000
main	canc_1side	9	64	2	50	1.0000
main	canc_1side	9	64	2	51	1.0000
main	canc_1side	9	64	2	52	1.0000
main	canc_1side	9	64	2	53	1.0000
main	canc_1side	9	64	2	54	1.0000
main	canc_1side	9	64	2	55	1.0000
main	canc_1side	9	64	2	56	1.0000
main	canc_1side	9	64	2	57	1.0000
main	canc_1side	9	64	2	58	1.0000
main	canc_1side	9	64	2	59	1.0000
main	canc_1side	9	64	2	60	1.0000
main	canc_partial	0	64	2	1	0.0000
main	canc_partial	0	64	2	2	0.2731
main	canc_partial	0	64	2	3	0.6705
main	canc_partial	0	64	2	4	0.7145
main	canc_partial	0	64	2	5	0.7160
main	canc_partial	0	64	2	6	0.7191
main	canc_partial	0	64	2	7	0.7377
main	canc_partial	0	64	2	8	0.7824
main	canc_partial	0	64	2	9	0.8395
main	canc_partial	0	64	2	10	0.8927
main	canc_partial	0	64	2	11	0.9568
main	canc_partial	0	64	2	12	0.9753
main	canc_partial	0	64	2	13	0.9753
main	canc_partial	0	64	2	14	1.0000
main	canc_partial	0	64	2	15	1.0000
main	canc_partial	0	64	2	16	1.0000
main	canc_partial	0	64	2	17	1.0000
main	canc_partial	0	64	2	18	1.0000
main	canc_partial	0	64	2	19	1.0000
main	canc_partial	0	64	2	20	1.0000
main	canc_partial	0	64	2	21	1.0000
main	canc_partial	0	64	2	22	1.0000
main	canc_partial	0	64	2	23	1.0000
main	canc_partial	0	64	2	24	1.0000
main	canc_partial	0	64	2	25	1.0000
main	canc_partial	0	64	2	26	1.0000
main	canc_partial	0	64	2	27	1.0000
main	canc_partial	0	64	2	28	1.0000
main	canc_partial	0	64	2	29	1.0000
main	canc_partial	0	64	2	30	1.0000
main	canc_partial	0	64	2	31	1.0000
main	canc_partial	0	64	2	32	1.0000
main	canc_partial	0	64	2	33	1.0000
main	canc_partial	0	64	2	34	1.0000
main	canc_partial	0	64	2	35	1.0000
main	canc_partial	0	64	2	36	1.0000
main	canc_partial	0	64	2	37	1.0000
main	canc_partial	0	64	2	38	1.0000
main	canc_partial	0	64	2	39	1.0000
main	canc_partial	0	64	2	40	1.0000
main	canc_partial	0	64	2	41	1.0000
main	canc_partial	0	64	2	42	1.0000
main	canc_partial	0	64	2	43	1.0000
main	canc_partial	0	64	2	44	1.0000
main	canc_partial	0	64	2	45	1.0000
main	canc_partial	0	64	2	46	1.0000
main	canc_partial	0	64	2	47	1.0000
main	canc_partial	0	64	2	48	1.0000
main	canc_partial	0	64	2	49	1.0000
main	canc_partial	0	64	2	50	1.0000
main	canc_partial	0	64	2	51	1.0000
main	canc_partial	0	64	2	52	1.0000
main	canc_partial	0	64	2	53	1.0000
main	canc_partial	0	64	2	54	1.0000
main	canc_partial	0	64	2	55	1.0000
main	canc_partial	0	64	2	56	1.0000
main	canc_partial	0	64	2	57	1.0000
main	canc_partial	0	64	2	58	1.0000
main	canc_partial	0	64	2	59	1.0000
main	canc_partial	0	64	2	60	1.0000
main	canc_partial	1	64	2	1	0.0656
main	canc_partial	1	64	2	2	0.5802
main	canc_partial	1	64	2	3	0.5802
main	canc_partial	1	64	2	4	0.5633
main	canc_partial	1	64	2	5	0.5602
main	canc_partial	1	64	2	6	0.5610
main	canc_partial	1	64	2	7	0.6836
main	canc_partial	1	64	2	8	0.8133
main	canc_partial	1	64	2	9	0.8233
main	canc_partial	1	64	2	10	0.8519
main	canc_partial	1	64	2	11	0.9475
main	canc_partial	1	64	2	12	0.9637
main	canc_partial	1	64	2	13	0.9761
main	canc_partial	1	64	2	14	0.9776
main	canc_partial	1	64	2	15	0.9861
main	canc_partial	1	64	2	16	0.9931
main	canc_partial	1	64	2	17	1.0000
main	canc_partial	1	64	2	18	1.0000
main	canc_partial	1	64	2	19	1.0000
main	canc_partial	1	64	2	20	1.0000
main	canc_partial	1	64	2	21	1.0000
main	canc_partial	1	64	2	22	1.0000
main	canc_partial	1	64	2	23	1.0000
main	canc_partial	1	64	2	24	1.0000
main	canc_partial	1	64	2	25	1.0000
main	canc_partial	1	64	2	26	1.0000
main	canc_partial	1	64	2	27	1.0000
main	canc_partial	1	64	2	28	1.0000
main	canc_partial	1	64	2	29	1.0000
main	canc_partial	1	64	2	30	1.0000
main	canc_partial	1	64	2	31	1.0000
main	canc_partial	1	64	2	32	1.0000
main	canc_partial	1	64	2	33	1.0000
main	canc_partial	1	64	2	34	1.0000
main	canc_partial	1	64	2	35	1.0000
main	canc_partial	1	64	2	36	1.0000
main	canc_partial	1	64	2	37	1.0000
main	canc_partial	1	64	2	38	1.0000
main	canc_partial	1	64	2	39	1.0000
main	canc_partial	1	64	2	40	1.0000
main	canc_partial	1	64	2	41	1.0000
main	canc_partial	1	64	2	42	1.0000
main	canc_partial	1	64	2	43	1.0000
main	canc_partial	1	64	2	44	1.0000
main	canc_partial	1	64	2	45	1.0000
main	canc_partial	1	64	2	46	1.0000
main	canc_partial	1	64	2	47	1.0000
main	canc_partial	1	64	2	48	1.0000
main	canc_partial	1	64	2	49	1.0000
main	canc_partial	1	64	2	50	1.0000
main	canc_partial	1	64	2	51	1.0000
main	canc_partial	1	64	2	52	1.0000
main	canc_partial	1	64	2	53	1.0000
main	canc_partial	1	64	2	54	1.0000
main	canc_partial	1	64	2	55	1.0000
main	canc_partial	1	64	2	56	1.0000
main	canc_partial	1	64	2	57	1.0000
main	canc_partial	1	64	2	58	1.0000
main	canc_partial	1	64	2	59	1.0000
main	canc_partial	1	64	2	60	1.0000
main	canc_partial	2	64	2	1	0.0000
main	canc_partial	2	64	2	2	0.3719
main	canc_partial	2	64	2	3	0.5926
main	canc_partial	2	64	2	4	0.6682
main	canc_partial	2	64	2	5	0.6613
main	canc_partial	2	64	2	6	0.7531
main	canc_partial	2	64	2	7	0.8488
main	canc_partial	2	64	2	8	0.9213
main	canc_partial	2	64	2	9	0.9506
main	canc_partial	2	64	2	10	0.9506
main	canc_partial	2	64	2	11	0.9614
main	canc_partial	2	64	2	12	0.9753
main	canc_partial	2	64	2	13	0.9761
main	canc_partial	2	64	2	14	0.9830
main	canc_partial	2	64	2	15	0.9907
main	canc_partial	2	64	2	16	0.9992
main	canc_partial	2	64	2	17	1.0000
main	canc_partial	2	64	2	18	1.0000
main	canc_partial	2	64	2	19	1.0000
main	canc_partial	2	64	2	20	1.0000
main	canc_partial	2	64	2	21	1.0000
main	canc_partial	2	64	2	22	1.0000
main	canc_partial	2	64	2	23	1.0000
main	canc_partial	2	64	2	24	1.0000
main	canc_partial	2	64	2	25	1.0000
main	canc_partial	2	64	2	26	1.0000
main	canc_partial	2	64	2	27	1.0000
main	canc_partial	2	64	2	28	1.0000
main	canc_partial	2	64	2	29	1.0000
main	canc_partial	2	64	2	30	1.0000
main	canc_partial	2	64	2	31	1.0000
main	canc_partial	2	64	2	32	1.0000
main	canc_partial	2	64	2	33	1.0000
main	canc_partial	2	64	2	34	1.0000
main	canc_partial	2	64	2	35	1.0000
main	canc_partial	2	64	2	36	1.0000
main	canc_partial	2	64	2	37	1.0000
main	canc_partial	2	64	2	38	1.0000
main	canc_partial	2	64	2	39	1.0000
main	canc_partial	2	64	2	40	1.0000
main	canc_partial	2	64	2	41	1.0000
main	canc_partial	2	64	2	42	1.0000
main	canc_partial	2	64	2	43	1.0000
main	canc_partial	2	64	2	44	1.0000
main	canc_partial	2	64	2	45	1.0000
main	canc_partial	2	64	2	46	1.0000
main	canc_partial	2	64	2	47	1.0000
main	canc_partial	2	64	2	48	1.0000
main	canc_partial	2	64	2	49	1.0000
main	canc_partial	2	64	2	50	1.0000
main	canc_partial	2	64	2	51	1.0000
main	canc_partial	2	64	2	52	1.0000
main	canc_partial	2	64	2	53	1.0000
main	canc_partial	2	64	2	54	1.0000
main	canc_partial	2	64	2	55	1.0000
main	canc_partial	2	64	2	56	1.0000
main	canc_partial	2	64	2	57	1.0000
main	canc_partial	2	64	2	58	1.0000
main	canc_partial	2	64	2	59	1.0000
main	canc_partial	2	64	2	60	1.0000
main	canc_partial	3	64	2	1	0.0000
main	canc_partial	3	64	2	2	0.6736
main	canc_partial	3	64	2	3	0.7037
main	canc_partial	3	64	2	4	0.7531
main	canc_partial	3	64	2	5	0.7531
main	canc_partial	3	64	2	6	0.7546
main	canc_partial	3	64	2	7	0.8241
main	canc_partial	3	64	2	8	0.9012
main	canc_partial	3	64	2	9	0.9012
main	canc_partial	3	64	2	10	0.9012
main	canc_partial	3	64	2	11	0.9144
main	canc_partial	3	64	2	12	0.9660
main	canc_partial	3	64	2	13	0.9707
main	canc_partial	3	64	2	14	0.9753
main	canc_partial	3	64	2	15	0.9753
main	canc_partial	3	64	2	16	0.9776
main	canc_partial	3	64	2	17	0.9799
main	canc_partial	3	64	2	18	0.9884
main	canc_partial	3	64	2	19	0.9954
main	canc_partial	3	64	2	20	1.0000
main	canc_partial	3	64	2	21	1.0000
main	canc_partial	3	64	2	22	1.0000
main	canc_partial	3	64	2	23	1.0000
main	canc_partial	3	64	2	24	1.0000
main	canc_partial	3	64	2	25	1.0000
main	canc_partial	3	64	2	26	1.0000
main	canc_partial	3	64	2	27	1.0000
main	canc_partial	3	64	2	28	1.0000
main	canc_partial	3	64	2	29	1.0000
main	canc_partial	3	64	2	30	1.0000
main	canc_partial	3	64	2	31	1.0000
main	canc_partial	3	64	2	32	1.0000
main	canc_partial	3	64	2	33	1.0000
main	canc_partial	3	64	2	34	1.0000
main	canc_partial	3	64	2	35	1.0000
main	canc_partial	3	64	2	36	1.0000
main	canc_partial	3	64	2	37	1.0000
main	canc_partial	3	64	2	38	1.0000
main	canc_partial	3	64	2	39	1.0000
main	canc_partial	3	64	2	40	1.0000
main	canc_partial	3	64	2	41	1.0000
main	canc_partial	3	64	2	42	1.0000
main	canc_partial	3	64	2	43	1.0000
main	canc_partial	3	64	2	44	1.0000
main	canc_partial	3	64	2	45	1.0000
main	canc_partial	3	64	2	46	1.0000
main	canc_partial	3	64	2	47	1.0000
main	canc_partial	3	64	2	48	1.0000
main	canc_partial	3	64	2	49	1.0000
main	canc_partial	3	64	2	50	1.0000
main	canc_partial	3	64	2	51	1.0000
main	canc_partial	3	64	2	52	1.0000
main	canc_partial	3	64	2	53	1.0000
main	canc_partial	3	64	2	54	1.0000
main	canc_partial	3	64	2	55	1.0000
main	canc_partial	3	64	2	56	1.0000
main	canc_partial	3	64	2	57	1.0000
main	canc_partial	3	64	2	58	1.0000
main	canc_partial	3	64	2	59	1.0000
main	canc_partial	3	64	2	60	1.0000
main	canc_partial	4	64	2	1	0.6096
main	canc_partial	4	64	2	2	0.7037
main	canc_partial	4	64	2	3	0.7469
main	canc_partial	4	64	2	4	0.8032
main	canc_partial	4	64	2	5	0.8094
main	canc_partial	4	64	2	6	0.8264
main	canc_partial	4	64	2	7	0.8403
main	canc_partial	4	64	2	8	0.8519
main	canc_partial	4	64	2	9	0.8526
main	canc_partial	4	64	2	10	0.8565
main	canc_partial	4	64	2	11	0.8627
main	canc_partial	4	64	2	12	0.8727
main	canc_partial	4	64	2	13	0.8843
main	canc_partial	4	64	2	14	0.8989
main	canc_partial	4	64	2	15	0.9244
main	canc_partial	4	64	2	16	0.9506
main	canc_partial	4	64	2	17	0.9537
main	canc_partial	4	64	2	18	0.9745
main	canc_partial	4	64	2	19	1.0000
main	canc_partial	4	64	2	20	1.0000
main	canc_partial	4	64	2	21	1.0000
main	canc_partial	4	64	2	22	1.0000
main	canc_partial	4	64	2	23	1.0000
main	canc_partial	4	64	2	24	1.0000
main	canc_partial	4	64	2	25	1.0000
main	canc_partial	4	64	2	26	1.0000
main	canc_partial	4	64	2	27	1.0000
main	canc_partial	4	64	2	28	1.0000
main	canc_partial	4	64	2	29	1.0000
main	canc_partial	4	64	2	30	1.0000
main	canc_partial	4	64	2	31	1.0000
main	canc_partial	4	64	2	32	1.0000
main	canc_partial	4	64	2	33	1.0000
main	canc_partial	4	64	2	34	1.0000
main	canc_partial	4	64	2	35	1.0000
main	canc_partial	4	64	2	36	1.0000
main	canc_partial	4	64	2	37	1.0000
main	canc_partial	4	64	2	38	1.0000
main	canc_partial	4	64	2	39	1.0000
main	canc_partial	4	64	2	40	1.0000
main	canc_partial	4	64	2	41	1.0000
main	canc_partial	4	64	2	42	1.0000
main	canc_partial	4	64	2	43	1.0000
main	canc_partial	4	64	2	44	1.0000
main	canc_partial	4	64	2	45	1.0000
main	canc_partial	4	64	2	46	1.0000
main	canc_partial	4	64	2	47	1.0000
main	canc_partial	4	64	2	48	1.0000
main	canc_partial	4	64	2	49	1.0000
main	canc_partial	4	64	2	50	1.0000
main	canc_partial	4	64	2	51	1.0000
main	canc_partial	4	64	2	52	1.0000
main	canc_partial	4	64	2	53	1.0000
main	canc_partial	4	64	2	54	1.0000
main	canc_partial	4	64	2	55	1.0000
main	canc_partial	4	64	2	56	1.0000
main	canc_partial	4	64	2	57	1.0000
main	canc_partial	4	64	2	58	1.0000
main	canc_partial	4	64	2	59	1.0000
main	canc_partial	4	64	2	60	1.0000
main	canc_partial	5	64	2	1	0.0463
main	canc_partial	5	64	2	2	0.6528
main	canc_partial	5	64	2	3	0.7932
main	canc_partial	5	64	2	4	0.8002
main	canc_partial	5	64	2	5	0.8735
main	canc_partial	5	64	2	6	0.9259
main	canc_partial	5	64	2	7	0.9259
main	canc_partial	5	64	2	8	0.9259
main	canc_partial	5	64	2	9	0.9259
main	canc_partial	5	64	2	10	0.9460
main	canc_partial	5	64	2	11	0.9985
main	canc_partial	5	64	2	12	1.0000
main	canc_partial	5	64	2	13	1.0000
main	canc_partial	5	64	2	14	1.0000
main	canc_partial	5	64	2	15	1.0000
main	canc_partial	5	64	2	16	1.0000
main	canc_partial	5	64	2	17	1.0000
main	canc_partial	5	64	2	18	1.0000
main	canc_partial	5	64	2	19	1.0000
main	canc_partial	5	64	2	20	1.0000
main	canc_partial	5	64	2	21	1.0000
main	canc_partial	5	64	2	22	1.0000
main	canc_partial	5	64	2	23	1.0000
main	canc_partial	5	64	2	24	1.0000
main	canc_partial	5	64	2	25	1.0000
main	canc_partial	5	64	2	26	1.0000
main	canc_partial	5	64	2	27	1.0000
main	canc_partial	5	64	2	28	1.0000
main	canc_partial	5	64	2	29	1.0000
main	canc_partial	5	64	2	30	1.0000
main	canc_partial	5	64	2	31	1.0000
main	canc_partial	5	64	2	32	1.0000
main	canc_partial	5	64	2	33	1.0000
main	canc_partial	5	64	2	34	1.0000
main	canc_partial	5	64	2	35	1.0000
main	canc_partial	5	64	2	36	1.0000
main	canc_partial	5	64	2	37	1.0000
main	canc_partial	5	64	2	38	1.0000
main	canc_partial	5	64	2	39	1.0000
main	canc_partial	5	64	2	40	1.0000
main	canc_partial	5	64	2	41	1.0000
main	canc_partial	5	64	2	42	1.0000
main	canc_partial	5	64	2	43	1.0000
main	canc_partial	5	64	2	44	1.0000
main	canc_partial	5	64	2	45	1.0000
main	canc_partial	5	64	2	46	1.0000
main	canc_partial	5	64	2	47	1.0000
main	canc_partial	5	64	2	48	1.0000
main	canc_partial	5	64	2	49	1.0000
main	canc_partial	5	64	2	50	1.0000
main	canc_partial	5	64	2	51	1.0000
main	canc_partial	5	64	2	52	1.0000
main	canc_partial	5	64	2	53	1.0000
main	canc_partial	5	64	2	54	1.0000
main	canc_partial	5	64	2	55	1.0000
main	canc_partial	5	64	2	56	1.0000
main	canc_partial	5	64	2	57	1.0000
main	canc_partial	5	64	2	58	1.0000
main	canc_partial	5	64	2	59	1.0000
main	canc_partial	5	64	2	60	1.0000
main	canc_partial	6	64	2	1	0.5556
main	canc_partial	6	64	2	2	0.5556
main	canc_partial	6	64	2	3	0.5579
main	canc_partial	6	64	2	4	0.6042
main	canc_partial	6	64	2	5	0.6003
main	canc_partial	6	64	2	6	0.6057
main	canc_partial	6	64	2	7	0.6165
main	canc_partial	6	64	2	8	0.6582
main	canc_partial	6	64	2	9	0.7600
main	canc_partial	6	64	2	10	0.9136
main	canc_partial	6	64	2	11	0.9259
main	canc_partial	6	64	2	12	0.9259
main	canc_partial	6	64	2	13	0.9275
main	canc_partial	6	64	2	14	0.9360
main	canc_partial	6	64	2	15	0.9552
main	canc_partial	6	64	2	16	0.9784
main	canc_partial	6	64	2	17	0.9861
main	canc_partial	6	64	2	18	0.9954
main	canc_partial	6	64	2	19	1.0000
main	canc_partial	6	64	2	20	1.0000
main	canc_partial	6	64	2	21	1.0000
main	canc_partial	6	64	2	22	1.0000
main	canc_partial	6	64	2	23	1.0000
main	canc_partial	6	64	2	24	1.0000
main	canc_partial	6	64	2	25	1.0000
main	canc_partial	6	64	2	26	1.0000
main	canc_partial	6	64	2	27	1.0000
main	canc_partial	6	64	2	28	1.0000
main	canc_partial	6	64	2	29	1.0000
main	canc_partial	6	64	2	30	1.0000
main	canc_partial	6	64	2	31	1.0000
main	canc_partial	6	64	2	32	1.0000
main	canc_partial	6	64	2	33	1.0000
main	canc_partial	6	64	2	34	1.0000
main	canc_partial	6	64	2	35	1.0000
main	canc_partial	6	64	2	36	1.0000
main	canc_partial	6	64	2	37	1.0000
main	canc_partial	6	64	2	38	1.0000
main	canc_partial	6	64	2	39	1.0000
main	canc_partial	6	64	2	40	1.0000
main	canc_partial	6	64	2	41	1.0000
main	canc_partial	6	64	2	42	1.0000
main	canc_partial	6	64	2	43	1.0000
main	canc_partial	6	64	2	44	1.0000
main	canc_partial	6	64	2	45	1.0000
main	canc_partial	6	64	2	46	1.0000
main	canc_partial	6	64	2	47	1.0000
main	canc_partial	6	64	2	48	1.0000
main	canc_partial	6	64	2	49	1.0000
main	canc_partial	6	64	2	50	1.0000
main	canc_partial	6	64	2	51	1.0000
main	canc_partial	6	64	2	52	1.0000
main	canc_partial	6	64	2	53	1.0000
main	canc_partial	6	64	2	54	1.0000
main	canc_partial	6	64	2	55	1.0000
main	canc_partial	6	64	2	56	1.0000
main	canc_partial	6	64	2	57	1.0000
main	canc_partial	6	64	2	58	1.0000
main	canc_partial	6	64	2	59	1.0000
main	canc_partial	6	64	2	60	1.0000
main	canc_partial	7	64	2	1	0.0000
main	canc_partial	7	64	2	2	0.5556
main	canc_partial	7	64	2	3	0.5556
main	canc_partial	7	64	2	4	0.5556
main	canc_partial	7	64	2	5	0.5556
main	canc_partial	7	64	2	6	0.5556
main	canc_partial	7	64	2	7	0.5702
main	canc_partial	7	64	2	8	0.6782
main	canc_partial	7	64	2	9	0.7168
main	canc_partial	7	64	2	10	0.7523
main	canc_partial	7	64	2	11	0.7909
main	canc_partial	7	64	2	12	0.8634
main	canc_partial	7	64	2	13	0.9213
main	canc_partial	7	64	2	14	0.9745
main	canc_partial	7	64	2	15	0.9753
main	canc_partial	7	64	2	16	0.9992
main	canc_partial	7	64	2	17	1.0000
main	canc_partial	7	64	2	18	1.0000
main	canc_partial	7	64	2	19	1.0000
main	canc_partial	7	64	2	20	1.0000
main	canc_partial	7	64	2	21	1.0000
main	canc_partial	7	64	2	22	1.0000
main	canc_partial	7	64	2	23	1.0000
main	canc_partial	7	64	2	24	1.0000
main	canc_partial	7	64	2	25	1.0000
main	canc_partial	7	64	2	26	1.0000
main	canc_partial	7	64	2	27	1.0000
main	canc_partial	7	64	2	28	1.0000
main	canc_partial	7	64	2	29	1.0000
main	canc_partial	7	64	2	30	1.0000
main	canc_partial	7	64	2	31	1.0000
main	canc_partial	7	64	2	32	1.0000
main	canc_partial	7	64	2	33	1.0000
main	canc_partial	7	64	2	34	1.0000
main	canc_partial	7	64	2	35	1.0000
main	canc_partial	7	64	2	36	1.0000
main	canc_partial	7	64	2	37	1.0000
main	canc_partial	7	64	2	38	1.0000
main	canc_partial	7	64	2	39	1.0000
main	canc_partial	7	64	2	40	1.0000
main	canc_partial	7	64	2	41	1.0000
main	canc_partial	7	64	2	42	1.0000
main	canc_partial	7	64	2	43	1.0000
main	canc_partial	7	64	2	44	1.0000
main	canc_partial	7	64	2	45	1.0000
main	canc_partial	7	64	2	46	1.0000
main	canc_partial	7	64	2	47	1.0000
main	canc_partial	7	64	2	48	1.0000
main	canc_partial	7	64	2	49	1.0000
main	canc_partial	7	64	2	50	1.0000
main	canc_partial	7	64	2	51	1.0000
main	canc_partial	7	64	2	52	1.0000
main	canc_partial	7	64	2	53	1.0000
main	canc_partial	7	64	2	54	1.0000
main	canc_partial	7	64	2	55	1.0000
main	canc_partial	7	64	2	56	1.0000
main	canc_partial	7	64	2	57	1.0000
main	canc_partial	7	64	2	58	1.0000
main	canc_partial	7	64	2	59	1.0000
main	canc_partial	7	64	2	60	1.0000
main	canc_partial	8	64	2	1	0.0000
main	canc_partial	8	64	2	2	0.5556
main	canc_partial	8	64	2	3	0.5772
main	canc_partial	8	64	2	4	0.6543
main	canc_partial	8	64	2	5	0.6543
main	canc_partial	8	64	2	6	0.7022
main	canc_partial	8	64	2	7	0.7191
main	canc_partial	8	64	2	8	0.8935
main	canc_partial	8	64	2	9	0.9012
main	canc_partial	8	64	2	10	0.9012
main	canc_partial	8	64	2	11	0.9012
main	canc_partial	8	64	2	12	0.9120
main	canc_partial	8	64	2	13	0.9282
main	canc_partial	8	64	2	14	0.9375
main	canc_partial	8	64	2	15	0.9514
main	canc_partial	8	64	2	16	0.9715
main	canc_partial	8	64	2	17	0.9977
main	canc_partial	8	64	2	18	1.0000
main	canc_partial	8	64	2	19	1.0000
main	canc_partial	8	64	2	20	1.0000
main	canc_partial	8	64	2	21	1.0000
main	canc_partial	8	64	2	22	1.0000
main	canc_partial	8	64	2	23	1.0000
main	canc_partial	8	64	2	24	1.0000
main	canc_partial	8	64	2	25	1.0000
main	canc_partial	8	64	2	26	1.0000
main	canc_partial	8	64	2	27	1.0000
main	canc_partial	8	64	2	28	1.0000
main	canc_partial	8	64	2	29	1.0000
main	canc_partial	8	64	2	30	1.0000
main	canc_partial	8	64	2	31	1.0000
main	canc_partial	8	64	2	32	1.0000
main	canc_partial	8	64	2	33	1.0000
main	canc_partial	8	64	2	34	1.0000
main	canc_partial	8	64	2	35	1.0000
main	canc_partial	8	64	2	36	1.0000
main	canc_partial	8	64	2	37	1.0000
main	canc_partial	8	64	2	38	1.0000
main	canc_partial	8	64	2	39	1.0000
main	canc_partial	8	64	2	40	1.0000
main	canc_partial	8	64	2	41	1.0000
main	canc_partial	8	64	2	42	1.0000
main	canc_partial	8	64	2	43	1.0000
main	canc_partial	8	64	2	44	1.0000
main	canc_partial	8	64	2	45	1.0000
main	canc_partial	8	64	2	46	1.0000
main	canc_partial	8	64	2	47	1.0000
main	canc_partial	8	64	2	48	1.0000
main	canc_partial	8	64	2	49	1.0000
main	canc_partial	8	64	2	50	1.0000
main	canc_partial	8	64	2	51	1.0000
main	canc_partial	8	64	2	52	1.0000
main	canc_partial	8	64	2	53	1.0000
main	canc_partial	8	64	2	54	1.0000
main	canc_partial	8	64	2	55	1.0000
main	canc_partial	8	64	2	56	1.0000
main	canc_partial	8	64	2	57	1.0000
main	canc_partial	8	64	2	58	1.0000
main	canc_partial	8	64	2	59	1.0000
main	canc_partial	8	64	2	60	1.0000
main	canc_partial	9	64	2	1	0.0015
main	canc_partial	9	64	2	2	0.6049
main	canc_partial	9	64	2	3	0.6057
main	canc_partial	9	64	2	4	0.6049
main	canc_partial	9	64	2	5	0.6312
main	canc_partial	9	64	2	6	0.9043
main	canc_partial	9	64	2	7	0.9082
main	canc_partial	9	64	2	8	0.9167
main	canc_partial	9	64	2	9	0.9498
main	canc_partial	9	64	2	10	0.9506
main	canc_partial	9	64	2	11	0.9506
main	canc_partial	9	64	2	12	0.9699
main	canc_partial	9	64	2	13	0.9753
main	canc_partial	9	64	2	14	0.9776
main	canc_partial	9	64	2	15	0.9861
main	canc_partial	9	64	2	16	0.9931
main	canc_partial	9	64	2	17	1.0000
main	canc_partial	9	64	2	18	1.0000
main	canc_partial	9	64	2	19	1.0000
main	canc_partial	9	64	2	20	1.0000
main	canc_partial	9	64	2	21	1.0000
main	canc_partial	9	64	2	22	1.0000
main	canc_partial	9	64	2	23	1.0000
main	canc_partial	9	64	2	24	1.0000
main	canc_partial	9	64	2	25	1.0000
main	canc_partial	9	64	2	26	1.0000
main	canc_partial	9	64	2	27	1.0000
main	canc_partial	9	64	2	28	1.0000
main	canc_partial	9	64	2	29	1.0000
main	canc_partial	9	64	2	30	1.0000
main	canc_partial	9	64	2	31	1.0000
main	canc_partial	9	64	2	32	1.0000
main	canc_partial	9	64	2	33	1.0000
main	canc_partial	9	64	2	34	1.0000
main	canc_partial	9	64	2	35	1.0000
main	canc_partial	9	64	2	36	1.0000
main	canc_partial	9	64	2	37	1.0000
main	canc_partial	9	64	2	38	1.0000
main	canc_partial	9	64	2	39	1.0000
main	canc_partial	9	64	2	40	1.0000
main	canc_partial	9	64	2	41	1.0000
main	canc_partial	9	64	2	42	1.0000
main	canc_partial	9	64	2	43	1.0000
main	canc_partial	9	64	2	44	1.0000
main	canc_partial	9	64	2	45	1.0000
main	canc_partial	9	64	2	46	1.0000
main	canc_partial	9	64	2	47	1.0000
main	canc_partial	9	64	2	48	1.0000
main	canc_partial	9	64	2	49	1.0000
main	canc_partial	9	64	2	50	1.0000
main	canc_partial	9	64	2	51	1.0000
main	canc_partial	9	64	2	52	1.0000
main	canc_partial	9	64	2	53	1.0000
main	canc_partial	9	64	2	54	1.0000
main	canc_partial	9	64	2	55	1.0000
main	canc_partial	9	64	2	56	1.0000
main	canc_partial	9	64	2	57	1.0000
main	canc_partial	9	64	2	58	1.0000
main	canc_partial	9	64	2	59	1.0000
main	canc_partial	9	64	2	60	1.0000
main	layer_dual	0	64	2	1	0.0000
main	layer_dual	0	64	2	2	0.5511
main	layer_dual	0	64	2	3	0.7135
main	layer_dual	0	64	2	4	0.7403
main	layer_dual	0	64	2	5	0.7403
main	layer_dual	0	64	2	6	0.7403
main	layer_dual	0	64	2	7	0.7557
main	layer_dual	0	64	2	8	0.8101
main	layer_dual	0	64	2	9	0.8182
main	layer_dual	0	64	2	10	0.8198
main	layer_dual	0	64	2	11	0.9221
main	layer_dual	0	64	2	12	0.9221
main	layer_dual	0	64	2	13	0.9740
main	layer_dual	0	64	2	14	0.9740
main	layer_dual	0	64	2	15	0.9740
main	layer_dual	0	64	2	16	0.9740
main	layer_dual	0	64	2	17	0.9740
main	layer_dual	0	64	2	18	0.9992
main	layer_dual	0	64	2	19	1.0000
main	layer_dual	0	64	2	20	1.0000
main	layer_dual	0	64	2	21	1.0000
main	layer_dual	0	64	2	22	1.0000
main	layer_dual	0	64	2	23	1.0000
main	layer_dual	0	64	2	24	1.0000
main	layer_dual	0	64	2	25	1.0000
main	layer_dual	0	64	2	26	1.0000
main	layer_dual	0	64	2	27	1.0000
main	layer_dual	0	64	2	28	1.0000
main	layer_dual	0	64	2	29	1.0000
main	layer_dual	0	64	2	30	1.0000
main	layer_dual	0	64	2	31	1.0000
main	layer_dual	0	64	2	32	1.0000
main	layer_dual	0	64	2	33	1.0000
main	layer_dual	0	64	2	34	1.0000
main	layer_dual	0	64	2	35	1.0000
main	layer_dual	0	64	2	36	1.0000
main	layer_dual	0	64	2	37	1.0000
main	layer_dual	0	64	2	38	1.0000
main	layer_dual	0	64	2	39	1.0000
main	layer_dual	0	64	2	40	1.0000
main	layer_dual	0	64	2	41	1.0000
main	layer_dual	0	64	2	42	1.0000
main	layer_dual	0	64	2	43	1.0000
main	layer_dual	0	64	2	44	1.0000
main	layer_dual	0	64	2	45	1.0000
main	layer_dual	0	64	2	46	1.0000
main	layer_dual	0	64	2	47	1.0000
main	layer_dual	0	64	2	48	1.0000
main	layer_dual	0	64	2	49	1.0000
main	layer_dual	0	64	2	50	1.0000
main	layer_dual	0	64	2	51	1.0000
main	layer_dual	0	64	2	52	1.0000
main	layer_dual	0	64	2	53	1.0000
main	layer_dual	0	64	2	54	1.0000
main	layer_dual	0	64	2	55	1.0000
main	layer_dual	0	64	2	56	1.0000
main	layer_dual	0	64	2	57	1.0000
main	layer_dual	0	64	2	58	1.0000
main	layer_dual	0	64	2	59	1.0000
main	layer_dual	0	64	2	60	1.0000
main	layer_dual	1	64	2	1	0.0511
main	layer_dual	1	64	2	2	0.6031
main	layer_dual	1	64	2	3	0.6120
main	layer_dual	1	64	2	4	0.5909
main	layer_dual	1	64	2	5	0.5885
main	layer_dual	1	64	2	6	0.5958
main	layer_dual	1	64	2	7	0.6599
main	layer_dual	1	64	2	8	0.7841
main	layer_dual	1	64	2	9	0.8425
main	layer_dual	1	64	2	10	0.8709
main	layer_dual	1	64	2	11	0.9383
main	layer_dual	1	64	2	12	0.9521
main	layer_dual	1	64	2	13	0.9716
main	layer_dual	1	64	2	14	0.9740
main	layer_dual	1	64	2	15	0.9748
main	layer_dual	1	64	2	16	0.9765
main	layer_dual	1	64	2	17	0.9854
main	layer_dual	1	64	2	18	0.9951
main	layer_dual	1	64	2	19	1.0000
main	layer_dual	1	64	2	20	1.0000
main	layer_dual	1	64	2	21	1.0000
main	layer_dual	1	64	2	22	1.0000
main	layer_dual	1	64	2	23	1.0000
main	layer_dual	1	64	2	24	1.0000
main	layer_dual	1	64	2	25	1.0000
main	layer_dual	1	64	2	26	1.0000
main	layer_dual	1	64	2	27	1.0000
main	layer_dual	1	64	2	28	1.0000
main	layer_dual	1	64	2	29	1.0000
main	layer_dual	1	64	2	30	1.0000
main	layer_dual	1	64	2	31	1.0000
main	layer_dual	1	64	2	32	1.0000
main	layer_dual	1	64	2	33	1.0000
main	layer_dual	1	64	2	34	1.0000
main	layer_dual	1	64	2	35	1.0000
main	layer_dual	1	64	2	36	1.0000
main	layer_dual	1	64	2	37	1.0000
main	layer_dual	1	64	2	38	1.0000
main	layer_dual	1	64	2	39	1.0000
main	layer_dual	1	64	2	40	1.0000
main	layer_dual	1	64	2	41	1.0000
main	layer_dual	1	64	2	42	1.0000
main	layer_dual	1	64	2	43	1.0000
main	layer_dual	1	64	2	44	1.0000
main	layer_dual	1	64	2	45	1.0000
main	layer_dual	1	64	2	46	1.0000
main	layer_dual	1	64	2	47	1.0000
main	layer_dual	1	64	2	48	1.0000
main	layer_dual	1	64	2	49	1.0000
main	layer_dual	1	64	2	50	1.0000
main	layer_dual	1	64	2	51	1.0000
main	layer_dual	1	64	2	52	1.0000
main	layer_dual	1	64	2	53	1.0000
main	layer_dual	1	64	2	54	1.0000
main	layer_dual	1	64	2	55	1.0000
main	layer_dual	1	64	2	56	1.0000
main	layer_dual	1	64	2	57	1.0000
main	layer_dual	1	64	2	58	1.0000
main	layer_dual	1	64	2	59	1.0000
main	layer_dual	1	64	2	60	1.0000
main	layer_dual	2	64	2	1	0.0000
main	layer_dual	2	64	2	2	0.3109
main	layer_dual	2	64	2	3	0.5844
main	layer_dual	2	64	2	4	0.5844
main	layer_dual	2	64	2	5	0.6080
main	layer_dual	2	64	2	6	0.7183
main	layer_dual	2	64	2	7	0.8182
main	layer_dual	2	64	2	8	0.9481
main	layer_dual	2	64	2	9	0.9481
main	layer_dual	2	64	2	10	0.9481
main	layer_dual	2	64	2	11	0.9521
main	layer_dual	2	64	2	12	0.9740
main	layer_dual	2	64	2	13	0.9740
main	layer_dual	2	64	2	14	0.9740
main	layer_dual	2	64	2	15	0.9740
main	layer_dual	2	64	2	16	0.9740
main	layer_dual	2	64	2	17	0.9789
main	layer_dual	2	64	2	18	0.9821
main	layer_dual	2	64	2	19	0.9854
main	layer_dual	2	64	2	20	0.9821
main	layer_dual	2	64	2	21	0.9756
main	layer_dual	2	64	2	22	0.9740
main	layer_dual	2	64	2	23	0.9740
main	layer_dual	2	64	2	24	0.9740
main	layer_dual	2	64	2	25	0.9740
main	layer_dual	2	64	2	26	0.9740
main	layer_dual	2	64	2	27	0.9756
main	layer_dual	2	64	2	28	0.9878
main	layer_dual	2	64	2	29	0.9976
main	layer_dual	2	64	2	30	1.0000
main	layer_dual	2	64	2	31	1.0000
main	layer_dual	2	64	2	32	1.0000
main	layer_dual	2	64	2	33	1.0000
main	layer_dual	2	64	2	34	1.0000
main	layer_dual	2	64	2	35	1.0000
main	layer_dual	2	64	2	36	1.0000
main	layer_dual	2	64	2	37	1.0000
main	layer_dual	2	64	2	38	1.0000
main	layer_dual	2	64	2	39	1.0000
main	layer_dual	2	64	2	40	1.0000
main	layer_dual	2	64	2	41	1.0000
main	layer_dual	2	64	2	42	1.0000
main	layer_dual	2	64	2	43	1.0000
main	layer_dual	2	64	2	44	1.0000
main	layer_dual	2	64	2	45	1.0000
main	layer_dual	2	64	2	46	1.0000
main	layer_dual	2	64	2	47	1.0000
main	layer_dual	2	64	2	48	1.0000
main	layer_dual	2	64	2	49	1.0000
main	layer_dual	2	64	2	50	1.0000
main	layer_dual	2	64	2	51	1.0000
main	layer_dual	2	64	2	52	1.0000
main	layer_dual	2	64	2	53	1.0000
main	layer_dual	2	64	2	54	1.0000
main	layer_dual	2	64	2	55	1.0000
main	layer_dual	2	64	2	56	1.0000
main	layer_dual	2	64	2	57	1.0000
main	layer_dual	2	64	2	58	1.0000
main	layer_dual	2	64	2	59	1.0000
main	layer_dual	2	64	2	60	1.0000
main	layer_dual	3	64	2	1	0.0000
main	layer_dual	3	64	2	2	0.3401
main	layer_dual	3	64	2	3	0.7403
main	layer_dual	3	64	2	4	0.7403
main	layer_dual	3	64	2	5	0.7890
main	layer_dual	3	64	2	6	0.8442
main	layer_dual	3	64	2	7	0.8742
main	layer_dual	3	64	2	8	0.8961
main	layer_dual	3	64	2	9	0.8961
main	layer_dual	3	64	2	10	0.9010
main	layer_dual	3	64	2	11	0.9269
main	layer_dual	3	64	2	12	0.9594
main	layer_dual	3	64	2	13	0.9643
main	layer_dual	3	64	2	14	0.9692
main	layer_dual	3	64	2	15	0.9748
main	layer_dual	3	64	2	16	0.9765
main	layer_dual	3	64	2	17	0.9821
main	layer_dual	3	64	2	18	0.9878
main	layer_dual	3	64	2	19	0.9976
main	layer_dual	3	64	2	20	1.0000
main	layer_dual	3	64	2	21	1.0000
main	layer_dual	3	64	2	22	1.0000
main	layer_dual	3	64	2	23	1.0000
main	layer_dual	3	64	2	24	1.0000
main	layer_dual	3	64	2	25	1.0000
main	layer_dual	3	64	2	26	1.0000
main	layer_dual	3	64	2	27	1.0000
main	layer_dual	3	64	2	28	1.0000
main	layer_dual	3	64	2	29	1.0000
main	layer_dual	3	64	2	30	1.0000
main	layer_dual	3	64	2	31	1.0000
main	layer_dual	3	64	2	32	1.0000
main	layer_dual	3	64	2	33	1.0000
main	layer_dual	3	64	2	34	1.0000
main	layer_dual	3	64	2	35	1.0000
main	layer_dual	3	64	2	36	1.0000
main	layer_dual	3	64	2	37	1.0000
main	layer_dual	3	64	2	38	1.0000
main	layer_dual	3	64	2	39	1.0000
main	layer_dual	3	64	2	40	1.0000
main	layer_dual	3	64	2	41	1.0000
main	layer_dual	3	64	2	42	1.0000
main	layer_dual	3	64	2	43	1.0000
main	layer_dual	3	64	2	44	1.0000
main	layer_dual	3	64	2	45	1.0000
main	layer_dual	3	64	2	46	1.0000
main	layer_dual	3	64	2	47	1.0000
main	layer_dual	3	64	2	48	1.0000
main	layer_dual	3	64	2	49	1.0000
main	layer_dual	3	64	2	50	1.0000
main	layer_dual	3	64	2	51	1.0000
main	layer_dual	3	64	2	52	1.0000
main	layer_dual	3	64	2	53	1.0000
main	layer_dual	3	64	2	54	1.0000
main	layer_dual	3	64	2	55	1.0000
main	layer_dual	3	64	2	56	1.0000
main	layer_dual	3	64	2	57	1.0000
main	layer_dual	3	64	2	58	1.0000
main	layer_dual	3	64	2	59	1.0000
main	layer_dual	3	64	2	60	1.0000
main	layer_dual	4	64	2	1	0.5877
main	layer_dual	4	64	2	2	0.7403
main	layer_dual	4	64	2	3	0.7403
main	layer_dual	4	64	2	4	0.7403
main	layer_dual	4	64	2	5	0.7541
main	layer_dual	4	64	2	6	0.7841
main	layer_dual	4	64	2	7	0.9075
main	layer_dual	4	64	2	8	0.9245
main	layer_dual	4	64	2	9	0.9407
main	layer_dual	4	64	2	10	0.9513
main	layer_dual	4	64	2	11	0.9805
main	layer_dual	4	64	2	12	1.0000
main	layer_dual	4	64	2	13	1.0000
main	layer_dual	4	64	2	14	1.0000
main	layer_dual	4	64	2	15	1.0000
main	layer_dual	4	64	2	16	1.0000
main	layer_dual	4	64	2	17	1.0000
main	layer_dual	4	64	2	18	1.0000
main	layer_dual	4	64	2	19	1.0000
main	layer_dual	4	64	2	20	1.0000
main	layer_dual	4	64	2	21	1.0000
main	layer_dual	4	64	2	22	1.0000
main	layer_dual	4	64	2	23	1.0000
main	layer_dual	4	64	2	24	1.0000
main	layer_dual	4	64	2	25	1.0000
main	layer_dual	4	64	2	26	1.0000
main	layer_dual	4	64	2	27	1.0000
main	layer_dual	4	64	2	28	1.0000
main	layer_dual	4	64	2	29	1.0000
main	layer_dual	4	64	2	30	1.0000
main	layer_dual	4	64	2	31	1.0000
main	layer_dual	4	64	2	32	1.0000
main	layer_dual	4	64	2	33	1.0000
main	layer_dual	4	64	2	34	1.0000
main	layer_dual	4	64	2	35	1.0000
main	layer_dual	4	64	2	36	1.0000
main	layer_dual	4	64	2	37	1.0000
main	layer_dual	4	64	2	38	1.0000
main	layer_dual	4	64	2	39	1.0000
main	layer_dual	4	64	2	40	1.0000
main	layer_dual	4	64	2	41	1.0000
main	layer_dual	4	64	2	42	1.0000
main	layer_dual	4	64	2	43	1.0000
main	layer_dual	4	64	2	44	1.0000
main	layer_dual	4	64	2	45	1.0000
main	layer_dual	4	64	2	46	1.0000
main	layer_dual	4	64	2	47	1.0000
main	layer_dual	4	64	2	48	1.0000
main	layer_dual	4	64	2	49	1.0000
main	layer_dual	4	64	2	50	1.0000
main	layer_dual	4	64	2	51	1.0000
main	layer_dual	4	64	2	52	1.0000
main	layer_dual	4	64	2	53	1.0000
main	layer_dual	4	64	2	54	1.0000
main	layer_dual	4	64	2	55	1.0000
main	layer_dual	4	64	2	56	1.0000
main	layer_dual	4	64	2	57	1.0000
main	layer_dual	4	64	2	58	1.0000
main	layer_dual	4	64	2	59	1.0000
main	layer_dual	4	64	2	60	1.0000
main	layer_dual	5	64	2	1	0.0000
main	layer_dual	5	64	2	2	0.6883
main	layer_dual	5	64	2	3	0.8222
main	layer_dual	5	64	2	4	0.8661
main	layer_dual	5	64	2	5	0.8758
main	layer_dual	5	64	2	6	0.9740
main	layer_dual	5	64	2	7	0.9740
main	layer_dual	5	64	2	8	0.9740
main	layer_dual	5	64	2	9	0.9740
main	layer_dual	5	64	2	10	0.9740
main	layer_dual	5	64	2	11	0.9992
main	layer_dual	5	64	2	12	1.0000
main	layer_dual	5	64	2	13	1.0000
main	layer_dual	5	64	2	14	1.0000
main	layer_dual	5	64	2	15	1.0000
main	layer_dual	5	64	2	16	1.0000
main	layer_dual	5	64	2	17	1.0000
main	layer_dual	5	64	2	18	1.0000
main	layer_dual	5	64	2	19	1.0000
main	layer_dual	5	64	2	20	1.0000
main	layer_dual	5	64	2	21	1.0000
main	layer_dual	5	64	2	22	1.0000
main	layer_dual	5	64	2	23	1.0000
main	layer_dual	5	64	2	24	1.0000
main	layer_dual	5	64	2	25	1.0000
main	layer_dual	5	64	2	26	1.0000
main	layer_dual	5	64	2	27	1.0000
main	layer_dual	5	64	2	28	1.0000
main	layer_dual	5	64	2	29	1.0000
main	layer_dual	5	64	2	30	1.0000
main	layer_dual	5	64	2	31	1.0000
main	layer_dual	5	64	2	32	1.0000
main	layer_dual	5	64	2	33	1.0000
main	layer_dual	5	64	2	34	1.0000
main	layer_dual	5	64	2	35	1.0000
main	layer_dual	5	64	2	36	1.0000
main	layer_dual	5	64	2	37	1.0000
main	layer_dual	5	64	2	38	1.0000
main	layer_dual	5	64	2	39	1.0000
main	layer_dual	5	64	2	40	1.0000
main	layer_dual	5	64	2	41	1.0000
main	layer_dual	5	64	2	42	1.0000
main	layer_dual	5	64	2	43	1.0000
main	layer_dual	5	64	2	44	1.0000
main	layer_dual	5	64	2	45	1.0000
main	layer_dual	5	64	2	46	1.0000
main	layer_dual	5	64	2	47	1.0000
main	layer_dual	5	64	2	48	1.0000
main	layer_dual	5	64	2	49	1.0000
main	layer_dual	5	64	2	50	1.0000
main	layer_dual	5	64	2	51	1.0000
main	layer_dual	5	64	2	52	1.0000
main	layer_dual	5	64	2	53	1.0000
main	layer_dual	5	64	2	54	1.0000
main	layer_dual	5	64	2	55	1.0000
main	layer_dual	5	64	2	56	1.0000
main	layer_dual	5	64	2	57	1.0000
main	layer_dual	5	64	2	58	1.0000
main	layer_dual	5	64	2	59	1.0000
main	layer_dual	5	64	2	60	1.0000
main	layer_dual	6	64	2	1	0.5844
main	layer_dual	6	64	2	2	0.5844
main	layer_dual	6	64	2	3	0.5844
main	layer_dual	6	64	2	4	0.5844
main	layer_dual	6	64	2	5	0.5852
main	layer_dual	6	64	2	6	0.5901
main	layer_dual	6	64	2	7	0.6006
main	layer_dual	6	64	2	8	0.6380
main	layer_dual	6	64	2	9	0.7346
main	layer_dual	6	64	2	10	0.8490
main	layer_dual	6	64	2	11	0.9221
main	layer_dual	6	64	2	12	0.9221
main	layer_dual	6	64	2	13	0.9221
main	layer_dual	6	64	2	14	0.9237
main	layer_dual	6	64	2	15	0.9294
main	layer_dual	6	64	2	16	0.9456
main	layer_dual	6	64	2	17	0.9667
main	layer_dual	6	64	2	18	0.9821
main	layer_dual	6	64	2	19	0.9927
main	layer_dual	6	64	2	20	1.0000
main	layer_dual	6	64	2	21	1.0000
main	layer_dual	6	64	2	22	1.0000
main	layer_dual	6	64	2	23	1.0000
main	layer_dual	6	64	2	24	1.0000
main	layer_dual	6	64	2	25	1.0000
main	layer_dual	6	64	2	26	1.0000
main	layer_dual	6	64	2	27	1.0000
main	layer_dual	6	64	2	28	1.0000
main	layer_dual	6	64	2	29	1.0000
main	layer_dual	6	64	2	30	1.0000
main	layer_dual	6	64	2	31	1.0000
main	layer_dual	6	64	2	32	1.0000
main	layer_dual	6	64	2	33	1.0000
main	layer_dual	6	64	2	34	1.0000
main	layer_dual	6	64	2	35	1.0000
main	layer_dual	6	64	2	36	1.0000
main	layer_dual	6	64	2	37	1.0000
main	layer_dual	6	64	2	38	1.0000
main	layer_dual	6	64	2	39	1.0000
main	layer_dual	6	64	2	40	1.0000
main	layer_dual	6	64	2	41	1.0000
main	layer_dual	6	64	2	42	1.0000
main	layer_dual	6	64	2	43	1.0000
main	layer_dual	6	64	2	44	1.0000
main	layer_dual	6	64	2	45	1.0000
main	layer_dual	6	64	2	46	1.0000
main	layer_dual	6	64	2	47	1.0000
main	layer_dual	6	64	2	48	1.0000
main	layer_dual	6	64	2	49	1.0000
main	layer_dual	6	64	2	50	1.0000
main	layer_dual	6	64	2	51	1.0000
main	layer_dual	6	64	2	52	1.0000
main	layer_dual	6	64	2	53	1.0000
main	layer_dual	6	64	2	54	1.0000
main	layer_dual	6	64	2	55	1.0000
main	layer_dual	6	64	2	56	1.0000
main	layer_dual	6	64	2	57	1.0000
main	layer_dual	6	64	2	58	1.0000
main	layer_dual	6	64	2	59	1.0000
main	layer_dual	6	64	2	60	1.0000
main	layer_dual	7	64	2	1	0.0000
main	layer_dual	7	64	2	2	0.5844
main	layer_dual	7	64	2	3	0.5844
main	layer_dual	7	64	2	4	0.5877
main	layer_dual	7	64	2	5	0.5990
main	layer_dual	7	64	2	6	0.6494
main	layer_dual	7	64	2	7	0.6883
main	layer_dual	7	64	2	8	0.8125
main	layer_dual	7	64	2	9	0.8450
main	layer_dual	7	64	2	10	0.8523
main	layer_dual	7	64	2	11	0.8961
main	layer_dual	7	64	2	12	0.9075
main	layer_dual	7	64	2	13	0.9562
main	layer_dual	7	64	2	14	0.9619
main	layer_dual	7	64	2	15	0.9740
main	layer_dual	7	64	2	16	0.9740
main	layer_dual	7	64	2	17	0.9740
main	layer_dual	7	64	2	18	0.9992
main	layer_dual	7	64	2	19	1.0000
main	layer_dual	7	64	2	20	1.0000
main	layer_dual	7	64	2	21	1.0000
main	layer_dual	7	64	2	22	1.0000
main	layer_dual	7	64	2	23	1.0000
main	layer_dual	7	64	2	24	1.0000
main	layer_dual	7	64	2	25	1.0000
main	layer_dual	7	64	2	26	1.0000
main	layer_dual	7	64	2	27	1.0000
main	layer_dual	7	64	2	28	1.0000
main	layer_dual	7	64	2	29	1.0000
main	layer_dual	7	64	2	30	1.0000
main	layer_dual	7	64	2	31	1.0000
main	layer_dual	7	64	2	32	1.0000
main	layer_dual	7	64	2	33	1.0000
main	layer_dual	7	64	2	34	1.0000
main	layer_dual	7	64	2	35	1.0000
main	layer_dual	7	64	2	36	1.0000
main	layer_dual	7	64	2	37	1.0000
main	layer_dual	7	64	2	38	1.0000
main	layer_dual	7	64	2	39	1.0000
main	layer_dual	7	64	2	40	1.0000
main	layer_dual	7	64	2	41	1.0000
main	layer_dual	7	64	2	42	1.0000
main	layer_dual	7	64	2	43	1.0000
main	layer_dual	7	64	2	44	1.0000
main	layer_dual	7	64	2	45	1.0000
main	layer_dual	7	64	2	46	1.0000
main	layer_dual	7	64	2	47	1.0000
main	layer_dual	7	64	2	48	1.0000
main	layer_dual	7	64	2	49	1.0000
main	layer_dual	7	64	2	50	1.0000
main	layer_dual	7	64	2	51	1.0000
main	layer_dual	7	64	2	52	1.0000
main	layer_dual	7	64	2	53	1.0000
main	layer_dual	7	64	2	54	1.0000
main	layer_dual	7	64	2	55	1.0000
main	layer_dual	7	64	2	56	1.0000
main	layer_dual	7	64	2	57	1.0000
main	layer_dual	7	64	2	58	1.0000
main	layer_dual	7	64	2	59	1.0000
main	layer_dual	7	64	2	60	1.0000
main	layer_dual	8	64	2	1	0.0000
main	layer_dual	8	64	2	2	0.5844
main	layer_dual	8	64	2	3	0.6023
main	layer_dual	8	64	2	4	0.6721
main	layer_dual	8	64	2	5	0.6883
main	layer_dual	8	64	2	6	0.7427
main	layer_dual	8	64	2	7	0.7679
main	layer_dual	8	64	2	8	0.7922
main	layer_dual	8	64	2	9	0.9456
main	layer_dual	8	64	2	10	0.9481
main	layer_dual	8	64	2	11	0.9489
main	layer_dual	8	64	2	12	0.9700
main	layer_dual	8	64	2	13	0.9903
main	layer_dual	8	64	2	14	1.0000
main	layer_dual	8	64	2	15	1.0000
main	layer_dual	8	64	2	16	1.0000
main	layer_dual	8	64	2	17	1.0000
main	layer_dual	8	64	2	18	1.0000
main	layer_dual	8	64	2	19	1.0000
main	layer_dual	8	64	2	20	1.0000
main	layer_dual	8	64	2	21	1.0000
main	layer_dual	8	64	2	22	1.0000
main	layer_dual	8	64	2	23	1.0000
main	layer_dual	8	64	2	24	1.0000
main	layer_dual	8	64	2	25	1.0000
main	layer_dual	8	64	2	26	1.0000
main	layer_dual	8	64	2	27	1.0000
main	layer_dual	8	64	2	28	1.0000
main	layer_dual	8	64	2	29	1.0000
main	layer_dual	8	64	2	30	1.0000
main	layer_dual	8	64	2	31	1.0000
main	layer_dual	8	64	2	32	1.0000
main	layer_dual	8	64	2	33	1.0000
main	layer_dual	8	64	2	34	1.0000
main	layer_dual	8	64	2	35	1.0000
main	layer_dual	8	64	2	36	1.0000
main	layer_dual	8	64	2	37	1.0000
main	layer_dual	8	64	2	38	1.0000
main	layer_dual	8	64	2	39	1.0000
main	layer_dual	8	64	2	40	1.0000
main	layer_dual	8	64	2	41	1.0000
main	layer_dual	8	64	2	42	1.0000
main	layer_dual	8	64	2	43	1.0000
main	layer_dual	8	64	2	44	1.0000
main	layer_dual	8	64	2	45	1.0000
main	layer_dual	8	64	2	46	1.0000
main	layer_dual	8	64	2	47	1.0000
main	layer_dual	8	64	2	48	1.0000
main	layer_dual	8	64	2	49	1.0000
main	layer_dual	8	64	2	50	1.0000
main	layer_dual	8	64	2	51	1.0000
main	layer_dual	8	64	2	52	1.0000
main	layer_dual	8	64	2	53	1.0000
main	layer_dual	8	64	2	54	1.0000
main	layer_dual	8	64	2	55	1.0000
main	layer_dual	8	64	2	56	1.0000
main	layer_dual	8	64	2	57	1.0000
main	layer_dual	8	64	2	58	1.0000
main	layer_dual	8	64	2	59	1.0000
main	layer_dual	8	64	2	60	1.0000
main	layer_dual	9	64	2	1	0.0000
main	layer_dual	9	64	2	2	0.6006
main	layer_dual	9	64	2	3	0.6364
main	layer_dual	9	64	2	4	0.5974
main	layer_dual	9	64	2	5	0.5877
main	layer_dual	9	64	2	6	0.5852
main	layer_dual	9	64	2	7	0.7411
main	layer_dual	9	64	2	8	0.7476
main	layer_dual	9	64	2	9	0.8279
main	layer_dual	9	64	2	10	0.9481
main	layer_dual	9	64	2	11	0.9481
main	layer_dual	9	64	2	12	0.9481
main	layer_dual	9	64	2	13	0.9489
main	layer_dual	9	64	2	14	0.9878
main	layer_dual	9	64	2	15	1.0000
main	layer_dual	9	64	2	16	1.0000
main	layer_dual	9	64	2	17	1.0000
main	layer_dual	9	64	2	18	1.0000
main	layer_dual	9	64	2	19	1.0000
main	layer_dual	9	64	2	20	1.0000
main	layer_dual	9	64	2	21	1.0000
main	layer_dual	9	64	2	22	1.0000
main	layer_dual	9	64	2	23	1.0000
main	layer_dual	9	64	2	24	1.0000
main	layer_dual	9	64	2	25	1.0000
main	layer_dual	9	64	2	26	1.0000
main	layer_dual	9	64	2	27	1.0000
main	layer_dual	9	64	2	28	1.0000
main	layer_dual	9	64	2	29	1.0000
main	layer_dual	9	64	2	30	1.0000
main	layer_dual	9	64	2	31	1.0000
main	layer_dual	9	64	2	32	1.0000
main	layer_dual	9	64	2	33	1.0000
main	layer_dual	9	64	2	34	1.0000
main	layer_dual	9	64	2	35	1.0000
main	layer_dual	9	64	2	36	1.0000
main	layer_dual	9	64	2	37	1.0000
main	layer_dual	9	64	2	38	1.0000
main	layer_dual	9	64	2	39	1.0000
main	layer_dual	9	64	2	40	1.0000
main	layer_dual	9	64	2	41	1.0000
main	layer_dual	9	64	2	42	1.0000
main	layer_dual	9	64	2	43	1.0000
main	layer_dual	9	64	2	44	1.0000
main	layer_dual	9	64	2	45	1.0000
main	layer_dual	9	64	2	46	1.0000
main	layer_dual	9	64	2	47	1.0000
main	layer_dual	9	64	2	48	1.0000
main	layer_dual	9	64	2	49	1.0000
main	layer_dual	9	64	2	50	1.0000
main	layer_dual	9	64	2	51	1.0000
main	layer_dual	9	64	2	52	1.0000
main	layer_dual	9	64	2	53	1.0000
main	layer_dual	9	64	2	54	1.0000
main	layer_dual	9	64	2	55	1.0000
main	layer_dual	9	64	2	56	1.0000
main	layer_dual	9	64	2	57	1.0000
main	layer_dual	9	64	2	58	1.0000
main	layer_dual	9	64	2	59	1.0000
main	layer_dual	9	64	2	60	1.0000
robust	baseline	0	128	2	1	0.5548
robust	baseline	0	128	2	2	0.5710
robust	baseline	0	128	2	3	0.6150
robust	baseline	0	128	2	4	0.6659
robust	baseline	0	128	2	5	0.7384
robust	baseline	0	128	2	6	0.8287
robust	baseline	0	128	2	7	0.8974
robust	baseline	0	128	2	8	0.9715
robust	baseline	0	128	2	9	0.9977
robust	baseline	0	128	2	10	1.0000
robust	baseline	0	128	2	11	1.0000
robust	baseline	0	128	2	12	1.0000
robust	baseline	0	128	2	13	1.0000
robust	baseline	0	128	2	14	1.0000
robust	baseline	0	128	2	15	1.0000
robust	baseline	0	128	2	16	1.0000
robust	baseline	0	128	2	17	1.0000
robust	baseline	0	128	2	18	1.0000
robust	baseline	0	128	2	19	1.0000
robust	baseline	0	128	2	20	1.0000
robust	baseline	0	128	2	21	1.0000
robust	baseline	0	128	2	22	1.0000
robust	baseline	0	128	2	23	1.0000
robust	baseline	0	128	2	24	1.0000
robust	baseline	0	128	2	25	1.0000
robust	baseline	0	128	2	26	1.0000
robust	baseline	0	128	2	27	1.0000
robust	baseline	0	128	2	28	1.0000
robust	baseline	0	128	2	29	1.0000
robust	baseline	0	128	2	30	1.0000
robust	baseline	0	128	2	31	1.0000
robust	baseline	0	128	2	32	1.0000
robust	baseline	0	128	2	33	1.0000
robust	baseline	0	128	2	34	1.0000
robust	baseline	0	128	2	35	1.0000
robust	baseline	0	128	2	36	1.0000
robust	baseline	0	128	2	37	1.0000
robust	baseline	0	128	2	38	1.0000
robust	baseline	0	128	2	39	1.0000
robust	baseline	0	128	2	40	1.0000
robust	baseline	0	128	2	41	1.0000
robust	baseline	0	128	2	42	1.0000
robust	baseline	0	128	2	43	1.0000
robust	baseline	0	128	2	44	1.0000
robust	baseline	0	128	2	45	1.0000
robust	baseline	0	128	2	46	1.0000
robust	baseline	0	128	2	47	1.0000
robust	baseline	0	128	2	48	1.0000
robust	baseline	0	128	2	49	1.0000
robust	baseline	0	128	2	50	1.0000
robust	baseline	0	128	2	51	1.0000
robust	baseline	0	128	2	52	1.0000
robust	baseline	0	128	2	53	1.0000
robust	baseline	0	128	2	54	1.0000
robust	baseline	0	128	2	55	1.0000
robust	baseline	0	128	2	56	1.0000
robust	baseline	0	128	2	57	1.0000
robust	baseline	0	128	2	58	1.0000
robust	baseline	0	128	2	59	1.0000
robust	baseline	0	128	2	60	1.0000
robust	baseline	1	128	2	1	0.5556
robust	baseline	1	128	2	2	0.7037
robust	baseline	1	128	2	3	0.7037
robust	baseline	1	128	2	4	0.7037
robust	baseline	1	128	2	5	0.7037
robust	baseline	1	128	2	6	0.7060
robust	baseline	1	128	2	7	0.7438
robust	baseline	1	128	2	8	0.9568
robust	baseline	1	128	2	9	1.0000
robust	baseline	1	128	2	10	1.0000
robust	baseline	1	128	2	11	1.0000
robust	baseline	1	128	2	12	1.0000
robust	baseline	1	128	2	13	1.0000
robust	baseline	1	128	2	14	1.0000
robust	baseline	1	128	2	15	1.0000
robust	baseline	1	128	2	16	1.0000
robust	baseline	1	128	2	17	1.0000
robust	baseline	1	128	2	18	1.0000
robust	baseline	1	128	2	19	1.0000
robust	baseline	1	128	2	20	1.0000
robust	baseline	1	128	2	21	1.0000
robust	baseline	1	128	2	22	1.0000
robust	baseline	1	128	2	23	1.0000
robust	baseline	1	128	2	24	1.0000
robust	baseline	1	128	2	25	1.0000
robust	baseline	1	128	2	26	1.0000
robust	baseline	1	128	2	27	1.0000
robust	baseline	1	128	2	28	1.0000
robust	baseline	1	128	2	29	1.0000
robust	baseline	1	128	2	30	1.0000
robust	baseline	1	128	2	31	1.0000
robust	baseline	1	128	2	32	1.0000
robust	baseline	1	128	2	33	1.0000
robust	baseline	1	128	2	34	1.0000
robust	baseline	1	128	2	35	1.0000
robust	baseline	1	128	2	36	1.0000
robust	baseline	1	128	2	37	1.0000
robust	baseline	1	128	2	38	1.0000
robust	baseline	1	128	2	39	1.0000
robust	baseline	1	128	2	40	1.0000
robust	baseline	1	128	2	41	1.0000
robust	baseline	1	128	2	42	1.0000
robust	baseline	1	128	2	43	1.0000
robust	baseline	1	128	2	44	1.0000
robust	baseline	1	128	2	45	1.0000
robust	baseline	1	128	2	46	1.0000
robust	baseline	1	128	2	47	1.0000
robust	baseline	1	128	2	48	1.0000
robust	baseline	1	128	2	49	1.0000
robust	baseline	1	128	2	50	1.0000
robust	baseline	1	128	2	51	1.0000
robust	baseline	1	128	2	52	1.0000
robust	baseline	1	128	2	53	1.0000
robust	baseline	1	128	2	54	1.0000
robust	baseline	1	128	2	55	1.0000
robust	baseline	1	128	2	56	1.0000
robust	baseline	1	128	2	57	1.0000
robust	baseline	1	128	2	58	1.0000
robust	baseline	1	128	2	59	1.0000
robust	baseline	1	128	2	60	1.0000
robust	decl_full	0	128	2	1	0.5548
robust	decl_full	0	128	2	2	0.5602
robust	decl_full	0	128	2	3	0.6057
robust	decl_full	0	128	2	4	0.6659
robust	decl_full	0	128	2	5	0.7400
robust	decl_full	0	128	2	6	0.8318
robust	decl_full	0	128	2	7	0.9012
robust	decl_full	0	128	2	8	0.9684
robust	decl_full	0	128	2	9	1.0000
robust	decl_full	0	128	2	10	1.0000
robust	decl_full	0	128	2	11	1.0000
robust	decl_full	0	128	2	12	1.0000
robust	decl_full	0	128	2	13	1.0000
robust	decl_full	0	128	2	14	1.0000
robust	decl_full	0	128	2	15	1.0000
robust	decl_full	0	128	2	16	1.0000
robust	decl_full	0	128	2	17	1.0000
robust	decl_full	0	128	2	18	1.0000
robust	decl_full	0	128	2	19	1.0000
robust	decl_full	0	128	2	20	1.0000
robust	decl_full	0	128	2	21	1.0000
robust	decl_full	0	128	2	22	1.0000
robust	decl_full	0	128	2	23	1.0000
robust	decl_full	0	128	2	24	1.0000
robust	decl_full	0	128	2	25	1.0000
robust	decl_full	0	128	2	26	1.0000
robust	decl_full	0	128	2	27	1.0000
robust	decl_full	0	128	2	28	1.0000
robust	decl_full	0	128	2	29	1.0000
robust	decl_full	0	128	2	30	1.0000
robust	decl_full	0	128	2	31	1.0000
robust	decl_full	0	128	2	32	1.0000
robust	decl_full	0	128	2	33	1.0000
robust	decl_full	0	128	2	34	1.0000
robust	decl_full	0	128	2	35	1.0000
robust	decl_full	0	128	2	36	1.0000
robust	decl_full	0	128	2	37	1.0000
robust	decl_full	0	128	2	38	1.0000
robust	decl_full	0	128	2	39	1.0000
robust	decl_full	0	128	2	40	1.0000
robust	decl_full	0	128	2	41	1.0000
robust	decl_full	0	128	2	42	1.0000
robust	decl_full	0	128	2	43	1.0000
robust	decl_full	0	128	2	44	1.0000
robust	decl_full	0	128	2	45	1.0000
robust	decl_full	0	128	2	46	1.0000
robust	decl_full	0	128	2	47	1.0000
robust	decl_full	0	128	2	48	1.0000
robust	decl_full	0	128	2	49	1.0000
robust	decl_full	0	128	2	50	1.0000
robust	decl_full	0	128	2	51	1.0000
robust	decl_full	0	128	2	52	1.0000
robust	decl_full	0	128	2	53	1.0000
robust	decl_full	0	128	2	54	1.0000
robust	decl_full	0	128	2	55	1.0000
robust	decl_full	0	128	2	56	1.0000
robust	decl_full	0	128	2	57	1.0000
robust	decl_full	0	128	2	58	1.0000
robust	decl_full	0	128	2	59	1.0000
robust	decl_full	0	128	2	60	1.0000
robust	decl_full	1	128	2	1	0.5556
robust	decl_full	1	128	2	2	0.7037
robust	decl_full	1	128	2	3	0.7037
robust	decl_full	1	128	2	4	0.7037
robust	decl_full	1	128	2	5	0.7037
robust	decl_full	1	128	2	6	0.7083
robust	decl_full	1	128	2	7	0.7477
robust	decl_full	1	128	2	8	0.9444
robust	decl_full	1	128	2	9	1.0000
robust	decl_full	1	128	2	10	1.0000
robust	decl_full	1	128	2	11	1.0000
robust	decl_full	1	128	2	12	1.0000
robust	decl_full	1	128	2	13	1.0000
robust	decl_full	1	128	2	14	1.0000
robust	decl_full	1	128	2	15	1.0000
robust	decl_full	1	128	2	16	1.0000
robust	decl_full	1	128	2	17	1.0000
robust	decl_full	1	128	2	18	1.0000
robust	decl_full	1	128	2	19	1.0000
robust	decl_full	1	128	2	20	1.0000
robust	decl_full	1	128	2	21	1.0000
robust	decl_full	1	128	2	22	1.0000
robust	decl_full	1	128	2	23	1.0000
robust	decl_full	1	128	2	24	1.0000
robust	decl_full	1	128	2	25	1.0000
robust	decl_full	1	128	2	26	1.0000
robust	decl_full	1	128	2	27	1.0000
robust	decl_full	1	128	2	28	1.0000
robust	decl_full	1	128	2	29	1.0000
robust	decl_full	1	128	2	30	1.0000
robust	decl_full	1	128	2	31	1.0000
robust	decl_full	1	128	2	32	1.0000
robust	decl_full	1	128	2	33	1.0000
robust	decl_full	1	128	2	34	1.0000
robust	decl_full	1	128	2	35	1.0000
robust	decl_full	1	128	2	36	1.0000
robust	decl_full	1	128	2	37	1.0000
robust	decl_full	1	128	2	38	1.0000
robust	decl_full	1	128	2	39	1.0000
robust	decl_full	1	128	2	40	1.0000
robust	decl_full	1	128	2	41	1.0000
robust	decl_full	1	128	2	42	1.0000
robust	decl_full	1	128	2	43	1.0000
robust	decl_full	1	128	2	44	1.0000
robust	decl_full	1	128	2	45	1.0000
robust	decl_full	1	128	2	46	1.0000
robust	decl_full	1	128	2	47	1.0000
robust	decl_full	1	128	2	48	1.0000
robust	decl_full	1	128	2	49	1.0000
robust	decl_full	1	128	2	50	1.0000
robust	decl_full	1	128	2	51	1.0000
robust	decl_full	1	128	2	52	1.0000
robust	decl_full	1	128	2	53	1.0000
robust	decl_full	1	128	2	54	1.0000
robust	decl_full	1	128	2	55	1.0000
robust	decl_full	1	128	2	56	1.0000
robust	decl_full	1	128	2	57	1.0000
robust	decl_full	1	128	2	58	1.0000
robust	decl_full	1	128	2	59	1.0000
robust	decl_full	1	128	2	60	1.0000
robust	excl_pollute30	0	128	2	1	0.4348
robust	excl_pollute30	0	128	2	2	0.6528
robust	excl_pollute30	0	128	2	3	0.6721
robust	excl_pollute30	0	128	2	4	0.7289
robust	excl_pollute30	0	128	2	5	0.7331
robust	excl_pollute30	0	128	2	6	0.8424
robust	excl_pollute30	0	128	2	7	0.8955
robust	excl_pollute30	0	128	2	8	0.9245
robust	excl_pollute30	0	128	2	9	0.9716
robust	excl_pollute30	0	128	2	10	0.9946
robust	excl_pollute30	0	128	2	11	1.0000
robust	excl_pollute30	0	128	2	12	1.0000
robust	excl_pollute30	0	128	2	13	1.0000
robust	excl_pollute30	0	128	2	14	1.0000
robust	excl_pollute30	0	128	2	15	1.0000
robust	excl_pollute30	0	128	2	16	1.0000
robust	excl_pollute30	0	128	2	17	1.0000
robust	excl_pollute30	0	128	2	18	1.0000
robust	excl_pollute30	0	128	2	19	1.0000
robust	excl_pollute30	0	128	2	20	1.0000
robust	excl_pollute30	0	128	2	21	1.0000
robust	excl_pollute30	0	128	2	22	1.0000
robust	excl_pollute30	0	128	2	23	1.0000
robust	excl_pollute30	0	128	2	24	1.0000
robust	excl_pollute30	0	128	2	25	1.0000
robust	excl_pollute30	0	128	2	26	1.0000
robust	excl_pollute30	0	128	2	27	1.0000
robust	excl_pollute30	0	128	2	28	1.0000
robust	excl_pollute30	0	128	2	29	1.0000
robust	excl_pollute30	0	128	2	30	1.0000
robust	excl_pollute30	0	128	2	31	1.0000
robust	excl_pollute30	0	128	2	32	1.0000
robust	excl_pollute30	0	128	2	33	1.0000
robust	excl_pollute30	0	128	2	34	1.0000
robust	excl_pollute30	0	128	2	35	1.0000
robust	excl_pollute30	0	128	2	36	1.0000
robust	excl_pollute30	0	128	2	37	1.0000
robust	excl_pollute30	0	128	2	38	1.0000
robust	excl_pollute30	0	128	2	39	1.0000
robust	excl_pollute30	0	128	2	40	1.0000
robust	excl_pollute30	0	128	2	41	1.0000
robust	excl_pollute30	0	128	2	42	1.0000
robust	excl_pollute30	0	128	2	43	1.0000
robust	excl_pollute30	0	128	2	44	1.0000
robust	excl_pollute30	0	128	2	45	1.0000
robust	excl_pollute30	0	128	2	46	1.0000
robust	excl_pollute30	0	128	2	47	1.0000
robust	excl_pollute30	0	128	2	48	1.0000
robust	excl_pollute30	0	128	2	49	1.0000
robust	excl_pollute30	0	128	2	50	1.0000
robust	excl_pollute30	0	128	2	51	1.0000
robust	excl_pollute30	0	128	2	52	1.0000
robust	excl_pollute30	0	128	2	53	1.0000
robust	excl_pollute30	0	128	2	54	1.0000
robust	excl_pollute30	0	128	2	55	1.0000
robust	excl_pollute30	0	128	2	56	1.0000
robust	excl_pollute30	0	128	2	57	1.0000
robust	excl_pollute30	0	128	2	58	1.0000
robust	excl_pollute30	0	128	2	59	1.0000
robust	excl_pollute30	0	128	2	60	1.0000
robust	excl_pollute30	1	128	2	1	0.4348
robust	excl_pollute30	1	128	2	2	0.7681
robust	excl_pollute30	1	128	2	3	0.7681
robust	excl_pollute30	1	128	2	4	0.7681
robust	excl_pollute30	1	128	2	5	0.7681
robust	excl_pollute30	1	128	2	6	0.7681
robust	excl_pollute30	1	128	2	7	0.7681
robust	excl_pollute30	1	128	2	8	0.7736
robust	excl_pollute30	1	128	2	9	0.9360
robust	excl_pollute30	1	128	2	10	0.9801
robust	excl_pollute30	1	128	2	11	0.9843
robust	excl_pollute30	1	128	2	12	1.0000
robust	excl_pollute30	1	128	2	13	1.0000
robust	excl_pollute30	1	128	2	14	1.0000
robust	excl_pollute30	1	128	2	15	1.0000
robust	excl_pollute30	1	128	2	16	1.0000
robust	excl_pollute30	1	128	2	17	1.0000
robust	excl_pollute30	1	128	2	18	1.0000
robust	excl_pollute30	1	128	2	19	1.0000
robust	excl_pollute30	1	128	2	20	1.0000
robust	excl_pollute30	1	128	2	21	1.0000
robust	excl_pollute30	1	128	2	22	1.0000
robust	excl_pollute30	1	128	2	23	1.0000
robust	excl_pollute30	1	128	2	24	1.0000
robust	excl_pollute30	1	128	2	25	1.0000
robust	excl_pollute30	1	128	2	26	1.0000
robust	excl_pollute30	1	128	2	27	1.0000
robust	excl_pollute30	1	128	2	28	1.0000
robust	excl_pollute30	1	128	2	29	1.0000
robust	excl_pollute30	1	128	2	30	1.0000
robust	excl_pollute30	1	128	2	31	1.0000
robust	excl_pollute30	1	128	2	32	1.0000
robust	excl_pollute30	1	128	2	33	1.0000
robust	excl_pollute30	1	128	2	34	1.0000
robust	excl_pollute30	1	128	2	35	1.0000
robust	excl_pollute30	1	128	2	36	1.0000
robust	excl_pollute30	1	128	2	37	1.0000
robust	excl_pollute30	1	128	2	38	1.0000
robust	excl_pollute30	1	128	2	39	1.0000
robust	excl_pollute30	1	128	2	40	1.0000
robust	excl_pollute30	1	128	2	41	1.0000
robust	excl_pollute30	1	128	2	42	1.0000
robust	excl_pollute30	1	128	2	43	1.0000
robust	excl_pollute30	1	128	2	44	1.0000
robust	excl_pollute30	1	128	2	45	1.0000
robust	excl_pollute30	1	128	2	46	1.0000
robust	excl_pollute30	1	128	2	47	1.0000
robust	excl_pollute30	1	128	2	48	1.0000
robust	excl_pollute30	1	128	2	49	1.0000
robust	excl_pollute30	1	128	2	50	1.0000
robust	excl_pollute30	1	128	2	51	1.0000
robust	excl_pollute30	1	128	2	52	1.0000
robust	excl_pollute30	1	128	2	53	1.0000
robust	excl_pollute30	1	128	2	54	1.0000
robust	excl_pollute30	1	128	2	55	1.0000
robust	excl_pollute30	1	128	2	56	1.0000
robust	excl_pollute30	1	128	2	57	1.0000
robust	excl_pollute30	1	128	2	58	1.0000
robust	excl_pollute30	1	128	2	59	1.0000
robust	excl_pollute30	1	128	2	60	1.0000
robust	baseline	0	64	4	1	0.0000
robust	baseline	0	64	4	2	0.5556
robust	baseline	0	64	4	3	0.5764
robust	baseline	0	64	4	4	0.5926
robust	baseline	0	64	4	5	0.6952
robust	baseline	0	64	4	6	0.7323
robust	baseline	0	64	4	7	0.7816
robust	baseline	0	64	4	8	0.8542
robust	baseline	0	64	4	9	0.9005
robust	baseline	0	64	4	10	0.9745
robust	baseline	0	64	4	11	0.9753
robust	baseline	0	64	4	12	0.9753
robust	baseline	0	64	4	13	0.9830
robust	baseline	0	64	4	14	0.9907
robust	baseline	0	64	4	15	1.0000
robust	baseline	0	64	4	16	1.0000
robust	baseline	0	64	4	17	1.0000
robust	baseline	0	64	4	18	1.0000
robust	baseline	0	64	4	19	1.0000
robust	baseline	0	64	4	20	1.0000
robust	baseline	0	64	4	21	1.0000
robust	baseline	0	64	4	22	1.0000
robust	baseline	0	64	4	23	1.0000
robust	baseline	0	64	4	24	1.0000
robust	baseline	0	64	4	25	1.0000
robust	baseline	0	64	4	26	1.0000
robust	baseline	0	64	4	27	1.0000
robust	baseline	0	64	4	28	1.0000
robust	baseline	0	64	4	29	1.0000
robust	baseline	0	64	4	30	1.0000
robust	baseline	0	64	4	31	1.0000
robust	baseline	0	64	4	32	1.0000
robust	baseline	0	64	4	33	1.0000
robust	baseline	0	64	4	34	1.0000
robust	baseline	0	64	4	35	1.0000
robust	baseline	0	64	4	36	1.0000
robust	baseline	0	64	4	37	1.0000
robust	baseline	0	64	4	38	1.0000
robust	baseline	0	64	4	39	1.0000
robust	baseline	0	64	4	40	1.0000
robust	baseline	0	64	4	41	1.0000
robust	baseline	0	64	4	42	1.0000
robust	baseline	0	64	4	43	1.0000
robust	baseline	0	64	4	44	1.0000
robust	baseline	0	64	4	45	1.0000
robust	baseline	0	64	4	46	1.0000
robust	baseline	0	64	4	47	1.0000
robust	baseline	0	64	4	48	1.0000
robust	baseline	0	64	4	49	1.0000
robust	baseline	0	64	4	50	1.0000
robust	baseline	0	64	4	51	1.0000
robust	baseline	0	64	4	52	1.0000
robust	baseline	0	64	4	53	1.0000
robust	baseline	0	64	4	54	1.0000
robust	baseline	0	64	4	55	1.0000
robust	baseline	0	64	4	56	1.0000
robust	baseline	0	64	4	57	1.0000
robust	baseline	0	64	4	58	1.0000
robust	baseline	0	64	4	59	1.0000
robust	baseline	0	64	4	60	1.0000
robust	baseline	1	64	4	1	0.5556
robust	baseline	1	64	4	2	0.5556
robust	baseline	1	64	4	3	0.5556
robust	baseline	1	64	4	4	0.5556
robust	baseline	1	64	4	5	0.5556
robust	baseline	1	64	4	6	0.5586
robust	baseline	1	64	4	7	0.6358
robust	baseline	1	64	4	8	0.8032
robust	baseline	1	64	4	9	0.8094
robust	baseline	1	64	4	10	0.8557
robust	baseline	1	64	4	11	0.8835
robust	baseline	1	64	4	12	0.9066
robust	baseline	1	64	4	13	0.9321
robust	baseline	1	64	4	14	0.9522
robust	baseline	1	64	4	15	0.9799
robust	baseline	1	64	4	16	0.9861
robust	baseline	1	64	4	17	0.9954
robust	baseline	1	64	4	18	1.0000
robust	baseline	1	64	4	19	1.0000
robust	baseline	1	64	4	20	1.0000
robust	baseline	1	64	4	21	1.0000
robust	baseline	1	64	4	22	1.0000
robust	baseline	1	64	4	23	1.0000
robust	baseline	1	64	4	24	1.0000
robust	baseline	1	64	4	25	1.0000
robust	baseline	1	64	4	26	1.0000
robust	baseline	1	64	4	27	1.0000
robust	baseline	1	64	4	28	1.0000
robust	baseline	1	64	4	29	1.0000
robust	baseline	1	64	4	30	1.0000
robust	baseline	1	64	4	31	1.0000
robust	baseline	1	64	4	32	1.0000
robust	baseline	1	64	4	33	1.0000
robust	baseline	1	64	4	34	1.0000
robust	baseline	1	64	4	35	1.0000
robust	baseline	1	64	4	36	1.0000
robust	baseline	1	64	4	37	1.0000
robust	baseline	1	64	4	38	1.0000
robust	baseline	1	64	4	39	1.0000
robust	baseline	1	64	4	40	1.0000
robust	baseline	1	64	4	41	1.0000
robust	baseline	1	64	4	42	1.0000
robust	baseline	1	64	4	43	1.0000
robust	baseline	1	64	4	44	1.0000
robust	baseline	1	64	4	45	1.0000
robust	baseline	1	64	4	46	1.0000
robust	baseline	1	64	4	47	1.0000
robust	baseline	1	64	4	48	1.0000
robust	baseline	1	64	4	49	1.0000
robust	baseline	1	64	4	50	1.0000
robust	baseline	1	64	4	51	1.0000
robust	baseline	1	64	4	52	1.0000
robust	baseline	1	64	4	53	1.0000
robust	baseline	1	64	4	54	1.0000
robust	baseline	1	64	4	55	1.0000
robust	baseline	1	64	4	56	1.0000
robust	baseline	1	64	4	57	1.0000
robust	baseline	1	64	4	58	1.0000
robust	baseline	1	64	4	59	1.0000
robust	baseline	1	64	4	60	1.0000
robust	decl_full	0	64	4	1	0.0000
robust	decl_full	0	64	4	2	0.5556
robust	decl_full	0	64	4	3	0.5764
robust	decl_full	0	64	4	4	0.5934
robust	decl_full	0	64	4	5	0.6836
robust	decl_full	0	64	4	6	0.7323
robust	decl_full	0	64	4	7	0.7770
robust	decl_full	0	64	4	8	0.8356
robust	decl_full	0	64	4	9	0.8951
robust	decl_full	0	64	4	10	0.9707
robust	decl_full	0	64	4	11	0.9753
robust	decl_full	0	64	4	12	0.9753
robust	decl_full	0	64	4	13	0.9907
robust	decl_full	0	64	4	14	0.9977
robust	decl_full	0	64	4	15	1.0000
robust	decl_full	0	64	4	16	1.0000
robust	decl_full	0	64	4	17	1.0000
robust	decl_full	0	64	4	18	1.0000
robust	decl_full	0	64	4	19	1.0000
robust	decl_full	0	64	4	20	1.0000
robust	decl_full	0	64	4	21	1.0000
robust	decl_full	0	64	4	22	1.0000
robust	decl_full	0	64	4	23	1.0000
robust	decl_full	0	64	4	24	1.0000
robust	decl_full	0	64	4	25	1.0000
robust	decl_full	0	64	4	26	1.0000
robust	decl_full	0	64	4	27	1.0000
robust	decl_full	0	64	4	28	1.0000
robust	decl_full	0	64	4	29	1.0000
robust	decl_full	0	64	4	30	1.0000
robust	decl_full	0	64	4	31	1.0000
robust	decl_full	0	64	4	32	1.0000
robust	decl_full	0	64	4	33	1.0000
robust	decl_full	0	64	4	34	1.0000
robust	decl_full	0	64	4	35	1.0000
robust	decl_full	0	64	4	36	1.0000
robust	decl_full	0	64	4	37	1.0000
robust	decl_full	0	64	4	38	1.0000
robust	decl_full	0	64	4	39	1.0000
robust	decl_full	0	64	4	40	1.0000
robust	decl_full	0	64	4	41	1.0000
robust	decl_full	0	64	4	42	1.0000
robust	decl_full	0	64	4	43	1.0000
robust	decl_full	0	64	4	44	1.0000
robust	decl_full	0	64	4	45	1.0000
robust	decl_full	0	64	4	46	1.0000
robust	decl_full	0	64	4	47	1.0000
robust	decl_full	0	64	4	48	1.0000
robust	decl_full	0	64	4	49	1.0000
robust	decl_full	0	64	4	50	1.0000
robust	decl_full	0	64	4	51	1.0000
robust	decl_full	0	64	4	52	1.0000
robust	decl_full	0	64	4	53	1.0000
robust	decl_full	0	64	4	54	1.0000
robust	decl_full	0	64	4	55	1.0000
robust	decl_full	0	64	4	56	1.0000
robust	decl_full	0	64	4	57	1.0000
robust	decl_full	0	64	4	58	1.0000
robust	decl_full	0	64	4	59	1.0000
robust	decl_full	0	64	4	60	1.0000
robust	decl_full	1	64	4	1	0.5556
robust	decl_full	1	64	4	2	0.5556
robust	decl_full	1	64	4	3	0.5556
robust	decl_full	1	64	4	4	0.5556
robust	decl_full	1	64	4	5	0.5556
robust	decl_full	1	64	4	6	0.5571
robust	decl_full	1	64	4	7	0.6481
robust	decl_full	1	64	4	8	0.8048
robust	decl_full	1	64	4	9	0.8225
robust	decl_full	1	64	4	10	0.8642
robust	decl_full	1	64	4	11	0.8812
robust	decl_full	1	64	4	12	0.9074
robust	decl_full	1	64	4	13	0.9298
robust	decl_full	1	64	4	14	0.9653
robust	decl_full	1	64	4	15	0.9830
robust	decl_full	1	64	4	16	0.9884
robust	decl_full	1	64	4	17	1.0000
robust	decl_full	1	64	4	18	1.0000
robust	decl_full	1	64	4	19	1.0000
robust	decl_full	1	64	4	20	1.0000
robust	decl_full	1	64	4	21	1.0000
robust	decl_full	1	64	4	22	1.0000
robust	decl_full	1	64	4	23	1.0000
robust	decl_full	1	64	4	24	1.0000
robust	decl_full	1	64	4	25	1.0000
robust	decl_full	1	64	4	26	1.0000
robust	decl_full	1	64	4	27	1.0000
robust	decl_full	1	64	4	28	1.0000
robust	decl_full	1	64	4	29	1.0000
robust	decl_full	1	64	4	30	1.0000
robust	decl_full	1	64	4	31	1.0000
robust	decl_full	1	64	4	32	1.0000
robust	decl_full	1	64	4	33	1.0000
robust	decl_full	1	64	4	34	1.0000
robust	decl_full	1	64	4	35	1.0000
robust	decl_full	1	64	4	36	1.0000
robust	decl_full	1	64	4	37	1.0000
robust	decl_full	1	64	4	38	1.0000
robust	decl_full	1	64	4	39	1.0000
robust	decl_full	1	64	4	40	1.0000
robust	decl_full	1	64	4	41	1.0000
robust	decl_full	1	64	4	42	1.0000
robust	decl_full	1	64	4	43	1.0000
robust	decl_full	1	64	4	44	1.0000
robust	decl_full	1	64	4	45	1.0000
robust	decl_full	1	64	4	46	1.0000
robust	decl_full	1	64	4	47	1.0000
robust	decl_full	1	64	4	48	1.0000
robust	decl_full	1	64	4	49	1.0000
robust	decl_full	1	64	4	50	1.0000
robust	decl_full	1	64	4	51	1.0000
robust	decl_full	1	64	4	52	1.0000
robust	decl_full	1	64	4	53	1.0000
robust	decl_full	1	64	4	54	1.0000
robust	decl_full	1	64	4	55	1.0000
robust	decl_full	1	64	4	56	1.0000
robust	decl_full	1	64	4	57	1.0000
robust	decl_full	1	64	4	58	1.0000
robust	decl_full	1	64	4	59	1.0000
robust	decl_full	1	64	4	60	1.0000
robust	excl_pollute30	0	64	4	1	0.0024
robust	excl_pollute30	0	64	4	2	0.6522
robust	excl_pollute30	0	64	4	3	0.6618
robust	excl_pollute30	0	64	4	4	0.7681
robust	excl_pollute30	0	64	4	5	0.8158
robust	excl_pollute30	0	64	4	6	0.8261
robust	excl_pollute30	0	64	4	7	0.8496
robust	excl_pollute30	0	64	4	8	0.9420
robust	excl_pollute30	0	64	4	9	0.9420
robust	excl_pollute30	0	64	4	10	0.9420
robust	excl_pollute30	0	64	4	11	0.9420
robust	excl_pollute30	0	64	4	12	0.9752
robust	excl_pollute30	0	64	4	13	0.9807
robust	excl_pollute30	0	64	4	14	1.0000
robust	excl_pollute30	0	64	4	15	1.0000
robust	excl_pollute30	0	64	4	16	1.0000
robust	excl_pollute30	0	64	4	17	1.0000
robust	excl_pollute30	0	64	4	18	1.0000
robust	excl_pollute30	0	64	4	19	1.0000
robust	excl_pollute30	0	64	4	20	1.0000
robust	excl_pollute30	0	64	4	21	1.0000
robust	excl_pollute30	0	64	4	22	1.0000
robust	excl_pollute30	0	64	4	23	1.0000
robust	excl_pollute30	0	64	4	24	1.0000
robust	excl_pollute30	0	64	4	25	1.0000
robust	excl_pollute30	0	64	4	26	1.0000
robust	excl_pollute30	0	64	4	27	1.0000
robust	excl_pollute30	0	64	4	28	1.0000
robust	excl_pollute30	0	64	4	29	1.0000
robust	excl_pollute30	0	64	4	30	1.0000
robust	excl_pollute30	0	64	4	31	1.0000
robust	excl_pollute30	0	64	4	32	1.0000
robust	excl_pollute30	0	64	4	33	1.0000
robust	excl_pollute30	0	64	4	34	1.0000
robust	excl_pollute30	0	64	4	35	1.0000
robust	excl_pollute30	0	64	4	36	1.0000
robust	excl_pollute30	0	64	4	37	1.0000
robust	excl_pollute30	0	64	4	38	1.0000
robust	excl_pollute30	0	64	4	39	1.0000
robust	excl_pollute30	0	64	4	40	1.0000
robust	excl_pollute30	0	64	4	41	1.0000
robust	excl_pollute30	0	64	4	42	1.0000
robust	excl_pollute30	0	64	4	43	1.0000
robust	excl_pollute30	0	64	4	44	1.0000
robust	excl_pollute30	0	64	4	45	1.0000
robust	excl_pollute30	0	64	4	46	1.0000
robust	excl_pollute30	0	64	4	47	1.0000
robust	excl_pollute30	0	64	4	48	1.0000
robust	excl_pollute30	0	64	4	49	1.0000
robust	excl_pollute30	0	64	4	50	1.0000
robust	excl_pollute30	0	64	4	51	1.0000
robust	excl_pollute30	0	64	4	52	1.0000
robust	excl_pollute30	0	64	4	53	1.0000
robust	excl_pollute30	0	64	4	54	1.0000
robust	excl_pollute30	0	64	4	55	1.0000
robust	excl_pollute30	0	64	4	56	1.0000
robust	excl_pollute30	0	64	4	57	1.0000
robust	excl_pollute30	0	64	4	58	1.0000
robust	excl_pollute30	0	64	4	59	1.0000
robust	excl_pollute30	0	64	4	60	1.0000
robust	excl_pollute30	1	64	4	1	0.4348
robust	excl_pollute30	1	64	4	2	0.4577
robust	excl_pollute30	1	64	4	3	0.5537
robust	excl_pollute30	1	64	4	4	0.6522
robust	excl_pollute30	1	64	4	5	0.6522
robust	excl_pollute30	1	64	4	6	0.6522
robust	excl_pollute30	1	64	4	7	0.7862
robust	excl_pollute30	1	64	4	8	0.8454
robust	excl_pollute30	1	64	4	9	0.8454
robust	excl_pollute30	1	64	4	10	0.8460
robust	excl_pollute30	1	64	4	11	0.8551
robust	excl_pollute30	1	64	4	12	0.9100
robust	excl_pollute30	1	64	4	13	0.9432
robust	excl_pollute30	1	64	4	14	0.9565
robust	excl_pollute30	1	64	4	15	0.9813
robust	excl_pollute30	1	64	4	16	0.9843
robust	excl_pollute30	1	64	4	17	1.0000
robust	excl_pollute30	1	64	4	18	1.0000
robust	excl_pollute30	1	64	4	19	1.0000
robust	excl_pollute30	1	64	4	20	1.0000
robust	excl_pollute30	1	64	4	21	1.0000
robust	excl_pollute30	1	64	4	22	1.0000
robust	excl_pollute30	1	64	4	23	1.0000
robust	excl_pollute30	1	64	4	24	1.0000
robust	excl_pollute30	1	64	4	25	1.0000
robust	excl_pollute30	1	64	4	26	1.0000
robust	excl_pollute30	1	64	4	27	1.0000
robust	excl_pollute30	1	64	4	28	1.0000
robust	excl_pollute30	1	64	4	29	1.0000
robust	excl_pollute30	1	64	4	30	1.0000
robust	excl_pollute30	1	64	4	31	1.0000
robust	excl_pollute30	1	64	4	32	1.0000
robust	excl_pollute30	1	64	4	33	1.0000
robust	excl_pollute30	1	64	4	34	1.0000
robust	excl_pollute30	1	64	4	35	1.0000
robust	excl_pollute30	1	64	4	36	1.0000
robust	excl_pollute30	1	64	4	37	1.0000
robust	excl_pollute30	1	64	4	38	1.0000
robust	excl_pollute30	1	64	4	39	1.0000
robust	excl_pollute30	1	64	4	40	1.0000
robust	excl_pollute30	1	64	4	41	1.0000
robust	excl_pollute30	1	64	4	42	1.0000
robust	excl_pollute30	1	64	4	43	1.0000
robust	excl_pollute30	1	64	4	44	1.0000
robust	excl_pollute30	1	64	4	45	1.0000
robust	excl_pollute30	1	64	4	46	1.0000
robust	excl_pollute30	1	64	4	47	1.0000
robust	excl_pollute30	1	64	4	48	1.0000
robust	excl_pollute30	1	64	4	49	1.0000
robust	excl_pollute30	1	64	4	50	1.0000
robust	excl_pollute30	1	64	4	51	1.0000
robust	excl_pollute30	1	64	4	52	1.0000
robust	excl_pollute30	1	64	4	53	1.0000
robust	excl_pollute30	1	64	4	54	1.0000
robust	excl_pollute30	1	64	4	55	1.0000
robust	excl_pollute30	1	64	4	56	1.0000
robust	excl_pollute30	1	64	4	57	1.0000
robust	excl_pollute30	1	64	4	58	1.0000
robust	excl_pollute30	1	64	4	59	1.0000
robust	excl_pollute30	1	64	4	60	1.0000
robust	baseline	0	128	4	1	0.5556
robust	baseline	0	128	4	2	0.5586
robust	baseline	0	128	4	3	0.5764
robust	baseline	0	128	4	4	0.6698
robust	baseline	0	128	4	5	0.7932
robust	baseline	0	128	4	6	0.8843
robust	baseline	0	128	4	7	0.9529
robust	baseline	0	128	4	8	0.9684
robust	baseline	0	128	4	9	0.9753
robust	baseline	0	128	4	10	1.0000
robust	baseline	0	128	4	11	1.0000
robust	baseline	0	128	4	12	1.0000
robust	baseline	0	128	4	13	1.0000
robust	baseline	0	128	4	14	1.0000
robust	baseline	0	128	4	15	1.0000
robust	baseline	0	128	4	16	1.0000
robust	baseline	0	128	4	17	1.0000
robust	baseline	0	128	4	18	1.0000
robust	baseline	0	128	4	19	1.0000
robust	baseline	0	128	4	20	1.0000
robust	baseline	0	128	4	21	1.0000
robust	baseline	0	128	4	22	1.0000
robust	baseline	0	128	4	23	1.0000
robust	baseline	0	128	4	24	1.0000
robust	baseline	0	128	4	25	1.0000
robust	baseline	0	128	4	26	1.0000
robust	baseline	0	128	4	27	1.0000
robust	baseline	0	128	4	28	1.0000
robust	baseline	0	128	4	29	1.0000
robust	baseline	0	128	4	30	1.0000
robust	baseline	0	128	4	31	1.0000
robust	baseline	0	128	4	32	1.0000
robust	baseline	0	128	4	33	1.0000
robust	baseline	0	128	4	34	1.0000
robust	baseline	0	128	4	35	1.0000
robust	baseline	0	128	4	36	1.0000
robust	baseline	0	128	4	37	1.0000
robust	baseline	0	128	4	38	1.0000
robust	baseline	0	128	4	39	1.0000
robust	baseline	0	128	4	40	1.0000
robust	baseline	0	128	4	41	1.0000
robust	baseline	0	128	4	42	1.0000
robust	baseline	0	128	4	43	1.0000
robust	baseline	0	128	4	44	1.0000
robust	baseline	0	128	4	45	1.0000
robust	baseline	0	128	4	46	1.0000
robust	baseline	0	128	4	47	1.0000
robust	baseline	0	128	4	48	1.0000
robust	baseline	0	128	4	49	1.0000
robust	baseline	0	128	4	50	1.0000
robust	baseline	0	128	4	51	1.0000
robust	baseline	0	128	4	52	1.0000
robust	baseline	0	128	4	53	1.0000
robust	baseline	0	128	4	54	1.0000
robust	baseline	0	128	4	55	1.0000
robust	baseline	0	128	4	56	1.0000
robust	baseline	0	128	4	57	1.0000
robust	baseline	0	128	4	58	1.0000
robust	baseline	0	128	4	59	1.0000
robust	baseline	0	128	4	60	1.0000
robust	baseline	1	128	4	1	0.7037
robust	baseline	1	128	4	2	0.5602
robust	baseline	1	128	4	3	0.5556
robust	baseline	1	128	4	4	0.5579
robust	baseline	1	128	4	5	0.6204
robust	baseline	1	128	4	6	0.7037
robust	baseline	1	128	4	7	0.9066
robust	baseline	1	128	4	8	1.0000
robust	baseline	1	128	4	9	1.0000
robust	baseline	1	128	4	10	1.0000
robust	baseline	1	128	4	11	1.0000
robust	baseline	1	128	4	12	1.0000
robust	baseline	1	128	4	13	1.0000
robust	baseline	1	128	4	14	1.0000
robust	baseline	1	128	4	15	1.0000
robust	baseline	1	128	4	16	1.0000
robust	baseline	1	128	4	17	1.0000
robust	baseline	1	128	4	18	1.0000
robust	baseline	1	128	4	19	1.0000
robust	baseline	1	128	4	20	1.0000
robust	baseline	1	128	4	21	1.0000
robust	baseline	1	128	4	22	1.0000
robust	baseline	1	128	4	23	1.0000
robust	baseline	1	128	4	24	1.0000
robust	baseline	1	128	4	25	1.0000
robust	baseline	1	128	4	26	1.0000
robust	baseline	1	128	4	27	1.0000
robust	baseline	1	128	4	28	1.0000
robust	baseline	1	128	4	29	1.0000
robust	baseline	1	128	4	30	1.0000
robust	baseline	1	128	4	31	1.0000
robust	baseline	1	128	4	32	1.0000
robust	baseline	1	128	4	33	1.0000
robust	baseline	1	128	4	34	1.0000
robust	baseline	1	128	4	35	1.0000
robust	baseline	1	128	4	36	1.0000
robust	baseline	1	128	4	37	1.0000
robust	baseline	1	128	4	38	1.0000
robust	baseline	1	128	4	39	1.0000
robust	baseline	1	128	4	40	1.0000
robust	baseline	1	128	4	41	1.0000
robust	baseline	1	128	4	42	1.0000
robust	baseline	1	128	4	43	1.0000
robust	baseline	1	128	4	44	1.0000
robust	baseline	1	128	4	45	1.0000
robust	baseline	1	128	4	46	1.0000
robust	baseline	1	128	4	47	1.0000
robust	baseline	1	128	4	48	1.0000
robust	baseline	1	128	4	49	1.0000
robust	baseline	1	128	4	50	1.0000
robust	baseline	1	128	4	51	1.0000
robust	baseline	1	128	4	52	1.0000
robust	baseline	1	128	4	53	1.0000
robust	baseline	1	128	4	54	1.0000
robust	baseline	1	128	4	55	1.0000
robust	baseline	1	128	4	56	1.0000
robust	baseline	1	128	4	57	1.0000
robust	baseline	1	128	4	58	1.0000
robust	baseline	1	128	4	59	1.0000
robust	baseline	1	128	4	60	1.0000
robust	decl_full	0	128	4	1	0.5556
robust	decl_full	0	128	4	2	0.5571
robust	decl_full	0	128	4	3	0.5764
robust	decl_full	0	128	4	4	0.6721
robust	decl_full	0	128	4	5	0.8063
robust	decl_full	0	128	4	6	0.8843
robust	decl_full	0	128	4	7	0.9552
robust	decl_full	0	128	4	8	0.9730
robust	decl_full	0	128	4	9	0.9861
robust	decl_full	0	128	4	10	1.0000
robust	decl_full	0	128	4	11	1.0000
robust	decl_full	0	128	4	12	1.0000
robust	decl_full	0	128	4	13	1.0000
robust	decl_full	0	128	4	14	1.0000
robust	decl_full	0	128	4	15	1.0000
robust	decl_full	0	128	4	16	1.0000
robust	decl_full	0	128	4	17	1.0000
robust	decl_full	0	128	4	18	1.0000
robust	decl_full	0	128	4	19	1.0000
robust	decl_full	0	128	4	20	1.0000
robust	decl_full	0	128	4	21	1.0000
robust	decl_full	0	128	4	22	1.0000
robust	decl_full	0	128	4	23	1.0000
robust	decl_full	0	128	4	24	1.0000
robust	decl_full	0	128	4	25	1.0000
robust	decl_full	0	128	4	26	1.0000
robust	decl_full	0	128	4	27	1.0000
robust	decl_full	0	128	4	28	1.0000
robust	decl_full	0	128	4	29	1.0000
robust	decl_full	0	128	4	30	1.0000
robust	decl_full	0	128	4	31	1.0000
robust	decl_full	0	128	4	32	1.0000
robust	decl_full	0	128	4	33	1.0000
robust	decl_full	0	128	4	34	1.0000
robust	decl_full	0	128	4	35	1.0000
robust	decl_full	0	128	4	36	1.0000
robust	decl_full	0	128	4	37	1.0000
robust	decl_full	0	128	4	38	1.0000
robust	decl_full	0	128	4	39	1.0000
robust	decl_full	0	128	4	40	1.0000
robust	decl_full	0	128	4	41	1.0000
robust	decl_full	0	128	4	42	1.0000
robust	decl_full	0	128	4	43	1.0000
robust	decl_full	0	128	4	44	1.0000
robust	decl_full	0	128	4	45	1.0000
robust	decl_full	0	128	4	46	1.0000
robust	decl_full	0	128	4	47	1.0000
robust	decl_full	0	128	4	48	1.0000
robust	decl_full	0	128	4	49	1.0000
robust	decl_full	0	128	4	50	1.0000
robust	decl_full	0	128	4	51	1.0000
robust	decl_full	0	128	4	52	1.0000
robust	decl_full	0	128	4	53	1.0000
robust	decl_full	0	128	4	54	1.0000
robust	decl_full	0	128	4	55	1.0000
robust	decl_full	0	128	4	56	1.0000
robust	decl_full	0	128	4	57	1.0000
robust	decl_full	0	128	4	58	1.0000
robust	decl_full	0	128	4	59	1.0000
robust	decl_full	0	128	4	60	1.0000
robust	decl_full	1	128	4	1	0.7037
robust	decl_full	1	128	4	2	0.5602
robust	decl_full	1	128	4	3	0.5556
robust	decl_full	1	128	4	4	0.5602
robust	decl_full	1	128	4	5	0.6204
robust	decl_full	1	128	4	6	0.7060
robust	decl_full	1	128	4	7	0.9012
robust	decl_full	1	128	4	8	1.0000
robust	decl_full	1	128	4	9	1.0000
robust	decl_full	1	128	4	10	1.0000
robust	decl_full	1	128	4	11	1.0000
robust	decl_full	1	128	4	12	1.0000
robust	decl_full	1	128	4	13	1.0000
robust	decl_full	1	128	4	14	1.0000
robust	decl_full	1	128	4	15	1.0000
robust	decl_full	1	128	4	16	1.0000
robust	decl_full	1	128	4	17	1.0000
robust	decl_full	1	128	4	18	1.0000
robust	decl_full	1	128	4	19	1.0000
robust	decl_full	1	128	4	20	1.0000
robust	decl_full	1	128	4	21	1.0000
robust	decl_full	1	128	4	22	1.0000
robust	decl_full	1	128	4	23	1.0000
robust	decl_full	1	128	4	24	1.0000
robust	decl_full	1	128	4	25	1.0000
robust	decl_full	1	128	4	26	1.0000
robust	decl_full	1	128	4	27	1.0000
robust	decl_full	1	128	4	28	1.0000
robust	decl_full	1	128	4	29	1.0000
robust	decl_full	1	128	4	30	1.0000
robust	decl_full	1	128	4	31	1.0000
robust	decl_full	1	128	4	32	1.0000
robust	decl_full	1	128	4	33	1.0000
robust	decl_full	1	128	4	34	1.0000
robust	decl_full	1	128	4	35	1.0000
robust	decl_full	1	128	4	36	1.0000
robust	decl_full	1	128	4	37	1.0000
robust	decl_full	1	128	4	38	1.0000
robust	decl_full	1	128	4	39	1.0000
robust	decl_full	1	128	4	40	1.0000
robust	decl_full	1	128	4	41	1.0000
robust	decl_full	1	128	4	42	1.0000
robust	decl_full	1	128	4	43	1.0000
robust	decl_full	1	128	4	44	1.0000
robust	decl_full	1	128	4	45	1.0000
robust	decl_full	1	128	4	46	1.0000
robust	decl_full	1	128	4	47	1.0000
robust	decl_full	1	128	4	48	1.0000
robust	decl_full	1	128	4	49	1.0000
robust	decl_full	1	128	4	50	1.0000
robust	decl_full	1	128	4	51	1.0000
robust	decl_full	1	128	4	52	1.0000
robust	decl_full	1	128	4	53	1.0000
robust	decl_full	1	128	4	54	1.0000
robust	decl_full	1	128	4	55	1.0000
robust	decl_full	1	128	4	56	1.0000
robust	decl_full	1	128	4	57	1.0000
robust	decl_full	1	128	4	58	1.0000
robust	decl_full	1	128	4	59	1.0000
robust	decl_full	1	128	4	60	1.0000
robust	excl_pollute30	0	128	4	1	0.4952
robust	excl_pollute30	0	128	4	2	0.6522
robust	excl_pollute30	0	128	4	3	0.6860
robust	excl_pollute30	0	128	4	4	0.7585
robust	excl_pollute30	0	128	4	5	0.8853
robust	excl_pollute30	0	128	4	6	0.8961
robust	excl_pollute30	0	128	4	7	0.9469
robust	excl_pollute30	0	128	4	8	0.9656
robust	excl_pollute30	0	128	4	9	0.9964
robust	excl_pollute30	0	128	4	10	1.0000
robust	excl_pollute30	0	128	4	11	1.0000
robust	excl_pollute30	0	128	4	12	1.0000
robust	excl_pollute30	0	128	4	13	1.0000
robust	excl_pollute30	0	128	4	14	1.0000
robust	excl_pollute30	0	128	4	15	1.0000
robust	excl_pollute30	0	128	4	16	1.0000
robust	excl_pollute30	0	128	4	17	1.0000
robust	excl_pollute30	0	128	4	18	1.0000
robust	excl_pollute30	0	128	4	19	1.0000
robust	excl_pollute30	0	128	4	20	1.0000
robust	excl_pollute30	0	128	4	21	1.0000
robust	excl_pollute30	0	128	4	22	1.0000
robust	excl_pollute30	0	128	4	23	1.0000
robust	excl_pollute30	0	128	4	24	1.0000
robust	excl_pollute30	0	128	4	25	1.0000
robust	excl_pollute30	0	128	4	26	1.0000
robust	excl_pollute30	0	128	4	27	1.0000
robust	excl_pollute30	0	128	4	28	1.0000
robust	excl_pollute30	0	128	4	29	1.0000
robust	excl_pollute30	0	128	4	30	1.0000
robust	excl_pollute30	0	128	4	31	1.0000
robust	excl_pollute30	0	128	4	32	1.0000
robust	excl_pollute30	0	128	4	33	1.0000
robust	excl_pollute30	0	128	4	34	1.0000
robust	excl_pollute30	0	128	4	35	1.0000
robust	excl_pollute30	0	128	4	36	1.0000
robust	excl_pollute30	0	128	4	37	1.0000
robust	excl_pollute30	0	128	4	38	1.0000
robust	excl_pollute30	0	128	4	39	1.0000
robust	excl_pollute30	0	128	4	40	1.0000
robust	excl_pollute30	0	128	4	41	1.0000
robust	excl_pollute30	0	128	4	42	1.0000
robust	excl_pollute30	0	128	4	43	1.0000
robust	excl_pollute30	0	128	4	44	1.0000
robust	excl_pollute30	0	128	4	45	1.0000
robust	excl_pollute30	0	128	4	46	1.0000
robust	excl_pollute30	0	128	4	47	1.0000
robust	excl_pollute30	0	128	4	48	1.0000
robust	excl_pollute30	0	128	4	49	1.0000
robust	excl_pollute30	0	128	4	50	1.0000
robust	excl_pollute30	0	128	4	51	1.0000
robust	excl_pollute30	0	128	4	52	1.0000
robust	excl_pollute30	0	128	4	53	1.0000
robust	excl_pollute30	0	128	4	54	1.0000
robust	excl_pollute30	0	128	4	55	1.0000
robust	excl_pollute30	0	128	4	56	1.0000
robust	excl_pollute30	0	128	4	57	1.0000
robust	excl_pollute30	0	128	4	58	1.0000
robust	excl_pollute30	0	128	4	59	1.0000
robust	excl_pollute30	0	128	4	60	1.0000
robust	excl_pollute30	1	128	4	1	0.5507
robust	excl_pollute30	1	128	4	2	0.6522
robust	excl_pollute30	1	128	4	3	0.6522
robust	excl_pollute30	1	128	4	4	0.6522
robust	excl_pollute30	1	128	4	5	0.6522
robust	excl_pollute30	1	128	4	6	0.7500
robust	excl_pollute30	1	128	4	7	0.8068
robust	excl_pollute30	1	128	4	8	0.8841
robust	excl_pollute30	1	128	4	9	0.9227
robust	excl_pollute30	1	128	4	10	0.9958
robust	excl_pollute30	1	128	4	11	1.0000
robust	excl_pollute30	1	128	4	12	1.0000
robust	excl_pollute30	1	128	4	13	1.0000
robust	excl_pollute30	1	128	4	14	1.0000
robust	excl_pollute30	1	128	4	15	1.0000
robust	excl_pollute30	1	128	4	16	1.0000
robust	excl_pollute30	1	128	4	17	1.0000
robust	excl_pollute30	1	128	4	18	1.0000
robust	excl_pollute30	1	128	4	19	1.0000
robust	excl_pollute30	1	128	4	20	1.0000
robust	excl_pollute30	1	128	4	21	1.0000
robust	excl_pollute30	1	128	4	22	1.0000
robust	excl_pollute30	1	128	4	23	1.0000
robust	excl_pollute30	1	128	4	24	1.0000
robust	excl_pollute30	1	128	4	25	1.0000
robust	excl_pollute30	1	128	4	26	1.0000
robust	excl_pollute30	1	128	4	27	1.0000
robust	excl_pollute30	1	128	4	28	1.0000
robust	excl_pollute30	1	128	4	29	1.0000
robust	excl_pollute30	1	128	4	30	1.0000
robust	excl_pollute30	1	128	4	31	1.0000
robust	excl_pollute30	1	128	4	32	1.0000
robust	excl_pollute30	1	128	4	33	1.0000
robust	excl_pollute30	1	128	4	34	1.0000
robust	excl_pollute30	1	128	4	35	1.0000
robust	excl_pollute30	1	128	4	36	1.0000
robust	excl_pollute30	1	128	4	37	1.0000
robust	excl_pollute30	1	128	4	38	1.0000
robust	excl_pollute30	1	128	4	39	1.0000
robust	excl_pollute30	1	128	4	40	1.0000
robust	excl_pollute30	1	128	4	41	1.0000
robust	excl_pollute30	1	128	4	42	1.0000
robust	excl_pollute30	1	128	4	43	1.0000
robust	excl_pollute30	1	128	4	44	1.0000
robust	excl_pollute30	1	128	4	45	1.0000
robust	excl_pollute30	1	128	4	46	1.0000
robust	excl_pollute30	1	128	4	47	1.0000
robust	excl_pollute30	1	128	4	48	1.0000
robust	excl_pollute30	1	128	4	49	1.0000
robust	excl_pollute30	1	128	4	50	1.0000
robust	excl_pollute30	1	128	4	51	1.0000
robust	excl_pollute30	1	128	4	52	1.0000
robust	excl_pollute30	1	128	4	53	1.0000
robust	excl_pollute30	1	128	4	54	1.0000
robust	excl_pollute30	1	128	4	55	1.0000
robust	excl_pollute30	1	128	4	56	1.0000
robust	excl_pollute30	1	128	4	57	1.0000
robust	excl_pollute30	1	128	4	58	1.0000
robust	excl_pollute30	1	128	4	59	1.0000
robust	excl_pollute30	1	128	4	60	1.0000
