group	cond	seed	dim	layers	pos	pt_ood_final_pos	peak_epoch_pos	hit_one_pos	norm_pos
main	baseline	0	64	2	0	1.0000	9	1	0.1111
main	baseline	0	64	2	1	1.0000	10	1	0.1000
main	baseline	0	64	2	2	1.0000	3	1	0.3333
main	baseline	0	64	2	3	1.0000	3	1	0.3333
main	baseline	0	64	2	4	1.0000	3	1	0.3333
main	baseline	0	64	2	5	1.0000	13	1	0.0769
main	baseline	0	64	2	6	1.0000	14	1	0.0714
main	baseline	0	64	2	7	1.0000	3	1	0.3333
main	baseline	0	64	2	8	1.0000	13	1	0.0769
main	baseline	0	64	2	9	1.0000	13	1	0.0769
main	baseline	0	64	2	10	1.0000	3	1	0.3333
main	baseline	0	64	2	11	1.0000	3	1	0.3333
main	baseline	0	64	2	12	1.0000	3	1	0.3333
main	baseline	0	64	2	13	1.0000	14	1	0.0714
main	baseline	0	64	2	14	1.0000	14	1	0.0714
main	baseline	0	64	2	15	1.0000	14	1	0.0714
main	baseline	0	64	2	16	1.0000	3	1	0.3333
main	baseline	0	64	2	17	1.0000	10	1	0.1000
main	baseline	0	64	2	18	1.0000	12	1	0.0833
main	baseline	0	64	2	19	1.0000	12	1	0.0833
main	baseline	0	64	2	20	1.0000	12	1	0.0833
main	baseline	0	64	2	21	1.0000	3	1	0.3333
main	baseline	0	64	2	22	1.0000	3	1	0.3333
main	baseline	0	64	2	23	1.0000	3	1	0.3333
main	baseline	0	64	2	24	1.0000	8	1	0.1250
main	baseline	0	64	2	25	1.0000	15	1	0.0667
main	baseline	0	64	2	26	1.0000	3	1	0.3333
main	baseline	0	64	2	27	1.0000	3	1	0.3333
main	baseline	0	64	2	28	1.0000	8	1	0.1250
main	baseline	0	64	2	29	1.0000	15	1	0.0667
main	baseline	0	64	2	30	1.0000	3	1	0.3333
main	baseline	0	64	2	31	1.0000	8	1	0.1250
main	baseline	0	64	2	32	1.0000	15	1	0.0667
main	baseline	0	64	2	33	1.0000	15	1	0.0667
main	baseline	0	64	2	34	1.0000	8	1	0.1250
main	baseline	0	64	2	35	1.0000	15	1	0.0667
main	baseline	0	64	2	36	1.0000	9	1	0.1111
main	baseline	0	64	2	37	1.0000	15	1	0.0667
main	baseline	0	64	2	38	1.0000	3	1	0.3333
main	baseline	0	64	2	39	1.0000	3	1	0.3333
main	baseline	0	64	2	40	1.0000	9	1	0.1111
main	baseline	0	64	2	41	1.0000	15	1	0.0667
main	baseline	0	64	2	42	1.0000	3	1	0.3333
main	baseline	0	64	2	43	1.0000	9	1	0.1111
main	baseline	0	64	2	44	1.0000	15	1	0.0667
main	baseline	0	64	2	45	1.0000	3	1	0.3333
main	baseline	0	64	2	46	1.0000	9	1	0.1111
main	baseline	0	64	2	47	1.0000	15	1	0.0667
main	baseline	0	64	2	48	1.0000	3	1	0.3333
main	baseline	0	64	2	49	1.0000	3	1	0.3333
main	baseline	0	64	2	50	1.0000	3	1	0.3333
main	baseline	0	64	2	51	1.0000	9	1	0.1111
main	baseline	0	64	2	52	1.0000	15	1	0.0667
main	baseline	1	64	2	0	1.0000	11	1	0.0909
main	baseline	1	64	2	1	1.0000	9	1	0.1111
main	baseline	1	64	2	2	1.0000	2	1	0.5000
main	baseline	1	64	2	3	1.0000	2	1	0.5000
main	baseline	1	64	2	4	1.0000	8	1	0.1250
main	baseline	1	64	2	5	1.0000	26	1	0.0385
main	baseline	1	64	2	6	1.0000	26	1	0.0385
main	baseline	1	64	2	7	1.0000	8	1	0.1250
main	baseline	1	64	2	8	1.0000	25	1	0.0400
main	baseline	1	64	2	9	1.0000	24	1	0.0417
main	baseline	1	64	2	10	1.0000	2	1	0.5000
main	baseline	1	64	2	11	1.0000	2	1	0.5000
main	baseline	1	64	2	12	1.0000	8	1	0.1250
main	baseline	1	64	2	13	1.0000	26	1	0.0385
main	baseline	1	64	2	14	1.0000	26	1	0.0385
main	baseline	1	64	2	15	1.0000	26	1	0.0385
main	baseline	1	64	2	16	1.0000	8	1	0.1250
main	baseline	1	64	2	17	1.0000	8	1	0.1250
main	baseline	1	64	2	18	1.0000	14	1	0.0714
main	baseline	1	64	2	19	1.0000	15	1	0.0667
main	baseline	1	64	2	20	1.0000	14	1	0.0714
main	baseline	1	64	2	21	1.0000	2	1	0.5000
main	baseline	1	64	2	22	1.0000	2	1	0.5000
main	baseline	1	64	2	23	1.0000	8	1	0.1250
main	baseline	1	64	2	24	1.0000	10	1	0.1000
main	baseline	1	64	2	25	1.0000	17	1	0.0588
main	baseline	1	64	2	26	1.0000	2	1	0.5000
main	baseline	1	64	2	27	1.0000	8	1	0.1250
main	baseline	1	64	2	28	1.0000	10	1	0.1000
main	baseline	1	64	2	29	1.0000	17	1	0.0588
main	baseline	1	64	2	30	1.0000	8	1	0.1250
main	baseline	1	64	2	31	1.0000	10	1	0.1000
main	baseline	1	64	2	32	1.0000	17	1	0.0588
main	baseline	1	64	2	33	1.0000	18	1	0.0556
main	baseline	1	64	2	34	1.0000	10	1	0.1000
main	baseline	1	64	2	35	1.0000	18	1	0.0556
main	baseline	1	64	2	36	1.0000	10	1	0.1000
main	baseline	1	64	2	37	1.0000	18	1	0.0556
main	baseline	1	64	2	38	1.0000	2	1	0.5000
main	baseline	1	64	2	39	1.0000	8	1	0.1250
main	baseline	1	64	2	40	1.0000	10	1	0.1000
main	baseline	1	64	2	41	1.0000	18	1	0.0556
main	baseline	1	64	2	42	1.0000	8	1	0.1250
main	baseline	1	64	2	43	1.0000	10	1	0.1000
main	baseline	1	64	2	44	1.0000	18	1	0.0556
main	baseline	1	64	2	45	1.0000	8	1	0.1250
main	baseline	1	64	2	46	1.0000	10	1	0.1000
main	baseline	1	64	2	47	1.0000	18	1	0.0556
main	baseline	1	64	2	48	1.0000	2	1	0.5000
main	baseline	1	64	2	49	1.0000	2	1	0.5000
main	baseline	1	64	2	50	1.0000	8	1	0.1250
main	baseline	1	64	2	51	1.0000	11	1	0.0909
main	baseline	1	64	2	52	1.0000	18	1	0.0556
main	baseline	2	64	2	0	1.0000	8	1	0.1250
main	baseline	2	64	2	1	1.0000	5	1	0.2000
main	baseline	2	64	2	2	1.0000	3	1	0.3333
main	baseline	2	64	2	3	1.0000	3	1	0.3333
main	baseline	2	64	2	4	1.0000	7	1	0.1429
main	baseline	2	64	2	5	1.0000	32	1	0.0312
main	baseline	2	64	2	6	1.0000	32	1	0.0312
main	baseline	2	64	2	7	1.0000	7	1	0.1429
main	baseline	2	64	2	8	1.0000	31	1	0.0323
main	baseline	2	64	2	9	1.0000	31	1	0.0323
main	baseline	2	64	2	10	1.0000	3	1	0.3333
main	baseline	2	64	2	11	1.0000	3	1	0.3333
main	baseline	2	64	2	12	1.0000	7	1	0.1429
main	baseline	2	64	2	13	1.0000	32	1	0.0312
main	baseline	2	64	2	14	1.0000	32	1	0.0312
main	baseline	2	64	2	15	1.0000	32	1	0.0312
main	baseline	2	64	2	16	1.0000	7	1	0.1429
main	baseline	2	64	2	17	1.0000	7	1	0.1429
main	baseline	2	64	2	18	1.0000	9	1	0.1111
main	baseline	2	64	2	19	1.0000	9	1	0.1111
main	baseline	2	64	2	20	1.0000	9	1	0.1111
main	baseline	2	64	2	21	1.0000	3	1	0.3333
main	baseline	2	64	2	22	1.0000	3	1	0.3333
main	baseline	2	64	2	23	1.0000	7	1	0.1429
main	baseline	2	64	2	24	1.0000	12	1	0.0833
main	baseline	2	64	2	25	1.0000	16	1	0.0625
main	baseline	2	64	2	26	1.0000	3	1	0.3333
main	baseline	2	64	2	27	1.0000	6	1	0.1667
main	baseline	2	64	2	28	1.0000	12	1	0.0833
main	baseline	2	64	2	29	1.0000	17	1	0.0588
main	baseline	2	64	2	30	1.0000	7	1	0.1429
main	baseline	2	64	2	31	1.0000	13	1	0.0769
main	baseline	2	64	2	32	1.0000	17	1	0.0588
main	baseline	2	64	2	33	1.0000	17	1	0.0588
main	baseline	2	64	2	34	1.0000	12	1	0.0833
main	baseline	2	64	2	35	1.0000	17	1	0.0588
main	baseline	2	64	2	36	1.0000	13	1	0.0769
main	baseline	2	64	2	37	1.0000	18	1	0.0556
main	baseline	2	64	2	38	1.0000	3	1	0.3333
main	baseline	2	64	2	39	1.0000	7	1	0.1429
main	baseline	2	64	2	40	1.0000	13	1	0.0769
main	baseline	2	64	2	41	1.0000	19	1	0.0526
main	baseline	2	64	2	42	1.0000	7	1	0.1429
main	baseline	2	64	2	43	1.0000	13	1	0.0769
main	baseline	2	64	2	44	1.0000	19	1	0.0526
main	baseline	2	64	2	45	1.0000	7	1	0.1429
main	baseline	2	64	2	46	1.0000	13	1	0.0769
main	baseline	2	64	2	47	1.0000	20	1	0.0500
main	baseline	2	64	2	48	1.0000	3	1	0.3333
main	baseline	2	64	2	49	1.0000	3	1	0.3333
main	baseline	2	64	2	50	1.0000	7	1	0.1429
main	baseline	2	64	2	51	1.0000	13	1	0.0769
main	baseline	2	64	2	52	1.0000	21	1	0.0476
main	baseline	3	64	2	0	1.0000	9	1	0.1111
main	baseline	3	64	2	1	1.0000	8	1	0.1250
main	baseline	3	64	2	2	1.0000	3	1	0.3333
main	baseline	3	64	2	3	1.0000	3	1	0.3333
main	baseline	3	64	2	4	1.0000	3	1	0.3333
main	baseline	3	64	2	5	1.0000	27	1	0.0370
main	baseline	3	64	2	6	1.0000	28	1	0.0357
main	baseline	3	64	2	7	1.0000	3	1	0.3333
main	baseline	3	64	2	8	1.0000	26	1	0.0385
main	baseline	3	64	2	9	1.0000	26	1	0.0385
main	baseline	3	64	2	10	1.0000	3	1	0.3333
main	baseline	3	64	2	11	1.0000	3	1	0.3333
main	baseline	3	64	2	12	1.0000	3	1	0.3333
main	baseline	3	64	2	13	1.0000	28	1	0.0357
main	baseline	3	64	2	14	1.0000	27	1	0.0370
main	baseline	3	64	2	15	1.0000	28	1	0.0357
main	baseline	3	64	2	16	1.0000	3	1	0.3333
main	baseline	3	64	2	17	1.0000	8	1	0.1250
main	baseline	3	64	2	18	1.0000	12	1	0.0833
main	baseline	3	64	2	19	1.0000	12	1	0.0833
main	baseline	3	64	2	20	1.0000	12	1	0.0833
main	baseline	3	64	2	21	1.0000	3	1	0.3333
main	baseline	3	64	2	22	1.0000	3	1	0.3333
main	baseline	3	64	2	23	1.0000	3	1	0.3333
main	baseline	3	64	2	24	1.0000	19	1	0.0526
main	baseline	3	64	2	25	1.0000	13	1	0.0769
main	baseline	3	64	2	26	1.0000	3	1	0.3333
main	baseline	3	64	2	27	1.0000	3	1	0.3333
main	baseline	3	64	2	28	1.0000	19	1	0.0526
main	baseline	3	64	2	29	1.0000	13	1	0.0769
main	baseline	3	64	2	30	1.0000	3	1	0.3333
main	baseline	3	64	2	31	1.0000	20	1	0.0500
main	baseline	3	64	2	32	1.0000	20	1	0.0500
main	baseline	3	64	2	33	1.0000	14	1	0.0714
main	baseline	3	64	2	34	1.0000	20	1	0.0500
main	baseline	3	64	2	35	1.0000	15	1	0.0667
main	baseline	3	64	2	36	1.0000	20	1	0.0500
main	baseline	3	64	2	37	1.0000	15	1	0.0667
main	baseline	3	64	2	38	1.0000	3	1	0.3333
main	baseline	3	64	2	39	1.0000	3	1	0.3333
main	baseline	3	64	2	40	1.0000	20	1	0.0500
main	baseline	3	64	2	41	1.0000	15	1	0.0667
main	baseline	3	64	2	42	1.0000	3	1	0.3333
main	baseline	3	64	2	43	1.0000	20	1	0.0500
main	baseline	3	64	2	44	1.0000	15	1	0.0667
main	baseline	3	64	2	45	1.0000	3	1	0.3333
main	baseline	3	64	2	46	1.0000	20	1	0.0500
main	baseline	3	64	2	47	1.0000	15	1	0.0667
main	baseline	3	64	2	48	1.0000	3	1	0.3333
main	baseline	3	64	2	49	1.0000	3	1	0.3333
main	baseline	3	64	2	50	1.0000	3	1	0.3333
main	baseline	3	64	2	51	1.0000	20	1	0.0500
main	baseline	3	64	2	52	1.0000	15	1	0.0667
main	baseline	4	64	2	0	1.0000	10	1	0.1000
main	baseline	4	64	2	1	1.0000	4	1	0.2500
main	baseline	4	64	2	2	1.0000	1	1	1.0000
main	baseline	4	64	2	3	1.0000	1	1	1.0000
main	baseline	4	64	2	4	1.0000	1	1	1.0000
main	baseline	4	64	2	5	1.0000	17	1	0.0588
main	baseline	4	64	2	6	1.0000	18	1	0.0556
main	baseline	4	64	2	7	1.0000	1	1	1.0000
main	baseline	4	64	2	8	1.0000	17	1	0.0588
main	baseline	4	64	2	9	1.0000	17	1	0.0588
main	baseline	4	64	2	10	1.0000	1	1	1.0000
main	baseline	4	64	2	11	1.0000	1	1	1.0000
main	baseline	4	64	2	12	1.0000	1	1	1.0000
main	baseline	4	64	2	13	1.0000	18	1	0.0556
main	baseline	4	64	2	14	1.0000	20	1	0.0500
main	baseline	4	64	2	15	1.0000	18	1	0.0556
main	baseline	4	64	2	16	1.0000	1	1	1.0000
main	baseline	4	64	2	17	1.0000	4	1	0.2500
main	baseline	4	64	2	18	1.0000	20	1	0.0500
main	baseline	4	64	2	19	1.0000	20	1	0.0500
main	baseline	4	64	2	20	1.0000	20	1	0.0500
main	baseline	4	64	2	21	1.0000	1	1	1.0000
main	baseline	4	64	2	22	1.0000	1	1	1.0000
main	baseline	4	64	2	23	1.0000	1	1	1.0000
main	baseline	4	64	2	24	1.0000	14	1	0.0714
main	baseline	4	64	2	25	1.0000	13	1	0.0769
main	baseline	4	64	2	26	1.0000	1	1	1.0000
main	baseline	4	64	2	27	1.0000	1	1	1.0000
main	baseline	4	64	2	28	1.0000	15	1	0.0667
main	baseline	4	64	2	29	1.0000	13	1	0.0769
main	baseline	4	64	2	30	1.0000	1	1	1.0000
main	baseline	4	64	2	31	1.0000	15	1	0.0667
main	baseline	4	64	2	32	1.0000	15	1	0.0667
main	baseline	4	64	2	33	1.0000	13	1	0.0769
main	baseline	4	64	2	34	1.0000	15	1	0.0667
main	baseline	4	64	2	35	1.0000	13	1	0.0769
main	baseline	4	64	2	36	1.0000	15	1	0.0667
main	baseline	4	64	2	37	1.0000	14	1	0.0714
main	baseline	4	64	2	38	1.0000	1	1	1.0000
main	baseline	4	64	2	39	1.0000	1	1	1.0000
main	baseline	4	64	2	40	1.0000	15	1	0.0667
main	baseline	4	64	2	41	1.0000	14	1	0.0714
main	baseline	4	64	2	42	1.0000	1	1	1.0000
main	baseline	4	64	2	43	1.0000	15	1	0.0667
main	baseline	4	64	2	44	1.0000	14	1	0.0714
main	baseline	4	64	2	45	1.0000	1	1	1.0000
main	baseline	4	64	2	46	1.0000	15	1	0.0667
main	baseline	4	64	2	47	1.0000	14	1	0.0714
main	baseline	4	64	2	48	1.0000	1	1	1.0000
main	baseline	4	64	2	49	1.0000	1	1	1.0000
main	baseline	4	64	2	50	1.0000	1	1	1.0000
main	baseline	4	64	2	51	1.0000	16	1	0.0625
main	baseline	4	64	2	52	1.0000	14	1	0.0714
main	baseline	5	64	2	0	1.0000	6	1	0.1667
main	baseline	5	64	2	1	1.0000	1	1	1.0000
main	baseline	5	64	2	2	1.0000	2	1	0.5000
main	baseline	5	64	2	3	1.0000	2	1	0.5000
main	baseline	5	64	2	4	1.0000	3	1	0.3333
main	baseline	5	64	2	5	1.0000	24	1	0.0417
main	baseline	5	64	2	6	1.0000	23	1	0.0435
main	baseline	5	64	2	7	1.0000	3	1	0.3333
main	baseline	5	64	2	8	1.0000	24	1	0.0417
main	baseline	5	64	2	9	1.0000	24	1	0.0417
main	baseline	5	64	2	10	1.0000	2	1	0.5000
main	baseline	5	64	2	11	1.0000	2	1	0.5000
main	baseline	5	64	2	12	1.0000	3	1	0.3333
main	baseline	5	64	2	13	1.0000	24	1	0.0417
main	baseline	5	64	2	14	1.0000	24	1	0.0417
main	baseline	5	64	2	15	1.0000	23	1	0.0435
main	baseline	5	64	2	16	1.0000	3	1	0.3333
main	baseline	5	64	2	17	1.0000	3	1	0.3333
main	baseline	5	64	2	18	1.0000	7	1	0.1429
main	baseline	5	64	2	19	1.0000	7	1	0.1429
main	baseline	5	64	2	20	1.0000	7	1	0.1429
main	baseline	5	64	2	21	1.0000	2	1	0.5000
main	baseline	5	64	2	22	1.0000	2	1	0.5000
main	baseline	5	64	2	23	1.0000	3	1	0.3333
main	baseline	5	64	2	24	1.0000	5	1	0.2000
main	baseline	5	64	2	25	1.0000	11	1	0.0909
main	baseline	5	64	2	26	1.0000	2	1	0.5000
main	baseline	5	64	2	27	1.0000	3	1	0.3333
main	baseline	5	64	2	28	1.0000	5	1	0.2000
main	baseline	5	64	2	29	1.0000	11	1	0.0909
main	baseline	5	64	2	30	1.0000	3	1	0.3333
main	baseline	5	64	2	31	1.0000	5	1	0.2000
main	baseline	5	64	2	32	1.0000	11	1	0.0909
main	baseline	5	64	2	33	1.0000	11	1	0.0909
main	baseline	5	64	2	34	1.0000	5	1	0.2000
main	baseline	5	64	2	35	1.0000	11	1	0.0909
main	baseline	5	64	2	36	1.0000	5	1	0.2000
main	baseline	5	64	2	37	1.0000	11	1	0.0909
main	baseline	5	64	2	38	1.0000	2	1	0.5000
main	baseline	5	64	2	39	1.0000	3	1	0.3333
main	baseline	5	64	2	40	1.0000	5	1	0.2000
main	baseline	5	64	2	41	1.0000	11	1	0.0909
main	baseline	5	64	2	42	1.0000	3	1	0.3333
main	baseline	5	64	2	43	1.0000	5	1	0.2000
main	baseline	5	64	2	44	1.0000	11	1	0.0909
main	baseline	5	64	2	45	1.0000	3	1	0.3333
main	baseline	5	64	2	46	1.0000	5	1	0.2000
main	baseline	5	64	2	47	1.0000	11	1	0.0909
main	baseline	5	64	2	48	1.0000	2	1	0.5000
main	baseline	5	64	2	49	1.0000	2	1	0.5000
main	baseline	5	64	2	50	1.0000	3	1	0.3333
main	baseline	5	64	2	51	1.0000	5	1	0.2000
main	baseline	5	64	2	52	1.0000	11	1	0.0909
main	baseline	6	64	2	0	1.0000	12	1	0.0833
main	baseline	6	64	2	1	1.0000	10	1	0.1000
main	baseline	6	64	2	2	1.0000	1	1	1.0000
main	baseline	6	64	2	3	1.0000	1	1	1.0000
main	baseline	6	64	2	4	1.0000	11	1	0.0909
main	baseline	6	64	2	5	1.0000	21	1	0.0476
main	baseline	6	64	2	6	1.0000	23	1	0.0435
main	baseline	6	64	2	7	1.0000	11	1	0.0909
main	baseline	6	64	2	8	1.0000	19	1	0.0526
main	baseline	6	64	2	9	1.0000	18	1	0.0556
main	baseline	6	64	2	10	1.0000	1	1	1.0000
main	baseline	6	64	2	11	1.0000	1	1	1.0000
main	baseline	6	64	2	12	1.0000	11	1	0.0909
main	baseline	6	64	2	13	1.0000	23	1	0.0435
main	baseline	6	64	2	14	1.0000	21	1	0.0476
main	baseline	6	64	2	15	1.0000	22	1	0.0455
main	baseline	6	64	2	16	1.0000	11	1	0.0909
main	baseline	6	64	2	17	1.0000	11	1	0.0909
main	baseline	6	64	2	18	1.0000	18	1	0.0556
main	baseline	6	64	2	19	1.0000	19	1	0.0526
main	baseline	6	64	2	20	1.0000	19	1	0.0526
main	baseline	6	64	2	21	1.0000	1	1	1.0000
main	baseline	6	64	2	22	1.0000	1	1	1.0000
main	baseline	6	64	2	23	1.0000	10	1	0.1000
main	baseline	6	64	2	24	1.0000	19	1	0.0526
main	baseline	6	64	2	25	1.0000	10	1	0.1000
main	baseline	6	64	2	26	1.0000	1	1	1.0000
main	baseline	6	64	2	27	1.0000	11	1	0.0909
main	baseline	6	64	2	28	1.0000	20	1	0.0500
main	baseline	6	64	2	29	1.0000	11	1	0.0909
main	baseline	6	64	2	30	1.0000	11	1	0.0909
main	baseline	6	64	2	31	1.0000	20	1	0.0500
main	baseline	6	64	2	32	1.0000	19	1	0.0526
main	baseline	6	64	2	33	1.0000	11	1	0.0909
main	baseline	6	64	2	34	1.0000	20	1	0.0500
main	baseline	6	64	2	35	1.0000	11	1	0.0909
main	baseline	6	64	2	36	1.0000	20	1	0.0500
main	baseline	6	64	2	37	1.0000	11	1	0.0909
main	baseline	6	64	2	38	1.0000	1	1	1.0000
main	baseline	6	64	2	39	1.0000	11	1	0.0909
main	baseline	6	64	2	40	1.0000	20	1	0.0500
main	baseline	6	64	2	41	1.0000	11	1	0.0909
main	baseline	6	64	2	42	1.0000	11	1	0.0909
main	baseline	6	64	2	43	1.0000	21	1	0.0476
main	baseline	6	64	2	44	1.0000	11	1	0.0909
main	baseline	6	64	2	45	1.0000	11	1	0.0909
main	baseline	6	64	2	46	1.0000	21	1	0.0476
main	baseline	6	64	2	47	1.0000	12	1	0.0833
main	baseline	6	64	2	48	1.0000	1	1	1.0000
main	baseline	6	64	2	49	1.0000	1	1	1.0000
main	baseline	6	64	2	50	1.0000	11	1	0.0909
main	baseline	6	64	2	51	1.0000	21	1	0.0476
main	baseline	6	64	2	52	1.0000	12	1	0.0833
main	baseline	7	64	2	0	1.0000	14	1	0.0714
main	baseline	7	64	2	1	1.0000	13	1	0.0769
main	baseline	7	64	2	2	1.0000	2	1	0.5000
main	baseline	7	64	2	3	1.0000	2	1	0.5000
main	baseline	7	64	2	4	1.0000	9	1	0.1111
main	baseline	7	64	2	5	1.0000	17	1	0.0588
main	baseline	7	64	2	6	1.0000	17	1	0.0588
main	baseline	7	64	2	7	1.0000	9	1	0.1111
main	baseline	7	64	2	8	1.0000	17	1	0.0588
main	baseline	7	64	2	9	1.0000	17	1	0.0588
main	baseline	7	64	2	10	1.0000	2	1	0.5000
main	baseline	7	64	2	11	1.0000	2	1	0.5000
main	baseline	7	64	2	12	1.0000	9	1	0.1111
main	baseline	7	64	2	13	1.0000	17	1	0.0588
main	baseline	7	64	2	14	1.0000	17	1	0.0588
main	baseline	7	64	2	15	1.0000	17	1	0.0588
main	baseline	7	64	2	16	1.0000	9	1	0.1111
main	baseline	7	64	2	17	1.0000	12	1	0.0833
main	baseline	7	64	2	18	1.0000	13	1	0.0769
main	baseline	7	64	2	19	1.0000	13	1	0.0769
main	baseline	7	64	2	20	1.0000	11	1	0.0909
main	baseline	7	64	2	21	1.0000	2	1	0.5000
main	baseline	7	64	2	22	1.0000	2	1	0.5000
main	baseline	7	64	2	23	1.0000	8	1	0.1250
main	baseline	7	64	2	24	1.0000	14	1	0.0714
main	baseline	7	64	2	25	1.0000	17	1	0.0588
main	baseline	7	64	2	26	1.0000	2	1	0.5000
main	baseline	7	64	2	27	1.0000	9	1	0.1111
main	baseline	7	64	2	28	1.0000	14	1	0.0714
main	baseline	7	64	2	29	1.0000	17	1	0.0588
main	baseline	7	64	2	30	1.0000	9	1	0.1111
main	baseline	7	64	2	31	1.0000	14	1	0.0714
main	baseline	7	64	2	32	1.0000	17	1	0.0588
main	baseline	7	64	2	33	1.0000	17	1	0.0588
main	baseline	7	64	2	34	1.0000	15	1	0.0667
main	baseline	7	64	2	35	1.0000	17	1	0.0588
main	baseline	7	64	2	36	1.0000	15	1	0.0667
main	baseline	7	64	2	37	1.0000	17	1	0.0588
main	baseline	7	64	2	38	1.0000	2	1	0.5000
main	baseline	7	64	2	39	1.0000	9	1	0.1111
main	baseline	7	64	2	40	1.0000	15	1	0.0667
main	baseline	7	64	2	41	1.0000	17	1	0.0588
main	baseline	7	64	2	42	1.0000	9	1	0.1111
main	baseline	7	64	2	43	1.0000	15	1	0.0667
main	baseline	7	64	2	44	1.0000	17	1	0.0588
main	baseline	7	64	2	45	1.0000	9	1	0.1111
main	baseline	7	64	2	46	1.0000	15	1	0.0667
main	baseline	7	64	2	47	1.0000	17	1	0.0588
main	baseline	7	64	2	48	1.0000	2	1	0.5000
main	baseline	7	64	2	49	1.0000	2	1	0.5000
main	baseline	7	64	2	50	1.0000	9	1	0.1111
main	baseline	7	64	2	51	1.0000	15	1	0.0667
main	baseline	7	64	2	52	1.0000	17	1	0.0588
main	baseline	8	64	2	0	1.0000	9	1	0.1111
main	baseline	8	64	2	1	1.0000	4	1	0.2500
main	baseline	8	64	2	2	1.0000	2	1	0.5000
main	baseline	8	64	2	3	1.0000	2	1	0.5000
main	baseline	8	64	2	4	1.0000	8	1	0.1250
main	baseline	8	64	2	5	1.0000	22	1	0.0455
main	baseline	8	64	2	6	1.0000	22	1	0.0455
main	baseline	8	64	2	7	1.0000	8	1	0.1250
main	baseline	8	64	2	8	1.0000	21	1	0.0476
main	baseline	8	64	2	9	1.0000	21	1	0.0476
main	baseline	8	64	2	10	1.0000	2	1	0.5000
main	baseline	8	64	2	11	1.0000	2	1	0.5000
main	baseline	8	64	2	12	1.0000	9	1	0.1111
main	baseline	8	64	2	13	1.0000	22	1	0.0455
main	baseline	8	64	2	14	1.0000	22	1	0.0455
main	baseline	8	64	2	15	1.0000	22	1	0.0455
main	baseline	8	64	2	16	1.0000	8	1	0.1250
main	baseline	8	64	2	17	1.0000	9	1	0.1111
main	baseline	8	64	2	18	1.0000	9	1	0.1111
main	baseline	8	64	2	19	1.0000	7	1	0.1429
main	baseline	8	64	2	20	1.0000	7	1	0.1429
main	baseline	8	64	2	21	1.0000	2	1	0.5000
main	baseline	8	64	2	22	1.0000	2	1	0.5000
main	baseline	8	64	2	23	1.0000	8	1	0.1250
main	baseline	8	64	2	24	1.0000	15	1	0.0667
main	baseline	8	64	2	25	1.0000	13	1	0.0769
main	baseline	8	64	2	26	1.0000	2	1	0.5000
main	baseline	8	64	2	27	1.0000	8	1	0.1250
main	baseline	8	64	2	28	1.0000	16	1	0.0625
main	baseline	8	64	2	29	1.0000	13	1	0.0769
main	baseline	8	64	2	30	1.0000	8	1	0.1250
main	baseline	8	64	2	31	1.0000	16	1	0.0625
main	baseline	8	64	2	32	1.0000	16	1	0.0625
main	baseline	8	64	2	33	1.0000	13	1	0.0769
main	baseline	8	64	2	34	1.0000	16	1	0.0625
main	baseline	8	64	2	35	1.0000	13	1	0.0769
main	baseline	8	64	2	36	1.0000	16	1	0.0625
main	baseline	8	64	2	37	1.0000	13	1	0.0769
main	baseline	8	64	2	38	1.0000	2	1	0.5000
main	baseline	8	64	2	39	1.0000	8	1	0.1250
main	baseline	8	64	2	40	1.0000	17	1	0.0588
main	baseline	8	64	2	41	1.0000	13	1	0.0769
main	baseline	8	64	2	42	1.0000	8	1	0.1250
main	baseline	8	64	2	43	1.0000	17	1	0.0588
main	baseline	8	64	2	44	1.0000	13	1	0.0769
main	baseline	8	64	2	45	1.0000	8	1	0.1250
main	baseline	8	64	2	46	1.0000	17	1	0.0588
main	baseline	8	64	2	47	1.0000	13	1	0.0769
main	baseline	8	64	2	48	1.0000	2	1	0.5000
main	baseline	8	64	2	49	1.0000	2	1	0.5000
main	baseline	8	64	2	50	1.0000	8	1	0.1250
main	baseline	8	64	2	51	1.0000	17	1	0.0588
main	baseline	8	64	2	52	1.0000	13	1	0.0769
main	baseline	9	64	2	0	1.0000	3	1	0.3333
main	baseline	9	64	2	1	1.0000	7	1	0.1429
main	baseline	9	64	2	2	1.0000	2	1	0.5000
main	baseline	9	64	2	3	1.0000	2	1	0.5000
main	baseline	9	64	2	4	1.0000	6	1	0.1667
main	baseline	9	64	2	5	1.0000	17	1	0.0588
main	baseline	9	64	2	6	1.0000	17	1	0.0588
main	baseline	9	64	2	7	1.0000	6	1	0.1667
main	baseline	9	64	2	8	1.0000	16	1	0.0625
main	baseline	9	64	2	9	1.0000	16	1	0.0625
main	baseline	9	64	2	10	1.0000	2	1	0.5000
main	baseline	9	64	2	11	1.0000	2	1	0.5000
main	baseline	9	64	2	12	1.0000	6	1	0.1667
main	baseline	9	64	2	13	1.0000	17	1	0.0588
main	baseline	9	64	2	14	1.0000	17	1	0.0588
main	baseline	9	64	2	15	1.0000	17	1	0.0588
main	baseline	9	64	2	16	1.0000	6	1	0.1667
main	baseline	9	64	2	17	1.0000	7	1	0.1429
main	baseline	9	64	2	18	1.0000	7	1	0.1429
main	baseline	9	64	2	19	1.0000	7	1	0.1429
main	baseline	9	64	2	20	1.0000	6	1	0.1667
main	baseline	9	64	2	21	1.0000	2	1	0.5000
main	baseline	9	64	2	22	1.0000	2	1	0.5000
main	baseline	9	64	2	23	1.0000	6	1	0.1667
main	baseline	9	64	2	24	1.0000	13	1	0.0769
main	baseline	9	64	2	25	1.0000	17	1	0.0588
main	baseline	9	64	2	26	1.0000	2	1	0.5000
main	baseline	9	64	2	27	1.0000	6	1	0.1667
main	baseline	9	64	2	28	1.0000	13	1	0.0769
main	baseline	9	64	2	29	1.0000	18	1	0.0556
main	baseline	9	64	2	30	1.0000	6	1	0.1667
main	baseline	9	64	2	31	1.0000	13	1	0.0769
main	baseline	9	64	2	32	1.0000	18	1	0.0556
main	baseline	9	64	2	33	1.0000	18	1	0.0556
main	baseline	9	64	2	34	1.0000	14	1	0.0714
main	baseline	9	64	2	35	1.0000	18	1	0.0556
main	baseline	9	64	2	36	1.0000	14	1	0.0714
main	baseline	9	64	2	37	1.0000	18	1	0.0556
main	baseline	9	64	2	38	1.0000	2	1	0.5000
main	baseline	9	64	2	39	1.0000	6	1	0.1667
main	baseline	9	64	2	40	1.0000	14	1	0.0714
main	baseline	9	64	2	41	1.0000	19	1	0.0526
main	baseline	9	64	2	42	1.0000	6	1	0.1667
main	baseline	9	64	2	43	1.0000	14	1	0.0714
main	baseline	9	64	2	44	1.0000	19	1	0.0526
main	baseline	9	64	2	45	1.0000	6	1	0.1667
main	baseline	9	64	2	46	1.0000	14	1	0.0714
main	baseline	9	64	2	47	1.0000	20	1	0.0500
main	baseline	9	64	2	48	1.0000	2	1	0.5000
main	baseline	9	64	2	49	1.0000	2	1	0.5000
main	baseline	9	64	2	50	1.0000	6	1	0.1667
main	baseline	9	64	2	51	1.0000	14	1	0.0714
main	baseline	9	64	2	52	1.0000	20	1	0.0500
main	no_decl	0	64	2	0	1.0000	10	1	0.1000
main	no_decl	0	64	2	1	1.0000	9	1	0.1111
main	no_decl	0	64	2	2	0.0000	0	0	0.0000
main	no_decl	0	64	2	3	0.0000	0	0	0.0000
main	no_decl	0	64	2	4	0.1250	3	0	0.0417
main	no_decl	0	64	2	5	0.2500	13	0	0.0192
main	no_decl	0	64	2	6	0.1250	14	0	0.0089
main	no_decl	0	64	2	7	0.1250	3	0	0.0417
main	no_decl	0	64	2	8	0.2500	13	0	0.0192
main	no_decl	0	64	2	9	0.1250	13	0	0.0096
main	no_decl	0	64	2	10	0.0000	0	0	0.0000
main	no_decl	0	64	2	11	0.0000	0	0	0.0000
main	no_decl	0	64	2	12	0.5000	3	0	0.1667
main	no_decl	0	64	2	13	0.6250	14	0	0.0446
main	no_decl	0	64	2	14	0.5000	14	0	0.0357
main	no_decl	0	64	2	15	0.1250	14	0	0.0089
main	no_decl	0	64	2	16	0.2500	3	0	0.0833
main	no_decl	0	64	2	17	0.6250	9	0	0.0694
main	no_decl	0	64	2	18	0.7500	10	0	0.0750
main	no_decl	0	64	2	19	0.5000	10	0	0.0500
main	no_decl	0	64	2	20	0.1250	10	0	0.0125
main	no_decl	0	64	2	21	0.0000	0	0	0.0000
main	no_decl	0	64	2	22	0.0000	0	0	0.0000
main	no_decl	0	64	2	23	0.0625	3	0	0.0208
main	no_decl	0	64	2	24	0.1250	12	0	0.0104
main	no_decl	0	64	2	25	0.0667	15	0	0.0044
main	no_decl	0	64	2	26	0.0000	0	0	0.0000
main	no_decl	0	64	2	27	0.0357	3	0	0.0119
main	no_decl	0	64	2	28	0.0714	12	0	0.0060
main	no_decl	0	64	2	29	0.0370	16	0	0.0023
main	no_decl	0	64	2	30	0.0385	3	0	0.0128
main	no_decl	0	64	2	31	0.1538	12	0	0.0128
main	no_decl	0	64	2	32	0.2000	16	0	0.0125
main	no_decl	0	64	2	33	0.2273	15	0	0.0152
main	no_decl	0	64	2	34	0.3000	12	0	0.0250
main	no_decl	0	64	2	35	0.2353	16	0	0.0147
main	no_decl	0	64	2	36	0.1429	12	0	0.0119
main	no_decl	0	64	2	37	0.0769	16	0	0.0048
main	no_decl	0	64	2	38	0.0000	0	0	0.0000
main	no_decl	0	64	2	39	0.1667	3	0	0.0556
main	no_decl	0	64	2	40	0.3333	13	0	0.0256
main	no_decl	0	64	2	41	0.2000	16	0	0.0125
main	no_decl	0	64	2	42	0.1250	3	0	0.0417
main	no_decl	0	64	2	43	0.2500	13	0	0.0192
main	no_decl	0	64	2	44	0.1429	16	0	0.0089
main	no_decl	0	64	2	45	0.1667	3	0	0.0556
main	no_decl	0	64	2	46	0.3333	13	0	0.0256
main	no_decl	0	64	2	47	0.2000	16	0	0.0125
main	no_decl	0	64	2	48	0.0000	0	0	0.0000
main	no_decl	0	64	2	49	0.0000	0	0	0.0000
main	no_decl	0	64	2	50	0.5000	3	0	0.1667
main	no_decl	0	64	2	51	1.0000	13	1	0.0769
main	no_decl	0	64	2	52	1.0000	16	1	0.0625
main	no_decl	1	64	2	0	1.0000	8	1	0.1250
main	no_decl	1	64	2	1	1.0000	6	1	0.1667
main	no_decl	1	64	2	2	0.0000	0	0	0.0000
main	no_decl	1	64	2	3	0.0000	0	0	0.0000
main	no_decl	1	64	2	4	0.1250	6	0	0.0208
main	no_decl	1	64	2	5	0.2500	28	0	0.0089
main	no_decl	1	64	2	6	0.1250	29	0	0.0043
main	no_decl	1	64	2	7	0.1250	6	0	0.0208
main	no_decl	1	64	2	8	0.2500	27	0	0.0093
main	no_decl	1	64	2	9	0.1250	26	0	0.0048
main	no_decl	1	64	2	10	0.0000	0	0	0.0000
main	no_decl	1	64	2	11	0.0000	0	0	0.0000
main	no_decl	1	64	2	12	0.5000	6	0	0.0833
main	no_decl	1	64	2	13	0.6250	29	0	0.0216
main	no_decl	1	64	2	14	0.5000	28	0	0.0179
main	no_decl	1	64	2	15	0.1250	28	0	0.0045
main	no_decl	1	64	2	16	0.2500	6	0	0.0417
main	no_decl	1	64	2	17	0.6250	6	0	0.1042
main	no_decl	1	64	2	18	0.7500	14	0	0.0536
main	no_decl	1	64	2	19	0.5000	14	0	0.0357
main	no_decl	1	64	2	20	0.1250	14	0	0.0089
main	no_decl	1	64	2	21	0.0000	0	0	0.0000
main	no_decl	1	64	2	22	0.0000	0	0	0.0000
main	no_decl	1	64	2	23	0.0625	6	0	0.0104
main	no_decl	1	64	2	24	0.1250	6	0	0.0208
main	no_decl	1	64	2	25	0.0667	16	0	0.0042
main	no_decl	1	64	2	26	0.0000	0	0	0.0000
main	no_decl	1	64	2	27	0.0357	6	0	0.0060
main	no_decl	1	64	2	28	0.0714	6	0	0.0119
main	no_decl	1	64	2	29	0.0370	16	0	0.0023
main	no_decl	1	64	2	30	0.0385	6	0	0.0064
main	no_decl	1	64	2	31	0.1538	6	0	0.0256
main	no_decl	1	64	2	32	0.2000	16	0	0.0125
main	no_decl	1	64	2	33	0.2273	16	0	0.0142
main	no_decl	1	64	2	34	0.3000	6	0	0.0500
main	no_decl	1	64	2	35	0.2353	16	0	0.0147
main	no_decl	1	64	2	36	0.1429	6	0	0.0238
main	no_decl	1	64	2	37	0.0769	16	0	0.0048
main	no_decl	1	64	2	38	0.0000	0	0	0.0000
main	no_decl	1	64	2	39	0.1667	6	0	0.0278
main	no_decl	1	64	2	40	0.3333	6	0	0.0556
main	no_decl	1	64	2	41	0.2000	16	0	0.0125
main	no_decl	1	64	2	42	0.1250	6	0	0.0208
main	no_decl	1	64	2	43	0.2500	6	0	0.0417
main	no_decl	1	64	2	44	0.1429	17	0	0.0084
main	no_decl	1	64	2	45	0.1667	6	0	0.0278
main	no_decl	1	64	2	46	0.3333	6	0	0.0556
main	no_decl	1	64	2	47	0.2000	17	0	0.0118
main	no_decl	1	64	2	48	0.0000	0	0	0.0000
main	no_decl	1	64	2	49	0.0000	0	0	0.0000
main	no_decl	1	64	2	50	0.5000	6	0	0.0833
main	no_decl	1	64	2	51	1.0000	6	1	0.1667
main	no_decl	1	64	2	52	1.0000	17	1	0.0588
main	no_decl	2	64	2	0	1.0000	9	1	0.1111
main	no_decl	2	64	2	1	1.0000	4	1	0.2500
main	no_decl	2	64	2	2	0.0000	0	0	0.0000
main	no_decl	2	64	2	3	0.0000	0	0	0.0000
main	no_decl	2	64	2	4	0.1250	7	0	0.0179
main	no_decl	2	64	2	5	0.2500	33	0	0.0076
main	no_decl	2	64	2	6	0.1250	34	0	0.0037
main	no_decl	2	64	2	7	0.1250	7	0	0.0179
main	no_decl	2	64	2	8	0.2500	33	0	0.0076
main	no_decl	2	64	2	9	0.1250	32	0	0.0039
main	no_decl	2	64	2	10	0.0000	0	0	0.0000
main	no_decl	2	64	2	11	0.0000	0	0	0.0000
main	no_decl	2	64	2	12	0.5000	7	0	0.0714
main	no_decl	2	64	2	13	0.6250	34	0	0.0184
main	no_decl	2	64	2	14	0.5000	34	0	0.0147
main	no_decl	2	64	2	15	0.1250	34	0	0.0037
main	no_decl	2	64	2	16	0.2500	7	0	0.0357
main	no_decl	2	64	2	17	0.6250	7	0	0.0893
main	no_decl	2	64	2	18	0.7500	8	0	0.0938
main	no_decl	2	64	2	19	0.5000	8	0	0.0625
main	no_decl	2	64	2	20	0.1250	8	0	0.0156
main	no_decl	2	64	2	21	0.0000	0	0	0.0000
main	no_decl	2	64	2	22	0.0000	0	0	0.0000
main	no_decl	2	64	2	23	0.0625	7	0	0.0089
main	no_decl	2	64	2	24	0.1250	11	0	0.0114
main	no_decl	2	64	2	25	0.0667	12	0	0.0056
main	no_decl	2	64	2	26	0.0000	0	0	0.0000
main	no_decl	2	64	2	27	0.0357	7	0	0.0051
main	no_decl	2	64	2	28	0.0714	11	0	0.0065
main	no_decl	2	64	2	29	0.0370	13	0	0.0028
main	no_decl	2	64	2	30	0.0385	7	0	0.0055
main	no_decl	2	64	2	31	0.1538	11	0	0.0140
main	no_decl	2	64	2	32	0.2000	13	0	0.0154
main	no_decl	2	64	2	33	0.2273	12	0	0.0189
main	no_decl	2	64	2	34	0.3000	11	0	0.0273
main	no_decl	2	64	2	35	0.2353	12	0	0.0196
main	no_decl	2	64	2	36	0.1429	12	0	0.0119
main	no_decl	2	64	2	37	0.0769	12	0	0.0064
main	no_decl	2	64	2	38	0.0000	0	0	0.0000
main	no_decl	2	64	2	39	0.1667	7	0	0.0238
main	no_decl	2	64	2	40	0.3333	12	0	0.0278
main	no_decl	2	64	2	41	0.2000	13	0	0.0154
main	no_decl	2	64	2	42	0.1250	7	0	0.0179
main	no_decl	2	64	2	43	0.2500	12	0	0.0208
main	no_decl	2	64	2	44	0.1429	13	0	0.0110
main	no_decl	2	64	2	45	0.1667	7	0	0.0238
main	no_decl	2	64	2	46	0.3333	12	0	0.0278
main	no_decl	2	64	2	47	0.2000	13	0	0.0154
main	no_decl	2	64	2	48	0.0000	0	0	0.0000
main	no_decl	2	64	2	49	0.0000	0	0	0.0000
main	no_decl	2	64	2	50	0.5000	7	0	0.0714
main	no_decl	2	64	2	51	1.0000	12	1	0.0833
main	no_decl	2	64	2	52	1.0000	13	1	0.0769
main	no_decl	3	64	2	0	1.0000	8	1	0.1250
main	no_decl	3	64	2	1	1.0000	5	1	0.2000
main	no_decl	3	64	2	2	0.0000	0	0	0.0000
main	no_decl	3	64	2	3	0.0000	0	0	0.0000
main	no_decl	3	64	2	4	0.1250	3	0	0.0417
main	no_decl	3	64	2	5	0.2500	23	0	0.0109
main	no_decl	3	64	2	6	0.1250	24	0	0.0052
main	no_decl	3	64	2	7	0.1250	3	0	0.0417
main	no_decl	3	64	2	8	0.2500	23	0	0.0109
main	no_decl	3	64	2	9	0.1250	23	0	0.0054
main	no_decl	3	64	2	10	0.0000	0	0	0.0000
main	no_decl	3	64	2	11	0.0000	0	0	0.0000
main	no_decl	3	64	2	12	0.5000	3	0	0.1667
main	no_decl	3	64	2	13	0.6250	24	0	0.0260
main	no_decl	3	64	2	14	0.5000	23	0	0.0217
main	no_decl	3	64	2	15	0.1250	24	0	0.0052
main	no_decl	3	64	2	16	0.2500	3	0	0.0833
main	no_decl	3	64	2	17	0.6250	5	0	0.1250
main	no_decl	3	64	2	18	0.7500	12	0	0.0625
main	no_decl	3	64	2	19	0.5000	12	0	0.0417
main	no_decl	3	64	2	20	0.1250	12	0	0.0104
main	no_decl	3	64	2	21	0.0000	0	0	0.0000
main	no_decl	3	64	2	22	0.0000	0	0	0.0000
main	no_decl	3	64	2	23	0.0625	3	0	0.0208
main	no_decl	3	64	2	24	0.1250	17	0	0.0074
main	no_decl	3	64	2	25	0.0667	12	0	0.0056
main	no_decl	3	64	2	26	0.0000	0	0	0.0000
main	no_decl	3	64	2	27	0.0357	3	0	0.0119
main	no_decl	3	64	2	28	0.0714	17	0	0.0042
main	no_decl	3	64	2	29	0.0370	12	0	0.0031
main	no_decl	3	64	2	30	0.0385	3	0	0.0128
main	no_decl	3	64	2	31	0.1538	17	0	0.0090
main	no_decl	3	64	2	32	0.2000	17	0	0.0118
main	no_decl	3	64	2	33	0.2273	12	0	0.0189
main	no_decl	3	64	2	34	0.3000	17	0	0.0176
main	no_decl	3	64	2	35	0.2353	12	0	0.0196
main	no_decl	3	64	2	36	0.1429	17	0	0.0084
main	no_decl	3	64	2	37	0.0769	12	0	0.0064
main	no_decl	3	64	2	38	0.0000	0	0	0.0000
main	no_decl	3	64	2	39	0.1667	3	0	0.0556
main	no_decl	3	64	2	40	0.3333	17	0	0.0196
main	no_decl	3	64	2	41	0.2000	13	0	0.0154
main	no_decl	3	64	2	42	0.1250	3	0	0.0417
main	no_decl	3	64	2	43	0.2500	17	0	0.0147
main	no_decl	3	64	2	44	0.1429	13	0	0.0110
main	no_decl	3	64	2	45	0.1667	3	0	0.0556
main	no_decl	3	64	2	46	0.3333	17	0	0.0196
main	no_decl	3	64	2	47	0.2000	13	0	0.0154
main	no_decl	3	64	2	48	0.0000	0	0	0.0000
main	no_decl	3	64	2	49	0.0000	0	0	0.0000
main	no_decl	3	64	2	50	0.5000	3	0	0.1667
main	no_decl	3	64	2	51	1.0000	18	1	0.0556
main	no_decl	3	64	2	52	1.0000	13	1	0.0769
main	no_decl	4	64	2	0	1.0000	5	1	0.2000
main	no_decl	4	64	2	1	1.0000	5	1	0.2000
main	no_decl	4	64	2	2	0.0000	0	0	0.0000
main	no_decl	4	64	2	3	0.0000	0	0	0.0000
main	no_decl	4	64	2	4	0.1250	2	0	0.0625
main	no_decl	4	64	2	5	0.2500	23	0	0.0109
main	no_decl	4	64	2	6	0.1250	24	0	0.0052
main	no_decl	4	64	2	7	0.1250	2	0	0.0625
main	no_decl	4	64	2	8	0.2500	22	0	0.0114
main	no_decl	4	64	2	9	0.1250	22	0	0.0057
main	no_decl	4	64	2	10	0.0000	0	0	0.0000
main	no_decl	4	64	2	11	0.0000	0	0	0.0000
main	no_decl	4	64	2	12	0.5000	2	0	0.2500
main	no_decl	4	64	2	13	0.6250	24	0	0.0260
main	no_decl	4	64	2	14	0.5000	23	0	0.0217
main	no_decl	4	64	2	15	0.1250	24	0	0.0052
main	no_decl	4	64	2	16	0.2500	2	0	0.1250
main	no_decl	4	64	2	17	0.6250	4	0	0.1562
main	no_decl	4	64	2	18	0.7500	16	0	0.0469
main	no_decl	4	64	2	19	0.5000	16	0	0.0312
main	no_decl	4	64	2	20	0.1250	16	0	0.0078
main	no_decl	4	64	2	21	0.0000	0	0	0.0000
main	no_decl	4	64	2	22	0.0000	0	0	0.0000
main	no_decl	4	64	2	23	0.0625	2	0	0.0312
main	no_decl	4	64	2	24	0.1250	13	0	0.0096
main	no_decl	4	64	2	25	0.0667	5	0	0.0133
main	no_decl	4	64	2	26	0.0000	0	0	0.0000
main	no_decl	4	64	2	27	0.0357	2	0	0.0179
main	no_decl	4	64	2	28	0.0714	13	0	0.0055
main	no_decl	4	64	2	29	0.0370	6	0	0.0062
main	no_decl	4	64	2	30	0.0385	2	0	0.0192
main	no_decl	4	64	2	31	0.1538	13	0	0.0118
main	no_decl	4	64	2	32	0.2000	13	0	0.0154
main	no_decl	4	64	2	33	0.2273	6	0	0.0379
main	no_decl	4	64	2	34	0.3000	13	0	0.0231
main	no_decl	4	64	2	35	0.2353	6	0	0.0392
main	no_decl	4	64	2	36	0.1429	13	0	0.0110
main	no_decl	4	64	2	37	0.0769	6	0	0.0128
main	no_decl	4	64	2	38	0.0000	0	0	0.0000
main	no_decl	4	64	2	39	0.1667	2	0	0.0833
main	no_decl	4	64	2	40	0.3333	13	0	0.0256
main	no_decl	4	64	2	41	0.2000	6	0	0.0333
main	no_decl	4	64	2	42	0.1250	2	0	0.0625
main	no_decl	4	64	2	43	0.2500	13	0	0.0192
main	no_decl	4	64	2	44	0.1429	6	0	0.0238
main	no_decl	4	64	2	45	0.1667	2	0	0.0833
main	no_decl	4	64	2	46	0.3333	13	0	0.0256
main	no_decl	4	64	2	47	0.2000	6	0	0.0333
main	no_decl	4	64	2	48	0.0000	0	0	0.0000
main	no_decl	4	64	2	49	0.0000	0	0	0.0000
main	no_decl	4	64	2	50	0.5000	2	0	0.2500
main	no_decl	4	64	2	51	1.0000	13	1	0.0769
main	no_decl	4	64	2	52	1.0000	6	1	0.1667
main	no_decl	5	64	2	0	1.0000	8	1	0.1250
main	no_decl	5	64	2	1	1.0000	1	1	1.0000
main	no_decl	5	64	2	2	0.0000	0	0	0.0000
main	no_decl	5	64	2	3	0.0000	0	0	0.0000
main	no_decl	5	64	2	4	0.1250	4	0	0.0312
main	no_decl	5	64	2	5	0.2500	34	0	0.0074
main	no_decl	5	64	2	6	0.1250	34	0	0.0037
main	no_decl	5	64	2	7	0.1250	4	0	0.0312
main	no_decl	5	64	2	8	0.2500	33	0	0.0076
main	no_decl	5	64	2	9	0.1250	33	0	0.0038
main	no_decl	5	64	2	10	0.0000	0	0	0.0000
main	no_decl	5	64	2	11	0.0000	0	0	0.0000
main	no_decl	5	64	2	12	0.5000	4	0	0.1250
main	no_decl	5	64	2	13	0.6250	34	0	0.0184
main	no_decl	5	64	2	14	0.5000	34	0	0.0147
main	no_decl	5	64	2	15	0.1250	34	0	0.0037
main	no_decl	5	64	2	16	0.2500	4	0	0.0625
main	no_decl	5	64	2	17	0.6250	4	0	0.1562
main	no_decl	5	64	2	18	0.7500	7	0	0.1071
main	no_decl	5	64	2	19	0.5000	7	0	0.0714
main	no_decl	5	64	2	20	0.1250	7	0	0.0179
main	no_decl	5	64	2	21	0.0000	0	0	0.0000
main	no_decl	5	64	2	22	0.0000	0	0	0.0000
main	no_decl	5	64	2	23	0.0625	4	0	0.0156
main	no_decl	5	64	2	24	0.1250	3	0	0.0417
main	no_decl	5	64	2	25	0.0667	14	0	0.0048
main	no_decl	5	64	2	26	0.0000	0	0	0.0000
main	no_decl	5	64	2	27	0.0357	4	0	0.0089
main	no_decl	5	64	2	28	0.0714	4	0	0.0179
main	no_decl	5	64	2	29	0.0370	14	0	0.0026
main	no_decl	5	64	2	30	0.0385	4	0	0.0096
main	no_decl	5	64	2	31	0.1538	4	0	0.0385
main	no_decl	5	64	2	32	0.2000	14	0	0.0143
main	no_decl	5	64	2	33	0.2273	14	0	0.0162
main	no_decl	5	64	2	34	0.3000	4	0	0.0750
main	no_decl	5	64	2	35	0.2353	14	0	0.0168
main	no_decl	5	64	2	36	0.1429	4	0	0.0357
main	no_decl	5	64	2	37	0.0769	14	0	0.0055
main	no_decl	5	64	2	38	0.0000	0	0	0.0000
main	no_decl	5	64	2	39	0.1667	4	0	0.0417
main	no_decl	5	64	2	40	0.3333	4	0	0.0833
main	no_decl	5	64	2	41	0.2000	15	0	0.0133
main	no_decl	5	64	2	42	0.1250	4	0	0.0312
main	no_decl	5	64	2	43	0.2500	4	0	0.0625
main	no_decl	5	64	2	44	0.1429	15	0	0.0095
main	no_decl	5	64	2	45	0.1667	4	0	0.0417
main	no_decl	5	64	2	46	0.3333	4	0	0.0833
main	no_decl	5	64	2	47	0.2000	15	0	0.0133
main	no_decl	5	64	2	48	0.0000	0	0	0.0000
main	no_decl	5	64	2	49	0.0000	0	0	0.0000
main	no_decl	5	64	2	50	0.5000	4	0	0.1250
main	no_decl	5	64	2	51	1.0000	4	1	0.2500
main	no_decl	5	64	2	52	1.0000	15	1	0.0667
main	no_decl	6	64	2	0	1.0000	7	1	0.1429
main	no_decl	6	64	2	1	1.0000	3	1	0.3333
main	no_decl	6	64	2	2	0.0000	0	0	0.0000
main	no_decl	6	64	2	3	0.0000	0	0	0.0000
main	no_decl	6	64	2	4	0.1250	8	0	0.0156
main	no_decl	6	64	2	5	0.2500	15	0	0.0167
main	no_decl	6	64	2	6	0.1250	15	0	0.0083
main	no_decl	6	64	2	7	0.1250	8	0	0.0156
main	no_decl	6	64	2	8	0.2500	14	0	0.0179
main	no_decl	6	64	2	9	0.1250	14	0	0.0089
main	no_decl	6	64	2	10	0.0000	0	0	0.0000
main	no_decl	6	64	2	11	0.0000	0	0	0.0000
main	no_decl	6	64	2	12	0.5000	8	0	0.0625
main	no_decl	6	64	2	13	0.6250	15	0	0.0417
main	no_decl	6	64	2	14	0.5000	15	0	0.0333
main	no_decl	6	64	2	15	0.1250	15	0	0.0083
main	no_decl	6	64	2	16	0.2500	8	0	0.0312
main	no_decl	6	64	2	17	0.6250	8	0	0.0781
main	no_decl	6	64	2	18	0.7500	13	0	0.0577
main	no_decl	6	64	2	19	0.5000	13	0	0.0385
main	no_decl	6	64	2	20	0.1250	13	0	0.0096
main	no_decl	6	64	2	21	0.0000	0	0	0.0000
main	no_decl	6	64	2	22	0.0000	0	0	0.0000
main	no_decl	6	64	2	23	0.0625	8	0	0.0078
main	no_decl	6	64	2	24	0.1250	17	0	0.0074
main	no_decl	6	64	2	25	0.0667	7	0	0.0095
main	no_decl	6	64	2	26	0.0000	0	0	0.0000
main	no_decl	6	64	2	27	0.0357	8	0	0.0045
main	no_decl	6	64	2	28	0.0714	17	0	0.0042
main	no_decl	6	64	2	29	0.0370	8	0	0.0046
main	no_decl	6	64	2	30	0.0385	8	0	0.0048
main	no_decl	6	64	2	31	0.1538	17	0	0.0090
main	no_decl	6	64	2	32	0.2000	17	0	0.0118
main	no_decl	6	64	2	33	0.2273	8	0	0.0284
main	no_decl	6	64	2	34	0.3000	17	0	0.0176
main	no_decl	6	64	2	35	0.2353	8	0	0.0294
main	no_decl	6	64	2	36	0.1429	17	0	0.0084
main	no_decl	6	64	2	37	0.0769	7	0	0.0110
main	no_decl	6	64	2	38	0.0000	0	0	0.0000
main	no_decl	6	64	2	39	0.1667	8	0	0.0208
main	no_decl	6	64	2	40	0.3333	18	0	0.0185
main	no_decl	6	64	2	41	0.2000	8	0	0.0250
main	no_decl	6	64	2	42	0.1250	8	0	0.0156
main	no_decl	6	64	2	43	0.2500	18	0	0.0139
main	no_decl	6	64	2	44	0.1429	8	0	0.0179
main	no_decl	6	64	2	45	0.1667	8	0	0.0208
main	no_decl	6	64	2	46	0.3333	18	0	0.0185
main	no_decl	6	64	2	47	0.2000	8	0	0.0250
main	no_decl	6	64	2	48	0.0000	0	0	0.0000
main	no_decl	6	64	2	49	0.0000	0	0	0.0000
main	no_decl	6	64	2	50	0.5000	8	0	0.0625
main	no_decl	6	64	2	51	1.0000	18	1	0.0556
main	no_decl	6	64	2	52	1.0000	8	1	0.1250
main	no_decl	7	64	2	0	1.0000	11	1	0.0909
main	no_decl	7	64	2	1	1.0000	10	1	0.1000
main	no_decl	7	64	2	2	0.0000	0	0	0.0000
main	no_decl	7	64	2	3	0.0000	0	0	0.0000
main	no_decl	7	64	2	4	0.1250	8	0	0.0156
main	no_decl	7	64	2	5	0.2500	15	0	0.0167
main	no_decl	7	64	2	6	0.1250	15	0	0.0083
main	no_decl	7	64	2	7	0.1250	8	0	0.0156
main	no_decl	7	64	2	8	0.2500	15	0	0.0167
main	no_decl	7	64	2	9	0.1250	15	0	0.0083
main	no_decl	7	64	2	10	0.0000	0	0	0.0000
main	no_decl	7	64	2	11	0.0000	0	0	0.0000
main	no_decl	7	64	2	12	0.5000	8	0	0.0625
main	no_decl	7	64	2	13	0.6250	15	0	0.0417
main	no_decl	7	64	2	14	0.5000	15	0	0.0333
main	no_decl	7	64	2	15	0.1250	15	0	0.0083
main	no_decl	7	64	2	16	0.2500	8	0	0.0312
main	no_decl	7	64	2	17	0.6250	10	0	0.0625
main	no_decl	7	64	2	18	0.7500	10	0	0.0750
main	no_decl	7	64	2	19	0.5000	10	0	0.0500
main	no_decl	7	64	2	20	0.1250	8	0	0.0156
main	no_decl	7	64	2	21	0.0000	0	0	0.0000
main	no_decl	7	64	2	22	0.0000	0	0	0.0000
main	no_decl	7	64	2	23	0.0625	8	0	0.0078
main	no_decl	7	64	2	24	0.1250	14	0	0.0089
main	no_decl	7	64	2	25	0.0667	19	0	0.0035
main	no_decl	7	64	2	26	0.0000	0	0	0.0000
main	no_decl	7	64	2	27	0.0357	8	0	0.0045
main	no_decl	7	64	2	28	0.0714	14	0	0.0051
main	no_decl	7	64	2	29	0.0370	19	0	0.0019
main	no_decl	7	64	2	30	0.0385	8	0	0.0048
main	no_decl	7	64	2	31	0.1538	14	0	0.0110
main	no_decl	7	64	2	32	0.2000	19	0	0.0105
main	no_decl	7	64	2	33	0.2273	20	0	0.0114
main	no_decl	7	64	2	34	0.3000	14	0	0.0214
main	no_decl	7	64	2	35	0.2353	20	0	0.0118
main	no_decl	7	64	2	36	0.1429	14	0	0.0102
main	no_decl	7	64	2	37	0.0769	20	0	0.0038
main	no_decl	7	64	2	38	0.0000	0	0	0.0000
main	no_decl	7	64	2	39	0.1667	8	0	0.0208
main	no_decl	7	64	2	40	0.3333	14	0	0.0238
main	no_decl	7	64	2	41	0.2000	20	0	0.0100
main	no_decl	7	64	2	42	0.1250	8	0	0.0156
main	no_decl	7	64	2	43	0.2500	14	0	0.0179
main	no_decl	7	64	2	44	0.1429	20	0	0.0071
main	no_decl	7	64	2	45	0.1667	8	0	0.0208
main	no_decl	7	64	2	46	0.3333	14	0	0.0238
main	no_decl	7	64	2	47	0.2000	20	0	0.0100
main	no_decl	7	64	2	48	0.0000	0	0	0.0000
main	no_decl	7	64	2	49	0.0000	0	0	0.0000
main	no_decl	7	64	2	50	0.5000	8	0	0.0625
main	no_decl	7	64	2	51	1.0000	14	1	0.0714
main	no_decl	7	64	2	52	1.0000	20	1	0.0500
main	no_decl	8	64	2	0	1.0000	5	1	0.2000
main	no_decl	8	64	2	1	1.0000	6	1	0.1667
main	no_decl	8	64	2	2	0.0000	0	0	0.0000
main	no_decl	8	64	2	3	0.0000	0	0	0.0000
main	no_decl	8	64	2	4	0.1250	10	0	0.0125
main	no_decl	8	64	2	5	0.2500	14	0	0.0179
main	no_decl	8	64	2	6	0.1250	14	0	0.0089
main	no_decl	8	64	2	7	0.1250	10	0	0.0125
main	no_decl	8	64	2	8	0.2500	13	0	0.0192
main	no_decl	8	64	2	9	0.1250	13	0	0.0096
main	no_decl	8	64	2	10	0.0000	0	0	0.0000
main	no_decl	8	64	2	11	0.0000	0	0	0.0000
main	no_decl	8	64	2	12	0.5000	11	0	0.0455
main	no_decl	8	64	2	13	0.6250	14	0	0.0446
main	no_decl	8	64	2	14	0.5000	14	0	0.0357
main	no_decl	8	64	2	15	0.1250	14	0	0.0089
main	no_decl	8	64	2	16	0.2500	10	0	0.0250
main	no_decl	8	64	2	17	0.6250	11	0	0.0568
main	no_decl	8	64	2	18	0.7500	10	0	0.0750
main	no_decl	8	64	2	19	0.5000	8	0	0.0625
main	no_decl	8	64	2	20	0.1250	8	0	0.0156
main	no_decl	8	64	2	21	0.0000	0	0	0.0000
main	no_decl	8	64	2	22	0.0000	0	0	0.0000
main	no_decl	8	64	2	23	0.0625	10	0	0.0063
main	no_decl	8	64	2	24	0.1250	14	0	0.0089
main	no_decl	8	64	2	25	0.0667	13	0	0.0051
main	no_decl	8	64	2	26	0.0000	0	0	0.0000
main	no_decl	8	64	2	27	0.0357	10	0	0.0036
main	no_decl	8	64	2	28	0.0714	15	0	0.0048
main	no_decl	8	64	2	29	0.0370	13	0	0.0028
main	no_decl	8	64	2	30	0.0385	10	0	0.0038
main	no_decl	8	64	2	31	0.1538	15	0	0.0103
main	no_decl	8	64	2	32	0.2000	15	0	0.0133
main	no_decl	8	64	2	33	0.2273	14	0	0.0162
main	no_decl	8	64	2	34	0.3000	15	0	0.0200
main	no_decl	8	64	2	35	0.2353	14	0	0.0168
main	no_decl	8	64	2	36	0.1429	15	0	0.0095
main	no_decl	8	64	2	37	0.0769	14	0	0.0055
main	no_decl	8	64	2	38	0.0000	0	0	0.0000
main	no_decl	8	64	2	39	0.1667	10	0	0.0167
main	no_decl	8	64	2	40	0.3333	15	0	0.0222
main	no_decl	8	64	2	41	0.2000	14	0	0.0143
main	no_decl	8	64	2	42	0.1250	10	0	0.0125
main	no_decl	8	64	2	43	0.2500	15	0	0.0167
main	no_decl	8	64	2	44	0.1429	14	0	0.0102
main	no_decl	8	64	2	45	0.1667	10	0	0.0167
main	no_decl	8	64	2	46	0.3333	15	0	0.0222
main	no_decl	8	64	2	47	0.2000	14	0	0.0143
main	no_decl	8	64	2	48	0.0000	0	0	0.0000
main	no_decl	8	64	2	49	0.0000	0	0	0.0000
main	no_decl	8	64	2	50	0.5000	11	0	0.0455
main	no_decl	8	64	2	51	1.0000	15	1	0.0667
main	no_decl	8	64	2	52	1.0000	15	1	0.0667
main	no_decl	9	64	2	0	1.0000	2	1	0.5000
main	no_decl	9	64	2	1	1.0000	5	1	0.2000
main	no_decl	9	64	2	2	0.0000	0	0	0.0000
main	no_decl	9	64	2	3	0.0000	0	0	0.0000
main	no_decl	9	64	2	4	0.1250	7	0	0.0179
main	no_decl	9	64	2	5	0.2500	7	0	0.0357
main	no_decl	9	64	2	6	0.1250	7	0	0.0179
main	no_decl	9	64	2	7	0.1250	7	0	0.0179
main	no_decl	9	64	2	8	0.2500	7	0	0.0357
main	no_decl	9	64	2	9	0.1250	6	0	0.0208
main	no_decl	9	64	2	10	0.0000	0	0	0.0000
main	no_decl	9	64	2	11	0.0000	0	0	0.0000
main	no_decl	9	64	2	12	0.5000	7	0	0.0714
main	no_decl	9	64	2	13	0.6250	7	0	0.0893
main	no_decl	9	64	2	14	0.5000	7	0	0.0714
main	no_decl	9	64	2	15	0.1250	7	0	0.0179
main	no_decl	9	64	2	16	0.2500	7	0	0.0357
main	no_decl	9	64	2	17	0.6250	7	0	0.0893
main	no_decl	9	64	2	18	0.7500	7	0	0.1071
main	no_decl	9	64	2	19	0.5000	5	0	0.1000
main	no_decl	9	64	2	20	0.1250	4	0	0.0312
main	no_decl	9	64	2	21	0.0000	0	0	0.0000
main	no_decl	9	64	2	22	0.0000	0	0	0.0000
main	no_decl	9	64	2	23	0.0625	7	0	0.0089
main	no_decl	9	64	2	24	0.1250	13	0	0.0096
main	no_decl	9	64	2	25	0.0667	15	0	0.0044
main	no_decl	9	64	2	26	0.0000	0	0	0.0000
main	no_decl	9	64	2	27	0.0357	7	0	0.0051
main	no_decl	9	64	2	28	0.0714	13	0	0.0055
main	no_decl	9	64	2	29	0.0370	15	0	0.0025
main	no_decl	9	64	2	30	0.0385	7	0	0.0055
main	no_decl	9	64	2	31	0.1538	13	0	0.0118
main	no_decl	9	64	2	32	0.2000	15	0	0.0133
main	no_decl	9	64	2	33	0.2273	15	0	0.0152
main	no_decl	9	64	2	34	0.3000	13	0	0.0231
main	no_decl	9	64	2	35	0.2353	15	0	0.0157
main	no_decl	9	64	2	36	0.1429	13	0	0.0110
main	no_decl	9	64	2	37	0.0769	15	0	0.0051
main	no_decl	9	64	2	38	0.0000	0	0	0.0000
main	no_decl	9	64	2	39	0.1667	7	0	0.0238
main	no_decl	9	64	2	40	0.3333	13	0	0.0256
main	no_decl	9	64	2	41	0.2000	15	0	0.0133
main	no_decl	9	64	2	42	0.1250	7	0	0.0179
main	no_decl	9	64	2	43	0.2500	13	0	0.0192
main	no_decl	9	64	2	44	0.1429	15	0	0.0095
main	no_decl	9	64	2	45	0.1667	7	0	0.0238
main	no_decl	9	64	2	46	0.3333	13	0	0.0256
main	no_decl	9	64	2	47	0.2000	16	0	0.0125
main	no_decl	9	64	2	48	0.0000	0	0	0.0000
main	no_decl	9	64	2	49	0.0000	0	0	0.0000
main	no_decl	9	64	2	50	0.5000	7	0	0.0714
main	no_decl	9	64	2	51	1.0000	13	1	0.0769
main	no_decl	9	64	2	52	1.0000	16	1	0.0625
main	decl_full	0	64	2	0	1.0000	9	1	0.1111
main	decl_full	0	64	2	1	1.0000	9	1	0.1111
main	decl_full	0	64	2	2	1.0000	14	1	0.0714
main	decl_full	0	64	2	3	1.0000	14	1	0.0714
main	decl_full	0	64	2	4	1.0000	14	1	0.0714
main	decl_full	0	64	2	5	1.0000	14	1	0.0714
main	decl_full	0	64	2	6	1.0000	14	1	0.0714
main	decl_full	0	64	2	7	1.0000	14	1	0.0714
main	decl_full	0	64	2	8	1.0000	14	1	0.0714
main	decl_full	0	64	2	9	1.0000	14	1	0.0714
main	decl_full	0	64	2	10	1.0000	14	1	0.0714
main	decl_full	0	64	2	11	1.0000	14	1	0.0714
main	decl_full	0	64	2	12	1.0000	14	1	0.0714
main	decl_full	0	64	2	13	1.0000	14	1	0.0714
main	decl_full	0	64	2	14	1.0000	14	1	0.0714
main	decl_full	0	64	2	15	1.0000	14	1	0.0714
main	decl_full	0	64	2	16	1.0000	14	1	0.0714
main	decl_full	0	64	2	17	1.0000	14	1	0.0714
main	decl_full	0	64	2	18	1.0000	14	1	0.0714
main	decl_full	0	64	2	19	1.0000	14	1	0.0714
main	decl_full	0	64	2	20	1.0000	14	1	0.0714
main	decl_full	0	64	2	21	1.0000	14	1	0.0714
main	decl_full	0	64	2	22	1.0000	14	1	0.0714
main	decl_full	0	64	2	23	1.0000	14	1	0.0714
main	decl_full	0	64	2	24	1.0000	14	1	0.0714
main	decl_full	0	64	2	25	1.0000	14	1	0.0714
main	decl_full	0	64	2	26	1.0000	14	1	0.0714
main	decl_full	0	64	2	27	1.0000	14	1	0.0714
main	decl_full	0	64	2	28	1.0000	14	1	0.0714
main	decl_full	0	64	2	29	1.0000	14	1	0.0714
main	decl_full	0	64	2	30	1.0000	14	1	0.0714
main	decl_full	0	64	2	31	1.0000	14	1	0.0714
main	decl_full	0	64	2	32	1.0000	14	1	0.0714
main	decl_full	0	64	2	33	1.0000	14	1	0.0714
main	decl_full	0	64	2	34	1.0000	14	1	0.0714
main	decl_full	0	64	2	35	1.0000	14	1	0.0714
main	decl_full	0	64	2	36	1.0000	14	1	0.0714
main	decl_full	0	64	2	37	1.0000	14	1	0.0714
main	decl_full	0	64	2	38	1.0000	14	1	0.0714
main	decl_full	0	64	2	39	1.0000	14	1	0.0714
main	decl_full	0	64	2	40	1.0000	14	1	0.0714
main	decl_full	0	64	2	41	1.0000	14	1	0.0714
main	decl_full	0	64	2	42	1.0000	14	1	0.0714
main	decl_full	0	64	2	43	1.0000	14	1	0.0714
main	decl_full	0	64	2	44	1.0000	14	1	0.0714
main	decl_full	0	64	2	45	1.0000	14	1	0.0714
main	decl_full	0	64	2	46	1.0000	14	1	0.0714
main	decl_full	0	64	2	47	1.0000	14	1	0.0714
main	decl_full	0	64	2	48	1.0000	14	1	0.0714
main	decl_full	0	64	2	49	1.0000	14	1	0.0714
main	decl_full	0	64	2	50	1.0000	14	1	0.0714
main	decl_full	0	64	2	51	1.0000	12	1	0.0833
main	decl_full	0	64	2	52	1.0000	14	1	0.0714
main	decl_full	1	64	2	0	1.0000	8	1	0.1250
main	decl_full	1	64	2	1	1.0000	6	1	0.1667
main	decl_full	1	64	2	2	1.0000	13	1	0.0769
main	decl_full	1	64	2	3	1.0000	13	1	0.0769
main	decl_full	1	64	2	4	1.0000	13	1	0.0769
main	decl_full	1	64	2	5	1.0000	25	1	0.0400
main	decl_full	1	64	2	6	1.0000	26	1	0.0385
main	decl_full	1	64	2	7	1.0000	13	1	0.0769
main	decl_full	1	64	2	8	1.0000	25	1	0.0400
main	decl_full	1	64	2	9	1.0000	24	1	0.0417
main	decl_full	1	64	2	10	1.0000	13	1	0.0769
main	decl_full	1	64	2	11	1.0000	13	1	0.0769
main	decl_full	1	64	2	12	1.0000	13	1	0.0769
main	decl_full	1	64	2	13	1.0000	26	1	0.0385
main	decl_full	1	64	2	14	1.0000	26	1	0.0385
main	decl_full	1	64	2	15	1.0000	26	1	0.0385
main	decl_full	1	64	2	16	1.0000	13	1	0.0769
main	decl_full	1	64	2	17	1.0000	13	1	0.0769
main	decl_full	1	64	2	18	1.0000	13	1	0.0769
main	decl_full	1	64	2	19	1.0000	14	1	0.0714
main	decl_full	1	64	2	20	1.0000	13	1	0.0769
main	decl_full	1	64	2	21	1.0000	13	1	0.0769
main	decl_full	1	64	2	22	1.0000	13	1	0.0769
main	decl_full	1	64	2	23	1.0000	13	1	0.0769
main	decl_full	1	64	2	24	1.0000	13	1	0.0769
main	decl_full	1	64	2	25	1.0000	15	1	0.0667
main	decl_full	1	64	2	26	1.0000	13	1	0.0769
main	decl_full	1	64	2	27	1.0000	13	1	0.0769
main	decl_full	1	64	2	28	1.0000	13	1	0.0769
main	decl_full	1	64	2	29	1.0000	15	1	0.0667
main	decl_full	1	64	2	30	1.0000	13	1	0.0769
main	decl_full	1	64	2	31	1.0000	13	1	0.0769
main	decl_full	1	64	2	32	1.0000	16	1	0.0625
main	decl_full	1	64	2	33	1.0000	16	1	0.0625
main	decl_full	1	64	2	34	1.0000	13	1	0.0769
main	decl_full	1	64	2	35	1.0000	16	1	0.0625
main	decl_full	1	64	2	36	1.0000	13	1	0.0769
main	decl_full	1	64	2	37	1.0000	16	1	0.0625
main	decl_full	1	64	2	38	1.0000	13	1	0.0769
main	decl_full	1	64	2	39	1.0000	13	1	0.0769
main	decl_full	1	64	2	40	1.0000	13	1	0.0769
main	decl_full	1	64	2	41	1.0000	16	1	0.0625
main	decl_full	1	64	2	42	1.0000	13	1	0.0769
main	decl_full	1	64	2	43	1.0000	13	1	0.0769
main	decl_full	1	64	2	44	1.0000	16	1	0.0625
main	decl_full	1	64	2	45	1.0000	13	1	0.0769
main	decl_full	1	64	2	46	1.0000	13	1	0.0769
main	decl_full	1	64	2	47	1.0000	16	1	0.0625
main	decl_full	1	64	2	48	1.0000	13	1	0.0769
main	decl_full	1	64	2	49	1.0000	13	1	0.0769
main	decl_full	1	64	2	50	1.0000	13	1	0.0769
main	decl_full	1	64	2	51	1.0000	6	1	0.1667
main	decl_full	1	64	2	52	1.0000	16	1	0.0625
main	decl_full	2	64	2	0	1.0000	9	1	0.1111
main	decl_full	2	64	2	1	1.0000	4	1	0.2500
main	decl_full	2	64	2	2	1.0000	21	1	0.0476
main	decl_full	2	64	2	3	1.0000	21	1	0.0476
main	decl_full	2	64	2	4	1.0000	21	1	0.0476
main	decl_full	2	64	2	5	1.0000	32	1	0.0312
main	decl_full	2	64	2	6	1.0000	33	1	0.0303
main	decl_full	2	64	2	7	1.0000	21	1	0.0476
main	decl_full	2	64	2	8	1.0000	32	1	0.0312
main	decl_full	2	64	2	9	1.0000	31	1	0.0323
main	decl_full	2	64	2	10	1.0000	21	1	0.0476
main	decl_full	2	64	2	11	1.0000	21	1	0.0476
main	decl_full	2	64	2	12	1.0000	21	1	0.0476
main	decl_full	2	64	2	13	1.0000	33	1	0.0303
main	decl_full	2	64	2	14	1.0000	33	1	0.0303
main	decl_full	2	64	2	15	1.0000	33	1	0.0303
main	decl_full	2	64	2	16	1.0000	21	1	0.0476
main	decl_full	2	64	2	17	1.0000	21	1	0.0476
main	decl_full	2	64	2	18	1.0000	20	1	0.0500
main	decl_full	2	64	2	19	1.0000	20	1	0.0500
main	decl_full	2	64	2	20	1.0000	21	1	0.0476
main	decl_full	2	64	2	21	1.0000	21	1	0.0476
main	decl_full	2	64	2	22	1.0000	21	1	0.0476
main	decl_full	2	64	2	23	1.0000	21	1	0.0476
main	decl_full	2	64	2	24	1.0000	21	1	0.0476
main	decl_full	2	64	2	25	1.0000	21	1	0.0476
main	decl_full	2	64	2	26	1.0000	21	1	0.0476
main	decl_full	2	64	2	27	1.0000	21	1	0.0476
main	decl_full	2	64	2	28	1.0000	21	1	0.0476
main	decl_full	2	64	2	29	1.0000	21	1	0.0476
main	decl_full	2	64	2	30	1.0000	21	1	0.0476
main	decl_full	2	64	2	31	1.0000	21	1	0.0476
main	decl_full	2	64	2	32	1.0000	21	1	0.0476
main	decl_full	2	64	2	33	1.0000	21	1	0.0476
main	decl_full	2	64	2	34	1.0000	21	1	0.0476
main	decl_full	2	64	2	35	1.0000	21	1	0.0476
main	decl_full	2	64	2	36	1.0000	21	1	0.0476
main	decl_full	2	64	2	37	1.0000	21	1	0.0476
main	decl_full	2	64	2	38	1.0000	21	1	0.0476
main	decl_full	2	64	2	39	1.0000	21	1	0.0476
main	decl_full	2	64	2	40	1.0000	21	1	0.0476
main	decl_full	2	64	2	41	1.0000	21	1	0.0476
main	decl_full	2	64	2	42	1.0000	21	1	0.0476
main	decl_full	2	64	2	43	1.0000	21	1	0.0476
main	decl_full	2	64	2	44	1.0000	21	1	0.0476
main	decl_full	2	64	2	45	1.0000	21	1	0.0476
main	decl_full	2	64	2	46	1.0000	21	1	0.0476
main	decl_full	2	64	2	47	1.0000	21	1	0.0476
main	decl_full	2	64	2	48	1.0000	21	1	0.0476
main	decl_full	2	64	2	49	1.0000	21	1	0.0476
main	decl_full	2	64	2	50	1.0000	21	1	0.0476
main	decl_full	2	64	2	51	1.0000	11	1	0.0909
main	decl_full	2	64	2	52	1.0000	12	1	0.0833
main	decl_full	3	64	2	0	1.0000	8	1	0.1250
main	decl_full	3	64	2	1	1.0000	5	1	0.2000
main	decl_full	3	64	2	2	1.0000	22	1	0.0455
main	decl_full	3	64	2	3	1.0000	22	1	0.0455
main	decl_full	3	64	2	4	1.0000	22	1	0.0455
main	decl_full	3	64	2	5	1.0000	22	1	0.0455
main	decl_full	3	64	2	6	1.0000	22	1	0.0455
main	decl_full	3	64	2	7	1.0000	22	1	0.0455
main	decl_full	3	64	2	8	1.0000	22	1	0.0455
main	decl_full	3	64	2	9	1.0000	22	1	0.0455
main	decl_full	3	64	2	10	1.0000	22	1	0.0455
main	decl_full	3	64	2	11	1.0000	22	1	0.0455
main	decl_full	3	64	2	12	1.0000	22	1	0.0455
main	decl_full	3	64	2	13	1.0000	22	1	0.0455
main	decl_full	3	64	2	14	1.0000	22	1	0.0455
main	decl_full	3	64	2	15	1.0000	22	1	0.0455
main	decl_full	3	64	2	16	1.0000	22	1	0.0455
main	decl_full	3	64	2	17	1.0000	22	1	0.0455
main	decl_full	3	64	2	18	1.0000	22	1	0.0455
main	decl_full	3	64	2	19	1.0000	22	1	0.0455
main	decl_full	3	64	2	20	1.0000	22	1	0.0455
main	decl_full	3	64	2	21	1.0000	22	1	0.0455
main	decl_full	3	64	2	22	1.0000	22	1	0.0455
main	decl_full	3	64	2	23	1.0000	22	1	0.0455
main	decl_full	3	64	2	24	1.0000	22	1	0.0455
main	decl_full	3	64	2	25	1.0000	22	1	0.0455
main	decl_full	3	64	2	26	1.0000	22	1	0.0455
main	decl_full	3	64	2	27	1.0000	22	1	0.0455
main	decl_full	3	64	2	28	1.0000	22	1	0.0455
main	decl_full	3	64	2	29	1.0000	22	1	0.0455
main	decl_full	3	64	2	30	1.0000	22	1	0.0455
main	decl_full	3	64	2	31	1.0000	22	1	0.0455
main	decl_full	3	64	2	32	1.0000	22	1	0.0455
main	decl_full	3	64	2	33	1.0000	22	1	0.0455
main	decl_full	3	64	2	34	1.0000	22	1	0.0455
main	decl_full	3	64	2	35	1.0000	22	1	0.0455
main	decl_full	3	64	2	36	1.0000	22	1	0.0455
main	decl_full	3	64	2	37	1.0000	22	1	0.0455
main	decl_full	3	64	2	38	1.0000	22	1	0.0455
main	decl_full	3	64	2	39	1.0000	22	1	0.0455
main	decl_full	3	64	2	40	1.0000	22	1	0.0455
main	decl_full	3	64	2	41	1.0000	22	1	0.0455
main	decl_full	3	64	2	42	1.0000	22	1	0.0455
main	decl_full	3	64	2	43	1.0000	22	1	0.0455
main	decl_full	3	64	2	44	1.0000	22	1	0.0455
main	decl_full	3	64	2	45	1.0000	22	1	0.0455
main	decl_full	3	64	2	46	1.0000	22	1	0.0455
main	decl_full	3	64	2	47	1.0000	22	1	0.0455
main	decl_full	3	64	2	48	1.0000	22	1	0.0455
main	decl_full	3	64	2	49	1.0000	22	1	0.0455
main	decl_full	3	64	2	50	1.0000	22	1	0.0455
main	decl_full	3	64	2	51	1.0000	18	1	0.0556
main	decl_full	3	64	2	52	1.0000	12	1	0.0833
main	decl_full	4	64	2	0	1.0000	5	1	0.2000
main	decl_full	4	64	2	1	1.0000	5	1	0.2000
main	decl_full	4	64	2	2	1.0000	12	1	0.0833
main	decl_full	4	64	2	3	1.0000	12	1	0.0833
main	decl_full	4	64	2	4	1.0000	12	1	0.0833
main	decl_full	4	64	2	5	1.0000	20	1	0.0500
main	decl_full	4	64	2	6	1.0000	20	1	0.0500
main	decl_full	4	64	2	7	1.0000	12	1	0.0833
main	decl_full	4	64	2	8	1.0000	19	1	0.0526
main	decl_full	4	64	2	9	1.0000	19	1	0.0526
main	decl_full	4	64	2	10	1.0000	12	1	0.0833
main	decl_full	4	64	2	11	1.0000	12	1	0.0833
main	decl_full	4	64	2	12	1.0000	12	1	0.0833
main	decl_full	4	64	2	13	1.0000	20	1	0.0500
main	decl_full	4	64	2	14	1.0000	20	1	0.0500
main	decl_full	4	64	2	15	1.0000	20	1	0.0500
main	decl_full	4	64	2	16	1.0000	12	1	0.0833
main	decl_full	4	64	2	17	1.0000	12	1	0.0833
main	decl_full	4	64	2	18	1.0000	15	1	0.0667
main	decl_full	4	64	2	19	1.0000	15	1	0.0667
main	decl_full	4	64	2	20	1.0000	15	1	0.0667
main	decl_full	4	64	2	21	1.0000	12	1	0.0833
main	decl_full	4	64	2	22	1.0000	12	1	0.0833
main	decl_full	4	64	2	23	1.0000	12	1	0.0833
main	decl_full	4	64	2	24	1.0000	12	1	0.0833
main	decl_full	4	64	2	25	1.0000	12	1	0.0833
main	decl_full	4	64	2	26	1.0000	12	1	0.0833
main	decl_full	4	64	2	27	1.0000	12	1	0.0833
main	decl_full	4	64	2	28	1.0000	12	1	0.0833
main	decl_full	4	64	2	29	1.0000	12	1	0.0833
main	decl_full	4	64	2	30	1.0000	12	1	0.0833
main	decl_full	4	64	2	31	1.0000	12	1	0.0833
main	decl_full	4	64	2	32	1.0000	12	1	0.0833
main	decl_full	4	64	2	33	1.0000	12	1	0.0833
main	decl_full	4	64	2	34	1.0000	12	1	0.0833
main	decl_full	4	64	2	35	1.0000	12	1	0.0833
main	decl_full	4	64	2	36	1.0000	12	1	0.0833
main	decl_full	4	64	2	37	1.0000	12	1	0.0833
main	decl_full	4	64	2	38	1.0000	12	1	0.0833
main	decl_full	4	64	2	39	1.0000	12	1	0.0833
main	decl_full	4	64	2	40	1.0000	12	1	0.0833
main	decl_full	4	64	2	41	1.0000	12	1	0.0833
main	decl_full	4	64	2	42	1.0000	12	1	0.0833
main	decl_full	4	64	2	43	1.0000	12	1	0.0833
main	decl_full	4	64	2	44	1.0000	12	1	0.0833
main	decl_full	4	64	2	45	1.0000	12	1	0.0833
main	decl_full	4	64	2	46	1.0000	12	1	0.0833
main	decl_full	4	64	2	47	1.0000	12	1	0.0833
main	decl_full	4	64	2	48	1.0000	12	1	0.0833
main	decl_full	4	64	2	49	1.0000	12	1	0.0833
main	decl_full	4	64	2	50	1.0000	12	1	0.0833
main	decl_full	4	64	2	51	1.0000	12	1	0.0833
main	decl_full	4	64	2	52	1.0000	6	1	0.1667
main	decl_full	5	64	2	0	1.0000	8	1	0.1250
main	decl_full	5	64	2	1	1.0000	1	1	1.0000
main	decl_full	5	64	2	2	1.0000	12	1	0.0833
main	decl_full	5	64	2	3	1.0000	12	1	0.0833
main	decl_full	5	64	2	4	1.0000	12	1	0.0833
main	decl_full	5	64	2	5	1.0000	32	1	0.0312
main	decl_full	5	64	2	6	1.0000	32	1	0.0312
main	decl_full	5	64	2	7	1.0000	12	1	0.0833
main	decl_full	5	64	2	8	1.0000	32	1	0.0312
main	decl_full	5	64	2	9	1.0000	31	1	0.0323
main	decl_full	5	64	2	10	1.0000	12	1	0.0833
main	decl_full	5	64	2	11	1.0000	12	1	0.0833
main	decl_full	5	64	2	12	1.0000	12	1	0.0833
main	decl_full	5	64	2	13	1.0000	32	1	0.0312
main	decl_full	5	64	2	14	1.0000	32	1	0.0312
main	decl_full	5	64	2	15	1.0000	32	1	0.0312
main	decl_full	5	64	2	16	1.0000	12	1	0.0833
main	decl_full	5	64	2	17	1.0000	12	1	0.0833
main	decl_full	5	64	2	18	1.0000	11	1	0.0909
main	decl_full	5	64	2	19	1.0000	11	1	0.0909
main	decl_full	5	64	2	20	1.0000	12	1	0.0833
main	decl_full	5	64	2	21	1.0000	12	1	0.0833
main	decl_full	5	64	2	22	1.0000	12	1	0.0833
main	decl_full	5	64	2	23	1.0000	12	1	0.0833
main	decl_full	5	64	2	24	1.0000	12	1	0.0833
main	decl_full	5	64	2	25	1.0000	14	1	0.0714
main	decl_full	5	64	2	26	1.0000	12	1	0.0833
main	decl_full	5	64	2	27	1.0000	12	1	0.0833
main	decl_full	5	64	2	28	1.0000	12	1	0.0833
main	decl_full	5	64	2	29	1.0000	14	1	0.0714
main	decl_full	5	64	2	30	1.0000	12	1	0.0833
main	decl_full	5	64	2	31	1.0000	12	1	0.0833
main	decl_full	5	64	2	32	1.0000	15	1	0.0667
main	decl_full	5	64	2	33	1.0000	14	1	0.0714
main	decl_full	5	64	2	34	1.0000	12	1	0.0833
main	decl_full	5	64	2	35	1.0000	14	1	0.0714
main	decl_full	5	64	2	36	1.0000	12	1	0.0833
main	decl_full	5	64	2	37	1.0000	14	1	0.0714
main	decl_full	5	64	2	38	1.0000	12	1	0.0833
main	decl_full	5	64	2	39	1.0000	12	1	0.0833
main	decl_full	5	64	2	40	1.0000	12	1	0.0833
main	decl_full	5	64	2	41	1.0000	15	1	0.0667
main	decl_full	5	64	2	42	1.0000	12	1	0.0833
main	decl_full	5	64	2	43	1.0000	12	1	0.0833
main	decl_full	5	64	2	44	1.0000	15	1	0.0667
main	decl_full	5	64	2	45	1.0000	12	1	0.0833
main	decl_full	5	64	2	46	1.0000	12	1	0.0833
main	decl_full	5	64	2	47	1.0000	15	1	0.0667
main	decl_full	5	64	2	48	1.0000	12	1	0.0833
main	decl_full	5	64	2	49	1.0000	12	1	0.0833
main	decl_full	5	64	2	50	1.0000	12	1	0.0833
main	decl_full	5	64	2	51	1.0000	4	1	0.2500
main	decl_full	5	64	2	52	1.0000	15	1	0.0667
main	decl_full	6	64	2	0	1.0000	7	1	0.1429
main	decl_full	6	64	2	1	1.0000	3	1	0.3333
main	decl_full	6	64	2	2	1.0000	10	1	0.1000
main	decl_full	6	64	2	3	1.0000	10	1	0.1000
main	decl_full	6	64	2	4	1.0000	10	1	0.1000
main	decl_full	6	64	2	5	1.0000	17	1	0.0588
main	decl_full	6	64	2	6	1.0000	17	1	0.0588
main	decl_full	6	64	2	7	1.0000	10	1	0.1000
main	decl_full	6	64	2	8	1.0000	16	1	0.0625
main	decl_full	6	64	2	9	1.0000	16	1	0.0625
main	decl_full	6	64	2	10	1.0000	10	1	0.1000
main	decl_full	6	64	2	11	1.0000	10	1	0.1000
main	decl_full	6	64	2	12	1.0000	10	1	0.1000
main	decl_full	6	64	2	13	1.0000	17	1	0.0588
main	decl_full	6	64	2	14	1.0000	17	1	0.0588
main	decl_full	6	64	2	15	1.0000	17	1	0.0588
main	decl_full	6	64	2	16	1.0000	10	1	0.1000
main	decl_full	6	64	2	17	1.0000	10	1	0.1000
main	decl_full	6	64	2	18	1.0000	14	1	0.0714
main	decl_full	6	64	2	19	1.0000	14	1	0.0714
main	decl_full	6	64	2	20	1.0000	14	1	0.0714
main	decl_full	6	64	2	21	1.0000	10	1	0.1000
main	decl_full	6	64	2	22	1.0000	10	1	0.1000
main	decl_full	6	64	2	23	1.0000	10	1	0.1000
main	decl_full	6	64	2	24	1.0000	15	1	0.0667
main	decl_full	6	64	2	25	1.0000	10	1	0.1000
main	decl_full	6	64	2	26	1.0000	10	1	0.1000
main	decl_full	6	64	2	27	1.0000	10	1	0.1000
main	decl_full	6	64	2	28	1.0000	16	1	0.0625
main	decl_full	6	64	2	29	1.0000	10	1	0.1000
main	decl_full	6	64	2	30	1.0000	10	1	0.1000
main	decl_full	6	64	2	31	1.0000	16	1	0.0625
main	decl_full	6	64	2	32	1.0000	15	1	0.0667
main	decl_full	6	64	2	33	1.0000	10	1	0.1000
main	decl_full	6	64	2	34	1.0000	15	1	0.0667
main	decl_full	6	64	2	35	1.0000	10	1	0.1000
main	decl_full	6	64	2	36	1.0000	15	1	0.0667
main	decl_full	6	64	2	37	1.0000	10	1	0.1000
main	decl_full	6	64	2	38	1.0000	10	1	0.1000
main	decl_full	6	64	2	39	1.0000	10	1	0.1000
main	decl_full	6	64	2	40	1.0000	16	1	0.0625
main	decl_full	6	64	2	41	1.0000	10	1	0.1000
main	decl_full	6	64	2	42	1.0000	10	1	0.1000
main	decl_full	6	64	2	43	1.0000	16	1	0.0625
main	decl_full	6	64	2	44	1.0000	10	1	0.1000
main	decl_full	6	64	2	45	1.0000	10	1	0.1000
main	decl_full	6	64	2	46	1.0000	16	1	0.0625
main	decl_full	6	64	2	47	1.0000	10	1	0.1000
main	decl_full	6	64	2	48	1.0000	10	1	0.1000
main	decl_full	6	64	2	49	1.0000	10	1	0.1000
main	decl_full	6	64	2	50	1.0000	10	1	0.1000
main	decl_full	6	64	2	51	1.0000	16	1	0.0625
main	decl_full	6	64	2	52	1.0000	8	1	0.1250
main	decl_full	7	64	2	0	1.0000	11	1	0.0909
main	decl_full	7	64	2	1	1.0000	10	1	0.1000
main	decl_full	7	64	2	2	1.0000	17	1	0.0588
main	decl_full	7	64	2	3	1.0000	17	1	0.0588
main	decl_full	7	64	2	4	1.0000	17	1	0.0588
main	decl_full	7	64	2	5	1.0000	17	1	0.0588
main	decl_full	7	64	2	6	1.0000	17	1	0.0588
main	decl_full	7	64	2	7	1.0000	17	1	0.0588
main	decl_full	7	64	2	8	1.0000	17	1	0.0588
main	decl_full	7	64	2	9	1.0000	17	1	0.0588
main	decl_full	7	64	2	10	1.0000	17	1	0.0588
main	decl_full	7	64	2	11	1.0000	17	1	0.0588
main	decl_full	7	64	2	12	1.0000	17	1	0.0588
main	decl_full	7	64	2	13	1.0000	17	1	0.0588
main	decl_full	7	64	2	14	1.0000	17	1	0.0588
main	decl_full	7	64	2	15	1.0000	17	1	0.0588
main	decl_full	7	64	2	16	1.0000	17	1	0.0588
main	decl_full	7	64	2	17	1.0000	17	1	0.0588
main	decl_full	7	64	2	18	1.0000	17	1	0.0588
main	decl_full	7	64	2	19	1.0000	17	1	0.0588
main	decl_full	7	64	2	20	1.0000	17	1	0.0588
main	decl_full	7	64	2	21	1.0000	17	1	0.0588
main	decl_full	7	64	2	22	1.0000	17	1	0.0588
main	decl_full	7	64	2	23	1.0000	17	1	0.0588
main	decl_full	7	64	2	24	1.0000	17	1	0.0588
main	decl_full	7	64	2	25	1.0000	17	1	0.0588
main	decl_full	7	64	2	26	1.0000	17	1	0.0588
main	decl_full	7	64	2	27	1.0000	17	1	0.0588
main	decl_full	7	64	2	28	1.0000	17	1	0.0588
main	decl_full	7	64	2	29	1.0000	17	1	0.0588
main	decl_full	7	64	2	30	1.0000	17	1	0.0588
main	decl_full	7	64	2	31	1.0000	17	1	0.0588
main	decl_full	7	64	2	32	1.0000	17	1	0.0588
main	decl_full	7	64	2	33	1.0000	17	1	0.0588
main	decl_full	7	64	2	34	1.0000	17	1	0.0588
main	decl_full	7	64	2	35	1.0000	17	1	0.0588
main	decl_full	7	64	2	36	1.0000	17	1	0.0588
main	decl_full	7	64	2	37	1.0000	17	1	0.0588
main	decl_full	7	64	2	38	1.0000	17	1	0.0588
main	decl_full	7	64	2	39	1.0000	17	1	0.0588
main	decl_full	7	64	2	40	1.0000	17	1	0.0588
main	decl_full	7	64	2	41	1.0000	17	1	0.0588
main	decl_full	7	64	2	42	1.0000	17	1	0.0588
main	decl_full	7	64	2	43	1.0000	17	1	0.0588
main	decl_full	7	64	2	44	1.0000	17	1	0.0588
main	decl_full	7	64	2	45	1.0000	17	1	0.0588
main	decl_full	7	64	2	46	1.0000	17	1	0.0588
main	decl_full	7	64	2	47	1.0000	17	1	0.0588
main	decl_full	7	64	2	48	1.0000	17	1	0.0588
main	decl_full	7	64	2	49	1.0000	17	1	0.0588
main	decl_full	7	64	2	50	1.0000	17	1	0.0588
main	decl_full	7	64	2	51	1.0000	13	1	0.0769
main	decl_full	7	64	2	52	1.0000	17	1	0.0588
main	decl_full	8	64	2	0	1.0000	5	1	0.2000
main	decl_full	8	64	2	1	1.0000	6	1	0.1667
main	decl_full	8	64	2	2	1.0000	13	1	0.0769
main	decl_full	8	64	2	3	1.0000	13	1	0.0769
main	decl_full	8	64	2	4	1.0000	13	1	0.0769
main	decl_full	8	64	2	5	1.0000	15	1	0.0667
main	decl_full	8	64	2	6	1.0000	15	1	0.0667
main	decl_full	8	64	2	7	1.0000	13	1	0.0769
main	decl_full	8	64	2	8	1.0000	15	1	0.0667
main	decl_full	8	64	2	9	1.0000	15	1	0.0667
main	decl_full	8	64	2	10	1.0000	13	1	0.0769
main	decl_full	8	64	2	11	1.0000	13	1	0.0769
main	decl_full	8	64	2	12	1.0000	13	1	0.0769
main	decl_full	8	64	2	13	1.0000	15	1	0.0667
main	decl_full	8	64	2	14	1.0000	15	1	0.0667
main	decl_full	8	64	2	15	1.0000	15	1	0.0667
main	decl_full	8	64	2	16	1.0000	13	1	0.0769
main	decl_full	8	64	2	17	1.0000	13	1	0.0769
main	decl_full	8	64	2	18	1.0000	13	1	0.0769
main	decl_full	8	64	2	19	1.0000	13	1	0.0769
main	decl_full	8	64	2	20	1.0000	13	1	0.0769
main	decl_full	8	64	2	21	1.0000	13	1	0.0769
main	decl_full	8	64	2	22	1.0000	13	1	0.0769
main	decl_full	8	64	2	23	1.0000	13	1	0.0769
main	decl_full	8	64	2	24	1.0000	14	1	0.0714
main	decl_full	8	64	2	25	1.0000	13	1	0.0769
main	decl_full	8	64	2	26	1.0000	13	1	0.0769
main	decl_full	8	64	2	27	1.0000	13	1	0.0769
main	decl_full	8	64	2	28	1.0000	15	1	0.0667
main	decl_full	8	64	2	29	1.0000	13	1	0.0769
main	decl_full	8	64	2	30	1.0000	13	1	0.0769
main	decl_full	8	64	2	31	1.0000	15	1	0.0667
main	decl_full	8	64	2	32	1.0000	15	1	0.0667
main	decl_full	8	64	2	33	1.0000	13	1	0.0769
main	decl_full	8	64	2	34	1.0000	15	1	0.0667
main	decl_full	8	64	2	35	1.0000	13	1	0.0769
main	decl_full	8	64	2	36	1.0000	15	1	0.0667
main	decl_full	8	64	2	37	1.0000	13	1	0.0769
main	decl_full	8	64	2	38	1.0000	12	1	0.0833
main	decl_full	8	64	2	39	1.0000	12	1	0.0833
main	decl_full	8	64	2	40	1.0000	15	1	0.0667
main	decl_full	8	64	2	41	1.0000	13	1	0.0769
main	decl_full	8	64	2	42	1.0000	12	1	0.0833
main	decl_full	8	64	2	43	1.0000	15	1	0.0667
main	decl_full	8	64	2	44	1.0000	13	1	0.0769
main	decl_full	8	64	2	45	1.0000	12	1	0.0833
main	decl_full	8	64	2	46	1.0000	15	1	0.0667
main	decl_full	8	64	2	47	1.0000	13	1	0.0769
main	decl_full	8	64	2	48	1.0000	12	1	0.0833
main	decl_full	8	64	2	49	1.0000	12	1	0.0833
main	decl_full	8	64	2	50	1.0000	12	1	0.0833
main	decl_full	8	64	2	51	1.0000	15	1	0.0667
main	decl_full	8	64	2	52	1.0000	13	1	0.0769
main	decl_full	9	64	2	0	1.0000	2	1	0.5000
main	decl_full	9	64	2	1	1.0000	6	1	0.1667
main	decl_full	9	64	2	2	1.0000	26	1	0.0385
main	decl_full	9	64	2	3	1.0000	26	1	0.0385
main	decl_full	9	64	2	4	1.0000	26	1	0.0385
main	decl_full	9	64	2	5	1.0000	26	1	0.0385
main	decl_full	9	64	2	6	1.0000	26	1	0.0385
main	decl_full	9	64	2	7	1.0000	26	1	0.0385
main	decl_full	9	64	2	8	1.0000	15	1	0.0667
main	decl_full	9	64	2	9	1.0000	26	1	0.0385
main	decl_full	9	64	2	10	1.0000	26	1	0.0385
main	decl_full	9	64	2	11	1.0000	26	1	0.0385
main	decl_full	9	64	2	12	1.0000	15	1	0.0667
main	decl_full	9	64	2	13	1.0000	15	1	0.0667
main	decl_full	9	64	2	14	1.0000	15	1	0.0667
main	decl_full	9	64	2	15	1.0000	26	1	0.0385
main	decl_full	9	64	2	16	1.0000	26	1	0.0385
main	decl_full	9	64	2	17	1.0000	26	1	0.0385
main	decl_full	9	64	2	18	1.0000	26	1	0.0385
main	decl_full	9	64	2	19	1.0000	26	1	0.0385
main	decl_full	9	64	2	20	1.0000	26	1	0.0385
main	decl_full	9	64	2	21	1.0000	26	1	0.0385
main	decl_full	9	64	2	22	1.0000	26	1	0.0385
main	decl_full	9	64	2	23	1.0000	16	1	0.0625
main	decl_full	9	64	2	24	1.0000	16	1	0.0625
main	decl_full	9	64	2	25	1.0000	16	1	0.0625
main	decl_full	9	64	2	26	1.0000	16	1	0.0625
main	decl_full	9	64	2	27	1.0000	16	1	0.0625
main	decl_full	9	64	2	28	1.0000	16	1	0.0625
main	decl_full	9	64	2	29	1.0000	16	1	0.0625
main	decl_full	9	64	2	30	1.0000	15	1	0.0667
main	decl_full	9	64	2	31	1.0000	15	1	0.0667
main	decl_full	9	64	2	32	1.0000	15	1	0.0667
main	decl_full	9	64	2	33	1.0000	15	1	0.0667
main	decl_full	9	64	2	34	1.0000	15	1	0.0667
main	decl_full	9	64	2	35	1.0000	15	1	0.0667
main	decl_full	9	64	2	36	1.0000	15	1	0.0667
main	decl_full	9	64	2	37	1.0000	15	1	0.0667
main	decl_full	9	64	2	38	1.0000	15	1	0.0667
main	decl_full	9	64	2	39	1.0000	15	1	0.0667
main	decl_full	9	64	2	40	1.0000	15	1	0.0667
main	decl_full	9	64	2	41	1.0000	15	1	0.0667
main	decl_full	9	64	2	42	1.0000	15	1	0.0667
main	decl_full	9	64	2	43	1.0000	15	1	0.0667
main	decl_full	9	64	2	44	1.0000	15	1	0.0667
main	decl_full	9	64	2	45	1.0000	14	1	0.0714
main	decl_full	9	64	2	46	1.0000	14	1	0.0714
main	decl_full	9	64	2	47	1.0000	15	1	0.0667
main	decl_full	9	64	2	48	1.0000	14	1	0.0714
main	decl_full	9	64	2	49	1.0000	14	1	0.0714
main	decl_full	9	64	2	50	1.0000	14	1	0.0714
main	decl_full	9	64	2	51	1.0000	12	1	0.0833
main	decl_full	9	64	2	52	1.0000	15	1	0.0667
main	n_align	0	64	2	0	1.0000	9	1	0.1111
main	n_align	0	64	2	1	1.0000	10	1	0.1000
main	n_align	0	64	2	2	1.0000	3	1	0.3333
main	n_align	0	64	2	3	1.0000	3	1	0.3333
main	n_align	0	64	2	4	1.0000	3	1	0.3333
main	n_align	0	64	2	5	1.0000	14	1	0.0714
main	n_align	0	64	2	6	1.0000	14	1	0.0714
main	n_align	0	64	2	7	1.0000	3	1	0.3333
main	n_align	0	64	2	8	1.0000	13	1	0.0769
main	n_align	0	64	2	9	1.0000	13	1	0.0769
main	n_align	0	64	2	10	1.0000	3	1	0.3333
main	n_align	0	64	2	11	1.0000	3	1	0.3333
main	n_align	0	64	2	12	1.0000	3	1	0.3333
main	n_align	0	64	2	13	1.0000	14	1	0.0714
main	n_align	0	64	2	14	1.0000	14	1	0.0714
main	n_align	0	64	2	15	1.0000	14	1	0.0714
main	n_align	0	64	2	16	1.0000	3	1	0.3333
main	n_align	0	64	2	17	1.0000	10	1	0.1000
main	n_align	0	64	2	18	1.0000	12	1	0.0833
main	n_align	0	64	2	19	1.0000	12	1	0.0833
main	n_align	0	64	2	20	1.0000	12	1	0.0833
main	n_align	0	64	2	21	1.0000	3	1	0.3333
main	n_align	0	64	2	22	1.0000	3	1	0.3333
main	n_align	0	64	2	23	1.0000	3	1	0.3333
main	n_align	0	64	2	24	1.0000	8	1	0.1250
main	n_align	0	64	2	25	1.0000	14	1	0.0714
main	n_align	0	64	2	26	1.0000	3	1	0.3333
main	n_align	0	64	2	27	1.0000	3	1	0.3333
main	n_align	0	64	2	28	1.0000	8	1	0.1250
main	n_align	0	64	2	29	1.0000	15	1	0.0667
main	n_align	0	64	2	30	1.0000	3	1	0.3333
main	n_align	0	64	2	31	1.0000	8	1	0.1250
main	n_align	0	64	2	32	1.0000	15	1	0.0667
main	n_align	0	64	2	33	1.0000	15	1	0.0667
main	n_align	0	64	2	34	1.0000	8	1	0.1250
main	n_align	0	64	2	35	1.0000	15	1	0.0667
main	n_align	0	64	2	36	1.0000	9	1	0.1111
main	n_align	0	64	2	37	1.0000	15	1	0.0667
main	n_align	0	64	2	38	1.0000	3	1	0.3333
main	n_align	0	64	2	39	1.0000	3	1	0.3333
main	n_align	0	64	2	40	1.0000	9	1	0.1111
main	n_align	0	64	2	41	1.0000	15	1	0.0667
main	n_align	0	64	2	42	1.0000	3	1	0.3333
main	n_align	0	64	2	43	1.0000	9	1	0.1111
main	n_align	0	64	2	44	1.0000	15	1	0.0667
main	n_align	0	64	2	45	1.0000	3	1	0.3333
main	n_align	0	64	2	46	1.0000	9	1	0.1111
main	n_align	0	64	2	47	1.0000	15	1	0.0667
main	n_align	0	64	2	48	1.0000	3	1	0.3333
main	n_align	0	64	2	49	1.0000	3	1	0.3333
main	n_align	0	64	2	50	1.0000	3	1	0.3333
main	n_align	0	64	2	51	1.0000	9	1	0.1111
main	n_align	0	64	2	52	1.0000	15	1	0.0667
main	n_align	1	64	2	0	1.0000	11	1	0.0909
main	n_align	1	64	2	1	1.0000	9	1	0.1111
main	n_align	1	64	2	2	1.0000	2	1	0.5000
main	n_align	1	64	2	3	1.0000	2	1	0.5000
main	n_align	1	64	2	4	1.0000	8	1	0.1250
main	n_align	1	64	2	5	1.0000	26	1	0.0385
main	n_align	1	64	2	6	1.0000	27	1	0.0370
main	n_align	1	64	2	7	1.0000	8	1	0.1250
main	n_align	1	64	2	8	1.0000	26	1	0.0385
main	n_align	1	64	2	9	1.0000	25	1	0.0400
main	n_align	1	64	2	10	1.0000	2	1	0.5000
main	n_align	1	64	2	11	1.0000	2	1	0.5000
main	n_align	1	64	2	12	1.0000	8	1	0.1250
main	n_align	1	64	2	13	1.0000	27	1	0.0370
main	n_align	1	64	2	14	1.0000	27	1	0.0370
main	n_align	1	64	2	15	1.0000	27	1	0.0370
main	n_align	1	64	2	16	1.0000	8	1	0.1250
main	n_align	1	64	2	17	1.0000	8	1	0.1250
main	n_align	1	64	2	18	1.0000	14	1	0.0714
main	n_align	1	64	2	19	1.0000	15	1	0.0667
main	n_align	1	64	2	20	1.0000	14	1	0.0714
main	n_align	1	64	2	21	1.0000	2	1	0.5000
main	n_align	1	64	2	22	1.0000	2	1	0.5000
main	n_align	1	64	2	23	1.0000	7	1	0.1429
main	n_align	1	64	2	24	1.0000	9	1	0.1111
main	n_align	1	64	2	25	1.0000	17	1	0.0588
main	n_align	1	64	2	26	1.0000	2	1	0.5000
main	n_align	1	64	2	27	1.0000	8	1	0.1250
main	n_align	1	64	2	28	1.0000	10	1	0.1000
main	n_align	1	64	2	29	1.0000	17	1	0.0588
main	n_align	1	64	2	30	1.0000	8	1	0.1250
main	n_align	1	64	2	31	1.0000	10	1	0.1000
main	n_align	1	64	2	32	1.0000	17	1	0.0588
main	n_align	1	64	2	33	1.0000	18	1	0.0556
main	n_align	1	64	2	34	1.0000	10	1	0.1000
main	n_align	1	64	2	35	1.0000	18	1	0.0556
main	n_align	1	64	2	36	1.0000	10	1	0.1000
main	n_align	1	64	2	37	1.0000	18	1	0.0556
main	n_align	1	64	2	38	1.0000	2	1	0.5000
main	n_align	1	64	2	39	1.0000	8	1	0.1250
main	n_align	1	64	2	40	1.0000	10	1	0.1000
main	n_align	1	64	2	41	1.0000	18	1	0.0556
main	n_align	1	64	2	42	1.0000	8	1	0.1250
main	n_align	1	64	2	43	1.0000	10	1	0.1000
main	n_align	1	64	2	44	1.0000	18	1	0.0556
main	n_align	1	64	2	45	1.0000	8	1	0.1250
main	n_align	1	64	2	46	1.0000	10	1	0.1000
main	n_align	1	64	2	47	1.0000	18	1	0.0556
main	n_align	1	64	2	48	1.0000	2	1	0.5000
main	n_align	1	64	2	49	1.0000	2	1	0.5000
main	n_align	1	64	2	50	1.0000	8	1	0.1250
main	n_align	1	64	2	51	1.0000	10	1	0.1000
main	n_align	1	64	2	52	1.0000	18	1	0.0556
main	n_align	2	64	2	0	1.0000	7	1	0.1429
main	n_align	2	64	2	1	1.0000	5	1	0.2000
main	n_align	2	64	2	2	1.0000	3	1	0.3333
main	n_align	2	64	2	3	1.0000	3	1	0.3333
main	n_align	2	64	2	4	1.0000	7	1	0.1429
main	n_align	2	64	2	5	1.0000	32	1	0.0312
main	n_align	2	64	2	6	1.0000	33	1	0.0303
main	n_align	2	64	2	7	1.0000	6	1	0.1667
main	n_align	2	64	2	8	1.0000	32	1	0.0312
main	n_align	2	64	2	9	1.0000	32	1	0.0312
main	n_align	2	64	2	10	1.0000	3	1	0.3333
main	n_align	2	64	2	11	1.0000	3	1	0.3333
main	n_align	2	64	2	12	1.0000	7	1	0.1429
main	n_align	2	64	2	13	1.0000	33	1	0.0303
main	n_align	2	64	2	14	1.0000	32	1	0.0312
main	n_align	2	64	2	15	1.0000	33	1	0.0303
main	n_align	2	64	2	16	1.0000	7	1	0.1429
main	n_align	2	64	2	17	1.0000	7	1	0.1429
main	n_align	2	64	2	18	1.0000	9	1	0.1111
main	n_align	2	64	2	19	1.0000	9	1	0.1111
main	n_align	2	64	2	20	1.0000	9	1	0.1111
main	n_align	2	64	2	21	1.0000	3	1	0.3333
main	n_align	2	64	2	22	1.0000	3	1	0.3333
main	n_align	2	64	2	23	1.0000	6	1	0.1667
main	n_align	2	64	2	24	1.0000	12	1	0.0833
main	n_align	2	64	2	25	1.0000	16	1	0.0625
main	n_align	2	64	2	26	1.0000	3	1	0.3333
main	n_align	2	64	2	27	1.0000	6	1	0.1667
main	n_align	2	64	2	28	1.0000	12	1	0.0833
main	n_align	2	64	2	29	1.0000	17	1	0.0588
main	n_align	2	64	2	30	1.0000	6	1	0.1667
main	n_align	2	64	2	31	1.0000	12	1	0.0833
main	n_align	2	64	2	32	1.0000	17	1	0.0588
main	n_align	2	64	2	33	1.0000	17	1	0.0588
main	n_align	2	64	2	34	1.0000	12	1	0.0833
main	n_align	2	64	2	35	1.0000	17	1	0.0588
main	n_align	2	64	2	36	1.0000	12	1	0.0833
main	n_align	2	64	2	37	1.0000	18	1	0.0556
main	n_align	2	64	2	38	1.0000	3	1	0.3333
main	n_align	2	64	2	39	1.0000	7	1	0.1429
main	n_align	2	64	2	40	1.0000	13	1	0.0769
main	n_align	2	64	2	41	1.0000	18	1	0.0556
main	n_align	2	64	2	42	1.0000	7	1	0.1429
main	n_align	2	64	2	43	1.0000	13	1	0.0769
main	n_align	2	64	2	44	1.0000	19	1	0.0526
main	n_align	2	64	2	45	1.0000	7	1	0.1429
main	n_align	2	64	2	46	1.0000	13	1	0.0769
main	n_align	2	64	2	47	1.0000	20	1	0.0500
main	n_align	2	64	2	48	1.0000	3	1	0.3333
main	n_align	2	64	2	49	1.0000	3	1	0.3333
main	n_align	2	64	2	50	1.0000	7	1	0.1429
main	n_align	2	64	2	51	1.0000	13	1	0.0769
main	n_align	2	64	2	52	1.0000	21	1	0.0476
main	n_align	3	64	2	0	1.0000	8	1	0.1250
main	n_align	3	64	2	1	1.0000	8	1	0.1250
main	n_align	3	64	2	2	1.0000	3	1	0.3333
main	n_align	3	64	2	3	1.0000	3	1	0.3333
main	n_align	3	64	2	4	1.0000	3	1	0.3333
main	n_align	3	64	2	5	1.0000	28	1	0.0357
main	n_align	3	64	2	6	1.0000	30	1	0.0333
main	n_align	3	64	2	7	1.0000	3	1	0.3333
main	n_align	3	64	2	8	1.0000	27	1	0.0370
main	n_align	3	64	2	9	1.0000	27	1	0.0370
main	n_align	3	64	2	10	1.0000	3	1	0.3333
main	n_align	3	64	2	11	1.0000	3	1	0.3333
main	n_align	3	64	2	12	1.0000	3	1	0.3333
main	n_align	3	64	2	13	1.0000	30	1	0.0333
main	n_align	3	64	2	14	1.0000	29	1	0.0345
main	n_align	3	64	2	15	1.0000	29	1	0.0345
main	n_align	3	64	2	16	1.0000	3	1	0.3333
main	n_align	3	64	2	17	1.0000	8	1	0.1250
main	n_align	3	64	2	18	1.0000	12	1	0.0833
main	n_align	3	64	2	19	1.0000	12	1	0.0833
main	n_align	3	64	2	20	1.0000	12	1	0.0833
main	n_align	3	64	2	21	1.0000	3	1	0.3333
main	n_align	3	64	2	22	1.0000	3	1	0.3333
main	n_align	3	64	2	23	1.0000	3	1	0.3333
main	n_align	3	64	2	24	1.0000	19	1	0.0526
main	n_align	3	64	2	25	1.0000	13	1	0.0769
main	n_align	3	64	2	26	1.0000	3	1	0.3333
main	n_align	3	64	2	27	1.0000	3	1	0.3333
main	n_align	3	64	2	28	1.0000	19	1	0.0526
main	n_align	3	64	2	29	1.0000	13	1	0.0769
main	n_align	3	64	2	30	1.0000	3	1	0.3333
main	n_align	3	64	2	31	1.0000	19	1	0.0526
main	n_align	3	64	2	32	1.0000	20	1	0.0500
main	n_align	3	64	2	33	1.0000	14	1	0.0714
main	n_align	3	64	2	34	1.0000	20	1	0.0500
main	n_align	3	64	2	35	1.0000	15	1	0.0667
main	n_align	3	64	2	36	1.0000	20	1	0.0500
main	n_align	3	64	2	37	1.0000	15	1	0.0667
main	n_align	3	64	2	38	1.0000	3	1	0.3333
main	n_align	3	64	2	39	1.0000	3	1	0.3333
main	n_align	3	64	2	40	1.0000	20	1	0.0500
main	n_align	3	64	2	41	1.0000	15	1	0.0667
main	n_align	3	64	2	42	1.0000	3	1	0.3333
main	n_align	3	64	2	43	1.0000	20	1	0.0500
main	n_align	3	64	2	44	1.0000	15	1	0.0667
main	n_align	3	64	2	45	1.0000	3	1	0.3333
main	n_align	3	64	2	46	1.0000	20	1	0.0500
main	n_align	3	64	2	47	1.0000	15	1	0.0667
main	n_align	3	64	2	48	1.0000	3	1	0.3333
main	n_align	3	64	2	49	1.0000	3	1	0.3333
main	n_align	3	64	2	50	1.0000	3	1	0.3333
main	n_align	3	64	2	51	1.0000	20	1	0.0500
main	n_align	3	64	2	52	1.0000	15	1	0.0667
main	n_align	4	64	2	0	1.0000	10	1	0.1000
main	n_align	4	64	2	1	1.0000	4	1	0.2500
main	n_align	4	64	2	2	1.0000	1	1	1.0000
main	n_align	4	64	2	3	1.0000	1	1	1.0000
main	n_align	4	64	2	4	1.0000	1	1	1.0000
main	n_align	4	64	2	5	1.0000	18	1	0.0556
main	n_align	4	64	2	6	1.0000	18	1	0.0556
main	n_align	4	64	2	7	1.0000	1	1	1.0000
main	n_align	4	64	2	8	1.0000	17	1	0.0588
main	n_align	4	64	2	9	1.0000	17	1	0.0588
main	n_align	4	64	2	10	1.0000	1	1	1.0000
main	n_align	4	64	2	11	1.0000	1	1	1.0000
main	n_align	4	64	2	12	1.0000	1	1	1.0000
main	n_align	4	64	2	13	1.0000	18	1	0.0556
main	n_align	4	64	2	14	1.0000	20	1	0.0500
main	n_align	4	64	2	15	1.0000	18	1	0.0556
main	n_align	4	64	2	16	1.0000	1	1	1.0000
main	n_align	4	64	2	17	1.0000	4	1	0.2500
main	n_align	4	64	2	18	1.0000	20	1	0.0500
main	n_align	4	64	2	19	1.0000	20	1	0.0500
main	n_align	4	64	2	20	1.0000	20	1	0.0500
main	n_align	4	64	2	21	1.0000	1	1	1.0000
main	n_align	4	64	2	22	1.0000	1	1	1.0000
main	n_align	4	64	2	23	1.0000	1	1	1.0000
main	n_align	4	64	2	24	1.0000	14	1	0.0714
main	n_align	4	64	2	25	1.0000	13	1	0.0769
main	n_align	4	64	2	26	1.0000	1	1	1.0000
main	n_align	4	64	2	27	1.0000	1	1	1.0000
main	n_align	4	64	2	28	1.0000	15	1	0.0667
main	n_align	4	64	2	29	1.0000	13	1	0.0769
main	n_align	4	64	2	30	1.0000	1	1	1.0000
main	n_align	4	64	2	31	1.0000	15	1	0.0667
main	n_align	4	64	2	32	1.0000	15	1	0.0667
main	n_align	4	64	2	33	1.0000	13	1	0.0769
main	n_align	4	64	2	34	1.0000	15	1	0.0667
main	n_align	4	64	2	35	1.0000	13	1	0.0769
main	n_align	4	64	2	36	1.0000	15	1	0.0667
main	n_align	4	64	2	37	1.0000	13	1	0.0769
main	n_align	4	64	2	38	1.0000	1	1	1.0000
main	n_align	4	64	2	39	1.0000	1	1	1.0000
main	n_align	4	64	2	40	1.0000	15	1	0.0667
main	n_align	4	64	2	41	1.0000	14	1	0.0714
main	n_align	4	64	2	42	1.0000	1	1	1.0000
main	n_align	4	64	2	43	1.0000	15	1	0.0667
main	n_align	4	64	2	44	1.0000	14	1	0.0714
main	n_align	4	64	2	45	1.0000	1	1	1.0000
main	n_align	4	64	2	46	1.0000	15	1	0.0667
main	n_align	4	64	2	47	1.0000	14	1	0.0714
main	n_align	4	64	2	48	1.0000	1	1	1.0000
main	n_align	4	64	2	49	1.0000	1	1	1.0000
main	n_align	4	64	2	50	1.0000	1	1	1.0000
main	n_align	4	64	2	51	1.0000	15	1	0.0667
main	n_align	4	64	2	52	1.0000	14	1	0.0714
main	n_align	5	64	2	0	1.0000	6	1	0.1667
main	n_align	5	64	2	1	1.0000	1	1	1.0000
main	n_align	5	64	2	2	1.0000	2	1	0.5000
main	n_align	5	64	2	3	1.0000	2	1	0.5000
main	n_align	5	64	2	4	1.0000	3	1	0.3333
main	n_align	5	64	2	5	1.0000	25	1	0.0400
main	n_align	5	64	2	6	1.0000	24	1	0.0417
main	n_align	5	64	2	7	1.0000	3	1	0.3333
main	n_align	5	64	2	8	1.0000	25	1	0.0400
main	n_align	5	64	2	9	1.0000	25	1	0.0400
main	n_align	5	64	2	10	1.0000	2	1	0.5000
main	n_align	5	64	2	11	1.0000	2	1	0.5000
main	n_align	5	64	2	12	1.0000	3	1	0.3333
main	n_align	5	64	2	13	1.0000	25	1	0.0400
main	n_align	5	64	2	14	1.0000	25	1	0.0400
main	n_align	5	64	2	15	1.0000	24	1	0.0417
main	n_align	5	64	2	16	1.0000	3	1	0.3333
main	n_align	5	64	2	17	1.0000	3	1	0.3333
main	n_align	5	64	2	18	1.0000	7	1	0.1429
main	n_align	5	64	2	19	1.0000	7	1	0.1429
main	n_align	5	64	2	20	1.0000	7	1	0.1429
main	n_align	5	64	2	21	1.0000	2	1	0.5000
main	n_align	5	64	2	22	1.0000	2	1	0.5000
main	n_align	5	64	2	23	1.0000	3	1	0.3333
main	n_align	5	64	2	24	1.0000	5	1	0.2000
main	n_align	5	64	2	25	1.0000	11	1	0.0909
main	n_align	5	64	2	26	1.0000	2	1	0.5000
main	n_align	5	64	2	27	1.0000	3	1	0.3333
main	n_align	5	64	2	28	1.0000	5	1	0.2000
main	n_align	5	64	2	29	1.0000	11	1	0.0909
main	n_align	5	64	2	30	1.0000	3	1	0.3333
main	n_align	5	64	2	31	1.0000	5	1	0.2000
main	n_align	5	64	2	32	1.0000	11	1	0.0909
main	n_align	5	64	2	33	1.0000	11	1	0.0909
main	n_align	5	64	2	34	1.0000	5	1	0.2000
main	n_align	5	64	2	35	1.0000	11	1	0.0909
main	n_align	5	64	2	36	1.0000	5	1	0.2000
main	n_align	5	64	2	37	1.0000	11	1	0.0909
main	n_align	5	64	2	38	1.0000	2	1	0.5000
main	n_align	5	64	2	39	1.0000	3	1	0.3333
main	n_align	5	64	2	40	1.0000	5	1	0.2000
main	n_align	5	64	2	41	1.0000	11	1	0.0909
main	n_align	5	64	2	42	1.0000	3	1	0.3333
main	n_align	5	64	2	43	1.0000	5	1	0.2000
main	n_align	5	64	2	44	1.0000	11	1	0.0909
main	n_align	5	64	2	45	1.0000	3	1	0.3333
main	n_align	5	64	2	46	1.0000	5	1	0.2000
main	n_align	5	64	2	47	1.0000	11	1	0.0909
main	n_align	5	64	2	48	1.0000	2	1	0.5000
main	n_align	5	64	2	49	1.0000	2	1	0.5000
main	n_align	5	64	2	50	1.0000	3	1	0.3333
main	n_align	5	64	2	51	1.0000	5	1	0.2000
main	n_align	5	64	2	52	1.0000	11	1	0.0909
main	n_align	6	64	2	0	1.0000	12	1	0.0833
main	n_align	6	64	2	1	1.0000	10	1	0.1000
main	n_align	6	64	2	2	1.0000	1	1	1.0000
main	n_align	6	64	2	3	1.0000	1	1	1.0000
main	n_align	6	64	2	4	1.0000	11	1	0.0909
main	n_align	6	64	2	5	1.0000	23	1	0.0435
main	n_align	6	64	2	6	1.0000	25	1	0.0400
main	n_align	6	64	2	7	1.0000	11	1	0.0909
main	n_align	6	64	2	8	1.0000	20	1	0.0500
main	n_align	6	64	2	9	1.0000	19	1	0.0526
main	n_align	6	64	2	10	1.0000	1	1	1.0000
main	n_align	6	64	2	11	1.0000	1	1	1.0000
main	n_align	6	64	2	12	1.0000	11	1	0.0909
main	n_align	6	64	2	13	1.0000	25	1	0.0400
main	n_align	6	64	2	14	1.0000	24	1	0.0417
main	n_align	6	64	2	15	1.0000	24	1	0.0417
main	n_align	6	64	2	16	1.0000	11	1	0.0909
main	n_align	6	64	2	17	1.0000	11	1	0.0909
main	n_align	6	64	2	18	1.0000	18	1	0.0556
main	n_align	6	64	2	19	1.0000	19	1	0.0526
main	n_align	6	64	2	20	1.0000	18	1	0.0556
main	n_align	6	64	2	21	1.0000	1	1	1.0000
main	n_align	6	64	2	22	1.0000	1	1	1.0000
main	n_align	6	64	2	23	1.0000	10	1	0.1000
main	n_align	6	64	2	24	1.0000	19	1	0.0526
main	n_align	6	64	2	25	1.0000	10	1	0.1000
main	n_align	6	64	2	26	1.0000	1	1	1.0000
main	n_align	6	64	2	27	1.0000	10	1	0.1000
main	n_align	6	64	2	28	1.0000	20	1	0.0500
main	n_align	6	64	2	29	1.0000	11	1	0.0909
main	n_align	6	64	2	30	1.0000	11	1	0.0909
main	n_align	6	64	2	31	1.0000	20	1	0.0500
main	n_align	6	64	2	32	1.0000	19	1	0.0526
main	n_align	6	64	2	33	1.0000	11	1	0.0909
main	n_align	6	64	2	34	1.0000	19	1	0.0526
main	n_align	6	64	2	35	1.0000	11	1	0.0909
main	n_align	6	64	2	36	1.0000	20	1	0.0500
main	n_align	6	64	2	37	1.0000	11	1	0.0909
main	n_align	6	64	2	38	1.0000	1	1	1.0000
main	n_align	6	64	2	39	1.0000	11	1	0.0909
main	n_align	6	64	2	40	1.0000	20	1	0.0500
main	n_align	6	64	2	41	1.0000	11	1	0.0909
main	n_align	6	64	2	42	1.0000	11	1	0.0909
main	n_align	6	64	2	43	1.0000	20	1	0.0500
main	n_align	6	64	2	44	1.0000	11	1	0.0909
main	n_align	6	64	2	45	1.0000	11	1	0.0909
main	n_align	6	64	2	46	1.0000	21	1	0.0476
main	n_align	6	64	2	47	1.0000	12	1	0.0833
main	n_align	6	64	2	48	1.0000	1	1	1.0000
main	n_align	6	64	2	49	1.0000	1	1	1.0000
main	n_align	6	64	2	50	1.0000	11	1	0.0909
main	n_align	6	64	2	51	1.0000	21	1	0.0476
main	n_align	6	64	2	52	1.0000	12	1	0.0833
main	n_align	7	64	2	0	1.0000	14	1	0.0714
main	n_align	7	64	2	1	1.0000	12	1	0.0833
main	n_align	7	64	2	2	1.0000	2	1	0.5000
main	n_align	7	64	2	3	1.0000	2	1	0.5000
main	n_align	7	64	2	4	1.0000	9	1	0.1111
main	n_align	7	64	2	5	1.0000	17	1	0.0588
main	n_align	7	64	2	6	1.0000	17	1	0.0588
main	n_align	7	64	2	7	1.0000	9	1	0.1111
main	n_align	7	64	2	8	1.0000	17	1	0.0588
main	n_align	7	64	2	9	1.0000	17	1	0.0588
main	n_align	7	64	2	10	1.0000	2	1	0.5000
main	n_align	7	64	2	11	1.0000	2	1	0.5000
main	n_align	7	64	2	12	1.0000	9	1	0.1111
main	n_align	7	64	2	13	1.0000	17	1	0.0588
main	n_align	7	64	2	14	1.0000	17	1	0.0588
main	n_align	7	64	2	15	1.0000	17	1	0.0588
main	n_align	7	64	2	16	1.0000	9	1	0.1111
main	n_align	7	64	2	17	1.0000	12	1	0.0833
main	n_align	7	64	2	18	1.0000	12	1	0.0833
main	n_align	7	64	2	19	1.0000	12	1	0.0833
main	n_align	7	64	2	20	1.0000	11	1	0.0909
main	n_align	7	64	2	21	1.0000	2	1	0.5000
main	n_align	7	64	2	22	1.0000	2	1	0.5000
main	n_align	7	64	2	23	1.0000	8	1	0.1250
main	n_align	7	64	2	24	1.0000	14	1	0.0714
main	n_align	7	64	2	25	1.0000	17	1	0.0588
main	n_align	7	64	2	26	1.0000	2	1	0.5000
main	n_align	7	64	2	27	1.0000	9	1	0.1111
main	n_align	7	64	2	28	1.0000	14	1	0.0714
main	n_align	7	64	2	29	1.0000	17	1	0.0588
main	n_align	7	64	2	30	1.0000	9	1	0.1111
main	n_align	7	64	2	31	1.0000	14	1	0.0714
main	n_align	7	64	2	32	1.0000	17	1	0.0588
main	n_align	7	64	2	33	1.0000	17	1	0.0588
main	n_align	7	64	2	34	1.0000	15	1	0.0667
main	n_align	7	64	2	35	1.0000	17	1	0.0588
main	n_align	7	64	2	36	1.0000	15	1	0.0667
main	n_align	7	64	2	37	1.0000	17	1	0.0588
main	n_align	7	64	2	38	1.0000	2	1	0.5000
main	n_align	7	64	2	39	1.0000	9	1	0.1111
main	n_align	7	64	2	40	1.0000	15	1	0.0667
main	n_align	7	64	2	41	1.0000	17	1	0.0588
main	n_align	7	64	2	42	1.0000	9	1	0.1111
main	n_align	7	64	2	43	1.0000	15	1	0.0667
main	n_align	7	64	2	44	1.0000	17	1	0.0588
main	n_align	7	64	2	45	1.0000	9	1	0.1111
main	n_align	7	64	2	46	1.0000	15	1	0.0667
main	n_align	7	64	2	47	1.0000	17	1	0.0588
main	n_align	7	64	2	48	1.0000	2	1	0.5000
main	n_align	7	64	2	49	1.0000	2	1	0.5000
main	n_align	7	64	2	50	1.0000	9	1	0.1111
main	n_align	7	64	2	51	1.0000	15	1	0.0667
main	n_align	7	64	2	52	1.0000	17	1	0.0588
main	n_align	8	64	2	0	1.0000	9	1	0.1111
main	n_align	8	64	2	1	1.0000	4	1	0.2500
main	n_align	8	64	2	2	1.0000	2	1	0.5000
main	n_align	8	64	2	3	1.0000	2	1	0.5000
main	n_align	8	64	2	4	1.0000	8	1	0.1250
main	n_align	8	64	2	5	1.0000	22	1	0.0455
main	n_align	8	64	2	6	1.0000	22	1	0.0455
main	n_align	8	64	2	7	1.0000	8	1	0.1250
main	n_align	8	64	2	8	1.0000	22	1	0.0455
main	n_align	8	64	2	9	1.0000	22	1	0.0455
main	n_align	8	64	2	10	1.0000	2	1	0.5000
main	n_align	8	64	2	11	1.0000	2	1	0.5000
main	n_align	8	64	2	12	1.0000	8	1	0.1250
main	n_align	8	64	2	13	1.0000	22	1	0.0455
main	n_align	8	64	2	14	1.0000	22	1	0.0455
main	n_align	8	64	2	15	1.0000	22	1	0.0455
main	n_align	8	64	2	16	1.0000	8	1	0.1250
main	n_align	8	64	2	17	1.0000	8	1	0.1250
main	n_align	8	64	2	18	1.0000	8	1	0.1250
main	n_align	8	64	2	19	1.0000	7	1	0.1429
main	n_align	8	64	2	20	1.0000	7	1	0.1429
main	n_align	8	64	2	21	1.0000	2	1	0.5000
main	n_align	8	64	2	22	1.0000	2	1	0.5000
main	n_align	8	64	2	23	1.0000	8	1	0.1250
main	n_align	8	64	2	24	1.0000	15	1	0.0667
main	n_align	8	64	2	25	1.0000	13	1	0.0769
main	n_align	8	64	2	26	1.0000	2	1	0.5000
main	n_align	8	64	2	27	1.0000	8	1	0.1250
main	n_align	8	64	2	28	1.0000	16	1	0.0625
main	n_align	8	64	2	29	1.0000	13	1	0.0769
main	n_align	8	64	2	30	1.0000	8	1	0.1250
main	n_align	8	64	2	31	1.0000	16	1	0.0625
main	n_align	8	64	2	32	1.0000	16	1	0.0625
main	n_align	8	64	2	33	1.0000	13	1	0.0769
main	n_align	8	64	2	34	1.0000	16	1	0.0625
main	n_align	8	64	2	35	1.0000	13	1	0.0769
main	n_align	8	64	2	36	1.0000	16	1	0.0625
main	n_align	8	64	2	37	1.0000	13	1	0.0769
main	n_align	8	64	2	38	1.0000	2	1	0.5000
main	n_align	8	64	2	39	1.0000	8	1	0.1250
main	n_align	8	64	2	40	1.0000	16	1	0.0625
main	n_align	8	64	2	41	1.0000	13	1	0.0769
main	n_align	8	64	2	42	1.0000	8	1	0.1250
main	n_align	8	64	2	43	1.0000	17	1	0.0588
main	n_align	8	64	2	44	1.0000	13	1	0.0769
main	n_align	8	64	2	45	1.0000	8	1	0.1250
main	n_align	8	64	2	46	1.0000	17	1	0.0588
main	n_align	8	64	2	47	1.0000	13	1	0.0769
main	n_align	8	64	2	48	1.0000	2	1	0.5000
main	n_align	8	64	2	49	1.0000	2	1	0.5000
main	n_align	8	64	2	50	1.0000	8	1	0.1250
main	n_align	8	64	2	51	1.0000	17	1	0.0588
main	n_align	8	64	2	52	1.0000	13	1	0.0769
main	n_align	9	64	2	0	1.0000	3	1	0.3333
main	n_align	9	64	2	1	1.0000	7	1	0.1429
main	n_align	9	64	2	2	1.0000	2	1	0.5000
main	n_align	9	64	2	3	1.0000	2	1	0.5000
main	n_align	9	64	2	4	1.0000	6	1	0.1667
main	n_align	9	64	2	5	1.0000	18	1	0.0556
main	n_align	9	64	2	6	1.0000	18	1	0.0556
main	n_align	9	64	2	7	1.0000	6	1	0.1667
main	n_align	9	64	2	8	1.0000	17	1	0.0588
main	n_align	9	64	2	9	1.0000	17	1	0.0588
main	n_align	9	64	2	10	1.0000	2	1	0.5000
main	n_align	9	64	2	11	1.0000	2	1	0.5000
main	n_align	9	64	2	12	1.0000	6	1	0.1667
main	n_align	9	64	2	13	1.0000	18	1	0.0556
main	n_align	9	64	2	14	1.0000	18	1	0.0556
main	n_align	9	64	2	15	1.0000	18	1	0.0556
main	n_align	9	64	2	16	1.0000	6	1	0.1667
main	n_align	9	64	2	17	1.0000	7	1	0.1429
main	n_align	9	64	2	18	1.0000	7	1	0.1429
main	n_align	9	64	2	19	1.0000	7	1	0.1429
main	n_align	9	64	2	20	1.0000	6	1	0.1667
main	n_align	9	64	2	21	1.0000	2	1	0.5000
main	n_align	9	64	2	22	1.0000	2	1	0.5000
main	n_align	9	64	2	23	1.0000	6	1	0.1667
main	n_align	9	64	2	24	1.0000	13	1	0.0769
main	n_align	9	64	2	25	1.0000	17	1	0.0588
main	n_align	9	64	2	26	1.0000	2	1	0.5000
main	n_align	9	64	2	27	1.0000	6	1	0.1667
main	n_align	9	64	2	28	1.0000	12	1	0.0833
main	n_align	9	64	2	29	1.0000	18	1	0.0556
main	n_align	9	64	2	30	1.0000	6	1	0.1667
main	n_align	9	64	2	31	1.0000	12	1	0.0833
main	n_align	9	64	2	32	1.0000	18	1	0.0556
main	n_align	9	64	2	33	1.0000	18	1	0.0556
main	n_align	9	64	2	34	1.0000	14	1	0.0714
main	n_align	9	64	2	35	1.0000	18	1	0.0556
main	n_align	9	64	2	36	1.0000	14	1	0.0714
main	n_align	9	64	2	37	1.0000	18	1	0.0556
main	n_align	9	64	2	38	1.0000	2	1	0.5000
main	n_align	9	64	2	39	1.0000	6	1	0.1667
main	n_align	9	64	2	40	1.0000	13	1	0.0769
main	n_align	9	64	2	41	1.0000	19	1	0.0526
main	n_align	9	64	2	42	1.0000	6	1	0.1667
main	n_align	9	64	2	43	1.0000	13	1	0.0769
main	n_align	9	64	2	44	1.0000	19	1	0.0526
main	n_align	9	64	2	45	1.0000	6	1	0.1667
main	n_align	9	64	2	46	1.0000	13	1	0.0769
main	n_align	9	64	2	47	1.0000	19	1	0.0526
main	n_align	9	64	2	48	1.0000	2	1	0.5000
main	n_align	9	64	2	49	1.0000	2	1	0.5000
main	n_align	9	64	2	50	1.0000	6	1	0.1667
main	n_align	9	64	2	51	1.0000	14	1	0.0714
main	n_align	9	64	2	52	1.0000	20	1	0.0500
main	excl_pollute10	0	64	2	0	1.0000	8	1	0.1250
main	excl_pollute10	0	64	2	1	1.0000	10	1	0.1000
main	excl_pollute10	0	64	2	2	1.0000	3	1	0.3333
main	excl_pollute10	0	64	2	3	1.0000	3	1	0.3333
main	excl_pollute10	0	64	2	4	1.0000	4	1	0.2500
main	excl_pollute10	0	64	2	5	1.0000	12	1	0.0833
main	excl_pollute10	0	64	2	6	1.0000	12	1	0.0833
main	excl_pollute10	0	64	2	7	1.0000	4	1	0.2500
main	excl_pollute10	0	64	2	8	1.0000	12	1	0.0833
main	excl_pollute10	0	64	2	9	1.0000	12	1	0.0833
main	excl_pollute10	0	64	2	10	1.0000	3	1	0.3333
main	excl_pollute10	0	64	2	11	1.0000	3	1	0.3333
main	excl_pollute10	0	64	2	12	1.0000	4	1	0.2500
main	excl_pollute10	0	64	2	13	1.0000	12	1	0.0833
main	excl_pollute10	0	64	2	14	1.0000	12	1	0.0833
main	excl_pollute10	0	64	2	15	1.0000	12	1	0.0833
main	excl_pollute10	0	64	2	16	1.0000	4	1	0.2500
main	excl_pollute10	0	64	2	17	1.0000	9	1	0.1111
main	excl_pollute10	0	64	2	18	1.0000	11	1	0.0909
main	excl_pollute10	0	64	2	19	1.0000	11	1	0.0909
main	excl_pollute10	0	64	2	20	1.0000	11	1	0.0909
main	excl_pollute10	0	64	2	21	1.0000	3	1	0.3333
main	excl_pollute10	0	64	2	22	1.0000	3	1	0.3333
main	excl_pollute10	0	64	2	23	1.0000	4	1	0.2500
main	excl_pollute10	0	64	2	24	1.0000	7	1	0.1429
main	excl_pollute10	0	64	2	25	1.0000	14	1	0.0714
main	excl_pollute10	0	64	2	26	1.0000	3	1	0.3333
main	excl_pollute10	0	64	2	27	1.0000	4	1	0.2500
main	excl_pollute10	0	64	2	28	1.0000	8	1	0.1250
main	excl_pollute10	0	64	2	29	1.0000	14	1	0.0714
main	excl_pollute10	0	64	2	30	1.0000	4	1	0.2500
main	excl_pollute10	0	64	2	31	1.0000	8	1	0.1250
main	excl_pollute10	0	64	2	32	1.0000	14	1	0.0714
main	excl_pollute10	0	64	2	33	1.0000	14	1	0.0714
main	excl_pollute10	0	64	2	34	1.0000	8	1	0.1250
main	excl_pollute10	0	64	2	35	1.0000	14	1	0.0714
main	excl_pollute10	0	64	2	36	1.0000	8	1	0.1250
main	excl_pollute10	0	64	2	37	1.0000	14	1	0.0714
main	excl_pollute10	0	64	2	38	1.0000	3	1	0.3333
main	excl_pollute10	0	64	2	39	1.0000	4	1	0.2500
main	excl_pollute10	0	64	2	40	1.0000	8	1	0.1250
main	excl_pollute10	0	64	2	41	1.0000	14	1	0.0714
main	excl_pollute10	0	64	2	42	1.0000	4	1	0.2500
main	excl_pollute10	0	64	2	43	1.0000	8	1	0.1250
main	excl_pollute10	0	64	2	44	1.0000	14	1	0.0714
main	excl_pollute10	0	64	2	45	1.0000	4	1	0.2500
main	excl_pollute10	0	64	2	46	1.0000	8	1	0.1250
main	excl_pollute10	0	64	2	47	1.0000	14	1	0.0714
main	excl_pollute10	0	64	2	48	1.0000	3	1	0.3333
main	excl_pollute10	0	64	2	49	1.0000	3	1	0.3333
main	excl_pollute10	0	64	2	50	1.0000	4	1	0.2500
main	excl_pollute10	0	64	2	51	1.0000	8	1	0.1250
main	excl_pollute10	0	64	2	52	1.0000	14	1	0.0714
main	excl_pollute10	1	64	2	0	1.0000	12	1	0.0833
main	excl_pollute10	1	64	2	1	1.0000	9	1	0.1111
main	excl_pollute10	1	64	2	2	1.0000	2	1	0.5000
main	excl_pollute10	1	64	2	3	1.0000	2	1	0.5000
main	excl_pollute10	1	64	2	4	1.0000	8	1	0.1250
main	excl_pollute10	1	64	2	5	1.0000	28	1	0.0357
main	excl_pollute10	1	64	2	6	1.0000	30	1	0.0333
main	excl_pollute10	1	64	2	7	1.0000	8	1	0.1250
main	excl_pollute10	1	64	2	8	1.0000	27	1	0.0370
main	excl_pollute10	1	64	2	9	1.0000	27	1	0.0370
main	excl_pollute10	1	64	2	10	1.0000	2	1	0.5000
main	excl_pollute10	1	64	2	11	1.0000	2	1	0.5000
main	excl_pollute10	1	64	2	12	1.0000	8	1	0.1250
main	excl_pollute10	1	64	2	13	1.0000	30	1	0.0333
main	excl_pollute10	1	64	2	14	1.0000	29	1	0.0345
main	excl_pollute10	1	64	2	15	1.0000	29	1	0.0345
main	excl_pollute10	1	64	2	16	1.0000	8	1	0.1250
main	excl_pollute10	1	64	2	17	1.0000	9	1	0.1111
main	excl_pollute10	1	64	2	18	1.0000	16	1	0.0625
main	excl_pollute10	1	64	2	19	1.0000	17	1	0.0588
main	excl_pollute10	1	64	2	20	1.0000	16	1	0.0625
main	excl_pollute10	1	64	2	21	1.0000	2	1	0.5000
main	excl_pollute10	1	64	2	22	1.0000	2	1	0.5000
main	excl_pollute10	1	64	2	23	1.0000	8	1	0.1250
main	excl_pollute10	1	64	2	24	1.0000	10	1	0.1000
main	excl_pollute10	1	64	2	25	1.0000	18	1	0.0556
main	excl_pollute10	1	64	2	26	1.0000	2	1	0.5000
main	excl_pollute10	1	64	2	27	1.0000	8	1	0.1250
main	excl_pollute10	1	64	2	28	1.0000	10	1	0.1000
main	excl_pollute10	1	64	2	29	1.0000	19	1	0.0526
main	excl_pollute10	1	64	2	30	1.0000	8	1	0.1250
main	excl_pollute10	1	64	2	31	1.0000	10	1	0.1000
main	excl_pollute10	1	64	2	32	1.0000	19	1	0.0526
main	excl_pollute10	1	64	2	33	1.0000	19	1	0.0526
main	excl_pollute10	1	64	2	34	1.0000	10	1	0.1000
main	excl_pollute10	1	64	2	35	1.0000	19	1	0.0526
main	excl_pollute10	1	64	2	36	1.0000	11	1	0.0909
main	excl_pollute10	1	64	2	37	1.0000	20	1	0.0500
main	excl_pollute10	1	64	2	38	1.0000	2	1	0.5000
main	excl_pollute10	1	64	2	39	1.0000	8	1	0.1250
main	excl_pollute10	1	64	2	40	1.0000	11	1	0.0909
main	excl_pollute10	1	64	2	41	1.0000	20	1	0.0500
main	excl_pollute10	1	64	2	42	1.0000	8	1	0.1250
main	excl_pollute10	1	64	2	43	1.0000	11	1	0.0909
main	excl_pollute10	1	64	2	44	1.0000	20	1	0.0500
main	excl_pollute10	1	64	2	45	1.0000	8	1	0.1250
main	excl_pollute10	1	64	2	46	1.0000	11	1	0.0909
main	excl_pollute10	1	64	2	47	1.0000	20	1	0.0500
main	excl_pollute10	1	64	2	48	1.0000	2	1	0.5000
main	excl_pollute10	1	64	2	49	1.0000	2	1	0.5000
main	excl_pollute10	1	64	2	50	1.0000	8	1	0.1250
main	excl_pollute10	1	64	2	51	1.0000	11	1	0.0909
main	excl_pollute10	1	64	2	52	1.0000	20	1	0.0500
main	excl_pollute10	2	64	2	0	1.0000	8	1	0.1250
main	excl_pollute10	2	64	2	1	1.0000	6	1	0.1667
main	excl_pollute10	2	64	2	2	1.0000	3	1	0.3333
main	excl_pollute10	2	64	2	3	1.0000	3	1	0.3333
main	excl_pollute10	2	64	2	4	1.0000	6	1	0.1667
main	excl_pollute10	2	64	2	5	1.0000	31	1	0.0323
main	excl_pollute10	2	64	2	6	1.0000	31	1	0.0323
main	excl_pollute10	2	64	2	7	1.0000	6	1	0.1667
main	excl_pollute10	2	64	2	8	1.0000	30	1	0.0333
main	excl_pollute10	2	64	2	9	1.0000	30	1	0.0333
main	excl_pollute10	2	64	2	10	1.0000	3	1	0.3333
main	excl_pollute10	2	64	2	11	1.0000	3	1	0.3333
main	excl_pollute10	2	64	2	12	1.0000	6	1	0.1667
main	excl_pollute10	2	64	2	13	1.0000	31	1	0.0323
main	excl_pollute10	2	64	2	14	1.0000	31	1	0.0323
main	excl_pollute10	2	64	2	15	1.0000	31	1	0.0323
main	excl_pollute10	2	64	2	16	1.0000	6	1	0.1667
main	excl_pollute10	2	64	2	17	1.0000	6	1	0.1667
main	excl_pollute10	2	64	2	18	1.0000	9	1	0.1111
main	excl_pollute10	2	64	2	19	1.0000	9	1	0.1111
main	excl_pollute10	2	64	2	20	1.0000	9	1	0.1111
main	excl_pollute10	2	64	2	21	1.0000	3	1	0.3333
main	excl_pollute10	2	64	2	22	1.0000	3	1	0.3333
main	excl_pollute10	2	64	2	23	1.0000	6	1	0.1667
main	excl_pollute10	2	64	2	24	1.0000	10	1	0.1000
main	excl_pollute10	2	64	2	25	1.0000	25	1	0.0400
main	excl_pollute10	2	64	2	26	1.0000	3	1	0.3333
main	excl_pollute10	2	64	2	27	1.0000	6	1	0.1667
main	excl_pollute10	2	64	2	28	1.0000	11	1	0.0909
main	excl_pollute10	2	64	2	29	1.0000	25	1	0.0400
main	excl_pollute10	2	64	2	30	1.0000	6	1	0.1667
main	excl_pollute10	2	64	2	31	1.0000	11	1	0.0909
main	excl_pollute10	2	64	2	32	1.0000	25	1	0.0400
main	excl_pollute10	2	64	2	33	1.0000	26	1	0.0385
main	excl_pollute10	2	64	2	34	1.0000	10	1	0.1000
main	excl_pollute10	2	64	2	35	1.0000	26	1	0.0385
main	excl_pollute10	2	64	2	36	1.0000	11	1	0.0909
main	excl_pollute10	2	64	2	37	1.0000	26	1	0.0385
main	excl_pollute10	2	64	2	38	1.0000	3	1	0.3333
main	excl_pollute10	2	64	2	39	1.0000	6	1	0.1667
main	excl_pollute10	2	64	2	40	1.0000	11	1	0.0909
main	excl_pollute10	2	64	2	41	1.0000	26	1	0.0385
main	excl_pollute10	2	64	2	42	1.0000	6	1	0.1667
main	excl_pollute10	2	64	2	43	1.0000	11	1	0.0909
main	excl_pollute10	2	64	2	44	1.0000	26	1	0.0385
main	excl_pollute10	2	64	2	45	1.0000	6	1	0.1667
main	excl_pollute10	2	64	2	46	1.0000	11	1	0.0909
main	excl_pollute10	2	64	2	47	1.0000	26	1	0.0385
main	excl_pollute10	2	64	2	48	1.0000	3	1	0.3333
main	excl_pollute10	2	64	2	49	1.0000	3	1	0.3333
main	excl_pollute10	2	64	2	50	1.0000	6	1	0.1667
main	excl_pollute10	2	64	2	51	1.0000	11	1	0.0909
main	excl_pollute10	2	64	2	52	1.0000	27	1	0.0370
main	excl_pollute10	3	64	2	0	1.0000	10	1	0.1000
main	excl_pollute10	3	64	2	1	1.0000	9	1	0.1111
main	excl_pollute10	3	64	2	2	1.0000	3	1	0.3333
main	excl_pollute10	3	64	2	3	1.0000	3	1	0.3333
main	excl_pollute10	3	64	2	4	1.0000	3	1	0.3333
main	excl_pollute10	3	64	2	5	1.0000	33	1	0.0303
main	excl_pollute10	3	64	2	6	1.0000	34	1	0.0294
main	excl_pollute10	3	64	2	7	1.0000	3	1	0.3333
main	excl_pollute10	3	64	2	8	1.0000	32	1	0.0312
main	excl_pollute10	3	64	2	9	1.0000	32	1	0.0312
main	excl_pollute10	3	64	2	10	1.0000	3	1	0.3333
main	excl_pollute10	3	64	2	11	1.0000	3	1	0.3333
main	excl_pollute10	3	64	2	12	1.0000	3	1	0.3333
main	excl_pollute10	3	64	2	13	1.0000	34	1	0.0294
main	excl_pollute10	3	64	2	14	1.0000	33	1	0.0303
main	excl_pollute10	3	64	2	15	1.0000	34	1	0.0294
main	excl_pollute10	3	64	2	16	1.0000	3	1	0.3333
main	excl_pollute10	3	64	2	17	1.0000	9	1	0.1111
main	excl_pollute10	3	64	2	18	1.0000	12	1	0.0833
main	excl_pollute10	3	64	2	19	1.0000	12	1	0.0833
main	excl_pollute10	3	64	2	20	1.0000	12	1	0.0833
main	excl_pollute10	3	64	2	21	1.0000	3	1	0.3333
main	excl_pollute10	3	64	2	22	1.0000	3	1	0.3333
main	excl_pollute10	3	64	2	23	1.0000	3	1	0.3333
main	excl_pollute10	3	64	2	24	1.0000	19	1	0.0526
main	excl_pollute10	3	64	2	25	1.0000	13	1	0.0769
main	excl_pollute10	3	64	2	26	1.0000	3	1	0.3333
main	excl_pollute10	3	64	2	27	1.0000	3	1	0.3333
main	excl_pollute10	3	64	2	28	1.0000	19	1	0.0526
main	excl_pollute10	3	64	2	29	1.0000	14	1	0.0714
main	excl_pollute10	3	64	2	30	1.0000	3	1	0.3333
main	excl_pollute10	3	64	2	31	1.0000	20	1	0.0500
main	excl_pollute10	3	64	2	32	1.0000	20	1	0.0500
main	excl_pollute10	3	64	2	33	1.0000	14	1	0.0714
main	excl_pollute10	3	64	2	34	1.0000	20	1	0.0500
main	excl_pollute10	3	64	2	35	1.0000	14	1	0.0714
main	excl_pollute10	3	64	2	36	1.0000	20	1	0.0500
main	excl_pollute10	3	64	2	37	1.0000	14	1	0.0714
main	excl_pollute10	3	64	2	38	1.0000	3	1	0.3333
main	excl_pollute10	3	64	2	39	1.0000	3	1	0.3333
main	excl_pollute10	3	64	2	40	1.0000	20	1	0.0500
main	excl_pollute10	3	64	2	41	1.0000	14	1	0.0714
main	excl_pollute10	3	64	2	42	1.0000	3	1	0.3333
main	excl_pollute10	3	64	2	43	1.0000	20	1	0.0500
main	excl_pollute10	3	64	2	44	1.0000	14	1	0.0714
main	excl_pollute10	3	64	2	45	1.0000	3	1	0.3333
main	excl_pollute10	3	64	2	46	1.0000	21	1	0.0476
main	excl_pollute10	3	64	2	47	1.0000	15	1	0.0667
main	excl_pollute10	3	64	2	48	1.0000	3	1	0.3333
main	excl_pollute10	3	64	2	49	1.0000	3	1	0.3333
main	excl_pollute10	3	64	2	50	1.0000	3	1	0.3333
main	excl_pollute10	3	64	2	51	1.0000	21	1	0.0476
main	excl_pollute10	3	64	2	52	1.0000	15	1	0.0667
main	excl_pollute10	4	64	2	0	1.0000	8	1	0.1250
main	excl_pollute10	4	64	2	1	1.0000	4	1	0.2500
main	excl_pollute10	4	64	2	2	1.0000	1	1	1.0000
main	excl_pollute10	4	64	2	3	1.0000	1	1	1.0000
main	excl_pollute10	4	64	2	4	1.0000	1	1	1.0000
main	excl_pollute10	4	64	2	5	1.0000	18	1	0.0556
main	excl_pollute10	4	64	2	6	1.0000	18	1	0.0556
main	excl_pollute10	4	64	2	7	1.0000	1	1	1.0000
main	excl_pollute10	4	64	2	8	1.0000	17	1	0.0588
main	excl_pollute10	4	64	2	9	1.0000	17	1	0.0588
main	excl_pollute10	4	64	2	10	1.0000	1	1	1.0000
main	excl_pollute10	4	64	2	11	1.0000	1	1	1.0000
main	excl_pollute10	4	64	2	12	1.0000	1	1	1.0000
main	excl_pollute10	4	64	2	13	1.0000	18	1	0.0556
main	excl_pollute10	4	64	2	14	1.0000	21	1	0.0476
main	excl_pollute10	4	64	2	15	1.0000	18	1	0.0556
main	excl_pollute10	4	64	2	16	1.0000	1	1	1.0000
main	excl_pollute10	4	64	2	17	1.0000	4	1	0.2500
main	excl_pollute10	4	64	2	18	1.0000	21	1	0.0476
main	excl_pollute10	4	64	2	19	1.0000	22	1	0.0455
main	excl_pollute10	4	64	2	20	1.0000	21	1	0.0476
main	excl_pollute10	4	64	2	21	1.0000	1	1	1.0000
main	excl_pollute10	4	64	2	22	1.0000	1	1	1.0000
main	excl_pollute10	4	64	2	23	1.0000	1	1	1.0000
main	excl_pollute10	4	64	2	24	1.0000	13	1	0.0769
main	excl_pollute10	4	64	2	25	1.0000	11	1	0.0909
main	excl_pollute10	4	64	2	26	1.0000	1	1	1.0000
main	excl_pollute10	4	64	2	27	1.0000	1	1	1.0000
main	excl_pollute10	4	64	2	28	1.0000	13	1	0.0769
main	excl_pollute10	4	64	2	29	1.0000	11	1	0.0909
main	excl_pollute10	4	64	2	30	1.0000	1	1	1.0000
main	excl_pollute10	4	64	2	31	1.0000	13	1	0.0769
main	excl_pollute10	4	64	2	32	1.0000	13	1	0.0769
main	excl_pollute10	4	64	2	33	1.0000	11	1	0.0909
main	excl_pollute10	4	64	2	34	1.0000	13	1	0.0769
main	excl_pollute10	4	64	2	35	1.0000	11	1	0.0909
main	excl_pollute10	4	64	2	36	1.0000	14	1	0.0714
main	excl_pollute10	4	64	2	37	1.0000	11	1	0.0909
main	excl_pollute10	4	64	2	38	1.0000	1	1	1.0000
main	excl_pollute10	4	64	2	39	1.0000	1	1	1.0000
main	excl_pollute10	4	64	2	40	1.0000	14	1	0.0714
main	excl_pollute10	4	64	2	41	1.0000	12	1	0.0833
main	excl_pollute10	4	64	2	42	1.0000	1	1	1.0000
main	excl_pollute10	4	64	2	43	1.0000	14	1	0.0714
main	excl_pollute10	4	64	2	44	1.0000	12	1	0.0833
main	excl_pollute10	4	64	2	45	1.0000	1	1	1.0000
main	excl_pollute10	4	64	2	46	1.0000	14	1	0.0714
main	excl_pollute10	4	64	2	47	1.0000	12	1	0.0833
main	excl_pollute10	4	64	2	48	1.0000	1	1	1.0000
main	excl_pollute10	4	64	2	49	1.0000	1	1	1.0000
main	excl_pollute10	4	64	2	50	1.0000	1	1	1.0000
main	excl_pollute10	4	64	2	51	1.0000	14	1	0.0714
main	excl_pollute10	4	64	2	52	1.0000	12	1	0.0833
main	excl_pollute10	5	64	2	0	1.0000	7	1	0.1429
main	excl_pollute10	5	64	2	1	1.0000	2	1	0.5000
main	excl_pollute10	5	64	2	2	1.0000	2	1	0.5000
main	excl_pollute10	5	64	2	3	1.0000	2	1	0.5000
main	excl_pollute10	5	64	2	4	1.0000	3	1	0.3333
main	excl_pollute10	5	64	2	5	1.0000	22	1	0.0455
main	excl_pollute10	5	64	2	6	1.0000	21	1	0.0476
main	excl_pollute10	5	64	2	7	1.0000	3	1	0.3333
main	excl_pollute10	5	64	2	8	1.0000	23	1	0.0435
main	excl_pollute10	5	64	2	9	1.0000	23	1	0.0435
main	excl_pollute10	5	64	2	10	1.0000	2	1	0.5000
main	excl_pollute10	5	64	2	11	1.0000	2	1	0.5000
main	excl_pollute10	5	64	2	12	1.0000	3	1	0.3333
main	excl_pollute10	5	64	2	13	1.0000	22	1	0.0455
main	excl_pollute10	5	64	2	14	1.0000	22	1	0.0455
main	excl_pollute10	5	64	2	15	1.0000	21	1	0.0476
main	excl_pollute10	5	64	2	16	1.0000	3	1	0.3333
main	excl_pollute10	5	64	2	17	1.0000	3	1	0.3333
main	excl_pollute10	5	64	2	18	1.0000	7	1	0.1429
main	excl_pollute10	5	64	2	19	1.0000	7	1	0.1429
main	excl_pollute10	5	64	2	20	1.0000	7	1	0.1429
main	excl_pollute10	5	64	2	21	1.0000	2	1	0.5000
main	excl_pollute10	5	64	2	22	1.0000	2	1	0.5000
main	excl_pollute10	5	64	2	23	1.0000	3	1	0.3333
main	excl_pollute10	5	64	2	24	1.0000	7	1	0.1429
main	excl_pollute10	5	64	2	25	1.0000	10	1	0.1000
main	excl_pollute10	5	64	2	26	1.0000	2	1	0.5000
main	excl_pollute10	5	64	2	27	1.0000	3	1	0.3333
main	excl_pollute10	5	64	2	28	1.0000	6	1	0.1667
main	excl_pollute10	5	64	2	29	1.0000	11	1	0.0909
main	excl_pollute10	5	64	2	30	1.0000	3	1	0.3333
main	excl_pollute10	5	64	2	31	1.0000	6	1	0.1667
main	excl_pollute10	5	64	2	32	1.0000	11	1	0.0909
main	excl_pollute10	5	64	2	33	1.0000	11	1	0.0909
main	excl_pollute10	5	64	2	34	1.0000	7	1	0.1429
main	excl_pollute10	5	64	2	35	1.0000	11	1	0.0909
main	excl_pollute10	5	64	2	36	1.0000	7	1	0.1429
main	excl_pollute10	5	64	2	37	1.0000	11	1	0.0909
main	excl_pollute10	5	64	2	38	1.0000	2	1	0.5000
main	excl_pollute10	5	64	2	39	1.0000	3	1	0.3333
main	excl_pollute10	5	64	2	40	1.0000	7	1	0.1429
main	excl_pollute10	5	64	2	41	1.0000	11	1	0.0909
main	excl_pollute10	5	64	2	42	1.0000	3	1	0.3333
main	excl_pollute10	5	64	2	43	1.0000	7	1	0.1429
main	excl_pollute10	5	64	2	44	1.0000	11	1	0.0909
main	excl_pollute10	5	64	2	45	1.0000	3	1	0.3333
main	excl_pollute10	5	64	2	46	1.0000	7	1	0.1429
main	excl_pollute10	5	64	2	47	1.0000	11	1	0.0909
main	excl_pollute10	5	64	2	48	1.0000	2	1	0.5000
main	excl_pollute10	5	64	2	49	1.0000	2	1	0.5000
main	excl_pollute10	5	64	2	50	1.0000	3	1	0.3333
main	excl_pollute10	5	64	2	51	1.0000	7	1	0.1429
main	excl_pollute10	5	64	2	52	1.0000	11	1	0.0909
main	excl_pollute10	6	64	2	0	1.0000	12	1	0.0833
main	excl_pollute10	6	64	2	1	1.0000	11	1	0.0909
main	excl_pollute10	6	64	2	2	1.0000	1	1	1.0000
main	excl_pollute10	6	64	2	3	1.0000	1	1	1.0000
main	excl_pollute10	6	64	2	4	1.0000	12	1	0.0833
main	excl_pollute10	6	64	2	5	1.0000	33	1	0.0303
main	excl_pollute10	6	64	2	6	1.0000	34	1	0.0294
main	excl_pollute10	6	64	2	7	1.0000	11	1	0.0909
main	excl_pollute10	6	64	2	8	1.0000	32	1	0.0312
main	excl_pollute10	6	64	2	9	1.0000	32	1	0.0312
main	excl_pollute10	6	64	2	10	1.0000	1	1	1.0000
main	excl_pollute10	6	64	2	11	1.0000	1	1	1.0000
main	excl_pollute10	6	64	2	12	1.0000	12	1	0.0833
main	excl_pollute10	6	64	2	13	1.0000	34	1	0.0294
main	excl_pollute10	6	64	2	14	1.0000	34	1	0.0294
main	excl_pollute10	6	64	2	15	1.0000	34	1	0.0294
main	excl_pollute10	6	64	2	16	1.0000	12	1	0.0833
main	excl_pollute10	6	64	2	17	1.0000	12	1	0.0833
main	excl_pollute10	6	64	2	18	1.0000	20	1	0.0500
main	excl_pollute10	6	64	2	19	1.0000	21	1	0.0476
main	excl_pollute10	6	64	2	20	1.0000	20	1	0.0500
main	excl_pollute10	6	64	2	21	1.0000	1	1	1.0000
main	excl_pollute10	6	64	2	22	1.0000	1	1	1.0000
main	excl_pollute10	6	64	2	23	1.0000	11	1	0.0909
main	excl_pollute10	6	64	2	24	1.0000	22	1	0.0455
main	excl_pollute10	6	64	2	25	1.0000	10	1	0.1000
main	excl_pollute10	6	64	2	26	1.0000	1	1	1.0000
main	excl_pollute10	6	64	2	27	1.0000	11	1	0.0909
main	excl_pollute10	6	64	2	28	1.0000	23	1	0.0435
main	excl_pollute10	6	64	2	29	1.0000	11	1	0.0909
main	excl_pollute10	6	64	2	30	1.0000	11	1	0.0909
main	excl_pollute10	6	64	2	31	1.0000	24	1	0.0417
main	excl_pollute10	6	64	2	32	1.0000	23	1	0.0435
main	excl_pollute10	6	64	2	33	1.0000	11	1	0.0909
main	excl_pollute10	6	64	2	34	1.0000	23	1	0.0435
main	excl_pollute10	6	64	2	35	1.0000	11	1	0.0909
main	excl_pollute10	6	64	2	36	1.0000	24	1	0.0417
main	excl_pollute10	6	64	2	37	1.0000	11	1	0.0909
main	excl_pollute10	6	64	2	38	1.0000	1	1	1.0000
main	excl_pollute10	6	64	2	39	1.0000	12	1	0.0833
main	excl_pollute10	6	64	2	40	1.0000	24	1	0.0417
main	excl_pollute10	6	64	2	41	1.0000	12	1	0.0833
main	excl_pollute10	6	64	2	42	1.0000	12	1	0.0833
main	excl_pollute10	6	64	2	43	1.0000	25	1	0.0400
main	excl_pollute10	6	64	2	44	1.0000	12	1	0.0833
main	excl_pollute10	6	64	2	45	1.0000	12	1	0.0833
main	excl_pollute10	6	64	2	46	1.0000	25	1	0.0400
main	excl_pollute10	6	64	2	47	1.0000	12	1	0.0833
main	excl_pollute10	6	64	2	48	1.0000	1	1	1.0000
main	excl_pollute10	6	64	2	49	1.0000	1	1	1.0000
main	excl_pollute10	6	64	2	50	1.0000	12	1	0.0833
main	excl_pollute10	6	64	2	51	1.0000	25	1	0.0400
main	excl_pollute10	6	64	2	52	1.0000	12	1	0.0833
main	excl_pollute10	7	64	2	0	1.0000	14	1	0.0714
main	excl_pollute10	7	64	2	1	1.0000	12	1	0.0833
main	excl_pollute10	7	64	2	2	1.0000	2	1	0.5000
main	excl_pollute10	7	64	2	3	1.0000	2	1	0.5000
main	excl_pollute10	7	64	2	4	1.0000	9	1	0.1111
main	excl_pollute10	7	64	2	5	1.0000	17	1	0.0588
main	excl_pollute10	7	64	2	6	1.0000	17	1	0.0588
main	excl_pollute10	7	64	2	7	1.0000	9	1	0.1111
main	excl_pollute10	7	64	2	8	1.0000	17	1	0.0588
main	excl_pollute10	7	64	2	9	1.0000	17	1	0.0588
main	excl_pollute10	7	64	2	10	1.0000	2	1	0.5000
main	excl_pollute10	7	64	2	11	1.0000	2	1	0.5000
main	excl_pollute10	7	64	2	12	1.0000	9	1	0.1111
main	excl_pollute10	7	64	2	13	1.0000	17	1	0.0588
main	excl_pollute10	7	64	2	14	1.0000	17	1	0.0588
main	excl_pollute10	7	64	2	15	1.0000	17	1	0.0588
main	excl_pollute10	7	64	2	16	1.0000	9	1	0.1111
main	excl_pollute10	7	64	2	17	1.0000	12	1	0.0833
main	excl_pollute10	7	64	2	18	1.0000	12	1	0.0833
main	excl_pollute10	7	64	2	19	1.0000	12	1	0.0833
main	excl_pollute10	7	64	2	20	1.0000	11	1	0.0909
main	excl_pollute10	7	64	2	21	1.0000	2	1	0.5000
main	excl_pollute10	7	64	2	22	1.0000	2	1	0.5000
main	excl_pollute10	7	64	2	23	1.0000	8	1	0.1250
main	excl_pollute10	7	64	2	24	1.0000	15	1	0.0667
main	excl_pollute10	7	64	2	25	1.0000	18	1	0.0556
main	excl_pollute10	7	64	2	26	1.0000	2	1	0.5000
main	excl_pollute10	7	64	2	27	1.0000	8	1	0.1250
main	excl_pollute10	7	64	2	28	1.0000	15	1	0.0667
main	excl_pollute10	7	64	2	29	1.0000	18	1	0.0556
main	excl_pollute10	7	64	2	30	1.0000	9	1	0.1111
main	excl_pollute10	7	64	2	31	1.0000	15	1	0.0667
main	excl_pollute10	7	64	2	32	1.0000	18	1	0.0556
main	excl_pollute10	7	64	2	33	1.0000	18	1	0.0556
main	excl_pollute10	7	64	2	34	1.0000	15	1	0.0667
main	excl_pollute10	7	64	2	35	1.0000	18	1	0.0556
main	excl_pollute10	7	64	2	36	1.0000	15	1	0.0667
main	excl_pollute10	7	64	2	37	1.0000	18	1	0.0556
main	excl_pollute10	7	64	2	38	1.0000	2	1	0.5000
main	excl_pollute10	7	64	2	39	1.0000	9	1	0.1111
main	excl_pollute10	7	64	2	40	1.0000	15	1	0.0667
main	excl_pollute10	7	64	2	41	1.0000	18	1	0.0556
main	excl_pollute10	7	64	2	42	1.0000	9	1	0.1111
main	excl_pollute10	7	64	2	43	1.0000	15	1	0.0667
main	excl_pollute10	7	64	2	44	1.0000	19	1	0.0526
main	excl_pollute10	7	64	2	45	1.0000	9	1	0.1111
main	excl_pollute10	7	64	2	46	1.0000	15	1	0.0667
main	excl_pollute10	7	64	2	47	1.0000	19	1	0.0526
main	excl_pollute10	7	64	2	48	1.0000	2	1	0.5000
main	excl_pollute10	7	64	2	49	1.0000	2	1	0.5000
main	excl_pollute10	7	64	2	50	1.0000	9	1	0.1111
main	excl_pollute10	7	64	2	51	1.0000	15	1	0.0667
main	excl_pollute10	7	64	2	52	1.0000	19	1	0.0526
main	excl_pollute10	8	64	2	0	1.0000	9	1	0.1111
main	excl_pollute10	8	64	2	1	1.0000	4	1	0.2500
main	excl_pollute10	8	64	2	2	1.0000	3	1	0.3333
main	excl_pollute10	8	64	2	3	1.0000	3	1	0.3333
main	excl_pollute10	8	64	2	4	1.0000	8	1	0.1250
main	excl_pollute10	8	64	2	5	1.0000	23	1	0.0435
main	excl_pollute10	8	64	2	6	1.0000	24	1	0.0417
main	excl_pollute10	8	64	2	7	1.0000	8	1	0.1250
main	excl_pollute10	8	64	2	8	1.0000	23	1	0.0435
main	excl_pollute10	8	64	2	9	1.0000	22	1	0.0455
main	excl_pollute10	8	64	2	10	1.0000	3	1	0.3333
main	excl_pollute10	8	64	2	11	1.0000	3	1	0.3333
main	excl_pollute10	8	64	2	12	1.0000	8	1	0.1250
main	excl_pollute10	8	64	2	13	1.0000	24	1	0.0417
main	excl_pollute10	8	64	2	14	1.0000	23	1	0.0435
main	excl_pollute10	8	64	2	15	1.0000	23	1	0.0435
main	excl_pollute10	8	64	2	16	1.0000	8	1	0.1250
main	excl_pollute10	8	64	2	17	1.0000	8	1	0.1250
main	excl_pollute10	8	64	2	18	1.0000	8	1	0.1250
main	excl_pollute10	8	64	2	19	1.0000	7	1	0.1429
main	excl_pollute10	8	64	2	20	1.0000	7	1	0.1429
main	excl_pollute10	8	64	2	21	1.0000	3	1	0.3333
main	excl_pollute10	8	64	2	22	1.0000	3	1	0.3333
main	excl_pollute10	8	64	2	23	1.0000	8	1	0.1250
main	excl_pollute10	8	64	2	24	1.0000	16	1	0.0625
main	excl_pollute10	8	64	2	25	1.0000	13	1	0.0769
main	excl_pollute10	8	64	2	26	1.0000	3	1	0.3333
main	excl_pollute10	8	64	2	27	1.0000	8	1	0.1250
main	excl_pollute10	8	64	2	28	1.0000	17	1	0.0588
main	excl_pollute10	8	64	2	29	1.0000	13	1	0.0769
main	excl_pollute10	8	64	2	30	1.0000	8	1	0.1250
main	excl_pollute10	8	64	2	31	1.0000	17	1	0.0588
main	excl_pollute10	8	64	2	32	1.0000	17	1	0.0588
main	excl_pollute10	8	64	2	33	1.0000	13	1	0.0769
main	excl_pollute10	8	64	2	34	1.0000	17	1	0.0588
main	excl_pollute10	8	64	2	35	1.0000	13	1	0.0769
main	excl_pollute10	8	64	2	36	1.0000	17	1	0.0588
main	excl_pollute10	8	64	2	37	1.0000	13	1	0.0769
main	excl_pollute10	8	64	2	38	1.0000	3	1	0.3333
main	excl_pollute10	8	64	2	39	1.0000	8	1	0.1250
main	excl_pollute10	8	64	2	40	1.0000	18	1	0.0556
main	excl_pollute10	8	64	2	41	1.0000	13	1	0.0769
main	excl_pollute10	8	64	2	42	1.0000	8	1	0.1250
main	excl_pollute10	8	64	2	43	1.0000	18	1	0.0556
main	excl_pollute10	8	64	2	44	1.0000	13	1	0.0769
main	excl_pollute10	8	64	2	45	1.0000	8	1	0.1250
main	excl_pollute10	8	64	2	46	1.0000	18	1	0.0556
main	excl_pollute10	8	64	2	47	1.0000	13	1	0.0769
main	excl_pollute10	8	64	2	48	1.0000	3	1	0.3333
main	excl_pollute10	8	64	2	49	1.0000	3	1	0.3333
main	excl_pollute10	8	64	2	50	1.0000	8	1	0.1250
main	excl_pollute10	8	64	2	51	1.0000	18	1	0.0556
main	excl_pollute10	8	64	2	52	1.0000	13	1	0.0769
main	excl_pollute10	9	64	2	0	1.0000	3	1	0.3333
main	excl_pollute10	9	64	2	1	1.0000	8	1	0.1250
main	excl_pollute10	9	64	2	2	1.0000	2	1	0.5000
main	excl_pollute10	9	64	2	3	1.0000	2	1	0.5000
main	excl_pollute10	9	64	2	4	1.0000	7	1	0.1429
main	excl_pollute10	9	64	2	5	1.0000	15	1	0.0667
main	excl_pollute10	9	64	2	6	1.0000	15	1	0.0667
main	excl_pollute10	9	64	2	7	1.0000	6	1	0.1667
main	excl_pollute10	9	64	2	8	1.0000	15	1	0.0667
main	excl_pollute10	9	64	2	9	1.0000	14	1	0.0714
main	excl_pollute10	9	64	2	10	1.0000	2	1	0.5000
main	excl_pollute10	9	64	2	11	1.0000	2	1	0.5000
main	excl_pollute10	9	64	2	12	1.0000	7	1	0.1429
main	excl_pollute10	9	64	2	13	1.0000	15	1	0.0667
main	excl_pollute10	9	64	2	14	1.0000	15	1	0.0667
main	excl_pollute10	9	64	2	15	1.0000	15	1	0.0667
main	excl_pollute10	9	64	2	16	1.0000	7	1	0.1429
main	excl_pollute10	9	64	2	17	1.0000	8	1	0.1250
main	excl_pollute10	9	64	2	18	1.0000	8	1	0.1250
main	excl_pollute10	9	64	2	19	1.0000	8	1	0.1250
main	excl_pollute10	9	64	2	20	1.0000	6	1	0.1667
main	excl_pollute10	9	64	2	21	1.0000	2	1	0.5000
main	excl_pollute10	9	64	2	22	1.0000	2	1	0.5000
main	excl_pollute10	9	64	2	23	1.0000	6	1	0.1667
main	excl_pollute10	9	64	2	24	1.0000	13	1	0.0769
main	excl_pollute10	9	64	2	25	1.0000	18	1	0.0556
main	excl_pollute10	9	64	2	26	1.0000	2	1	0.5000
main	excl_pollute10	9	64	2	27	1.0000	6	1	0.1667
main	excl_pollute10	9	64	2	28	1.0000	13	1	0.0769
main	excl_pollute10	9	64	2	29	1.0000	19	1	0.0526
main	excl_pollute10	9	64	2	30	1.0000	6	1	0.1667
main	excl_pollute10	9	64	2	31	1.0000	13	1	0.0769
main	excl_pollute10	9	64	2	32	1.0000	20	1	0.0500
main	excl_pollute10	9	64	2	33	1.0000	19	1	0.0526
main	excl_pollute10	9	64	2	34	1.0000	14	1	0.0714
main	excl_pollute10	9	64	2	35	1.0000	19	1	0.0526
main	excl_pollute10	9	64	2	36	1.0000	14	1	0.0714
main	excl_pollute10	9	64	2	37	1.0000	20	1	0.0500
main	excl_pollute10	9	64	2	38	1.0000	2	1	0.5000
main	excl_pollute10	9	64	2	39	1.0000	7	1	0.1429
main	excl_pollute10	9	64	2	40	1.0000	13	1	0.0769
main	excl_pollute10	9	64	2	41	1.0000	21	1	0.0476
main	excl_pollute10	9	64	2	42	1.0000	7	1	0.1429
main	excl_pollute10	9	64	2	43	1.0000	13	1	0.0769
main	excl_pollute10	9	64	2	44	1.0000	21	1	0.0476
main	excl_pollute10	9	64	2	45	1.0000	7	1	0.1429
main	excl_pollute10	9	64	2	46	1.0000	14	1	0.0714
main	excl_pollute10	9	64	2	47	1.0000	21	1	0.0476
main	excl_pollute10	9	64	2	48	1.0000	2	1	0.5000
main	excl_pollute10	9	64	2	49	1.0000	2	1	0.5000
main	excl_pollute10	9	64	2	50	1.0000	7	1	0.1429
main	excl_pollute10	9	64	2	51	1.0000	14	1	0.0714
main	excl_pollute10	9	64	2	52	1.0000	22	1	0.0455
main	excl_pollute30	0	64	2	0	1.0000	6	1	0.1667
main	excl_pollute30	0	64	2	1	1.0000	4	1	0.2500
main	excl_pollute30	0	64	2	2	1.0000	3	1	0.3333
main	excl_pollute30	0	64	2	3	1.0000	3	1	0.3333
main	excl_pollute30	0	64	2	4	1.0000	5	1	0.2000
main	excl_pollute30	0	64	2	5	1.0000	20	1	0.0500
main	excl_pollute30	0	64	2	6	1.0000	19	1	0.0526
main	excl_pollute30	0	64	2	7	1.0000	5	1	0.2000
main	excl_pollute30	0	64	2	8	1.0000	20	1	0.0500
main	excl_pollute30	0	64	2	9	1.0000	21	1	0.0476
main	excl_pollute30	0	64	2	10	1.0000	3	1	0.3333
main	excl_pollute30	0	64	2	11	1.0000	3	1	0.3333
main	excl_pollute30	0	64	2	12	1.0000	5	1	0.2000
main	excl_pollute30	0	64	2	13	1.0000	20	1	0.0500
main	excl_pollute30	0	64	2	14	1.0000	20	1	0.0500
main	excl_pollute30	0	64	2	15	1.0000	19	1	0.0526
main	excl_pollute30	0	64	2	16	1.0000	5	1	0.2000
main	excl_pollute30	0	64	2	17	1.0000	9	1	0.1111
main	excl_pollute30	0	64	2	18	1.0000	11	1	0.0909
main	excl_pollute30	0	64	2	19	1.0000	11	1	0.0909
main	excl_pollute30	0	64	2	20	1.0000	11	1	0.0909
main	excl_pollute30	0	64	2	21	1.0000	3	1	0.3333
main	excl_pollute30	0	64	2	22	1.0000	3	1	0.3333
main	excl_pollute30	0	64	2	23	1.0000	5	1	0.2000
main	excl_pollute30	0	64	2	24	1.0000	6	1	0.1667
main	excl_pollute30	0	64	2	25	1.0000	14	1	0.0714
main	excl_pollute30	0	64	2	26	1.0000	3	1	0.3333
main	excl_pollute30	0	64	2	27	1.0000	5	1	0.2000
main	excl_pollute30	0	64	2	28	1.0000	6	1	0.1667
main	excl_pollute30	0	64	2	29	1.0000	14	1	0.0714
main	excl_pollute30	0	64	2	30	1.0000	5	1	0.2000
main	excl_pollute30	0	64	2	31	1.0000	7	1	0.1429
main	excl_pollute30	0	64	2	32	1.0000	14	1	0.0714
main	excl_pollute30	0	64	2	33	1.0000	14	1	0.0714
main	excl_pollute30	0	64	2	34	1.0000	6	1	0.1667
main	excl_pollute30	0	64	2	35	1.0000	14	1	0.0714
main	excl_pollute30	0	64	2	36	1.0000	7	1	0.1429
main	excl_pollute30	0	64	2	37	1.0000	14	1	0.0714
main	excl_pollute30	0	64	2	38	1.0000	3	1	0.3333
main	excl_pollute30	0	64	2	39	1.0000	5	1	0.2000
main	excl_pollute30	0	64	2	40	1.0000	7	1	0.1429
main	excl_pollute30	0	64	2	41	1.0000	14	1	0.0714
main	excl_pollute30	0	64	2	42	1.0000	5	1	0.2000
main	excl_pollute30	0	64	2	43	1.0000	7	1	0.1429
main	excl_pollute30	0	64	2	44	1.0000	14	1	0.0714
main	excl_pollute30	0	64	2	45	1.0000	5	1	0.2000
main	excl_pollute30	0	64	2	46	1.0000	7	1	0.1429
main	excl_pollute30	0	64	2	47	1.0000	14	1	0.0714
main	excl_pollute30	0	64	2	48	1.0000	3	1	0.3333
main	excl_pollute30	0	64	2	49	1.0000	3	1	0.3333
main	excl_pollute30	0	64	2	50	1.0000	5	1	0.2000
main	excl_pollute30	0	64	2	51	1.0000	7	1	0.1429
main	excl_pollute30	0	64	2	52	1.0000	15	1	0.0667
main	excl_pollute30	1	64	2	0	1.0000	13	1	0.0769
main	excl_pollute30	1	64	2	1	1.0000	9	1	0.1111
main	excl_pollute30	1	64	2	2	1.0000	2	1	0.5000
main	excl_pollute30	1	64	2	3	1.0000	2	1	0.5000
main	excl_pollute30	1	64	2	4	1.0000	8	1	0.1250
main	excl_pollute30	1	64	2	5	1.0000	35	1	0.0286
main	excl_pollute30	1	64	2	6	1.0000	35	1	0.0286
main	excl_pollute30	1	64	2	7	1.0000	8	1	0.1250
main	excl_pollute30	1	64	2	8	1.0000	34	1	0.0294
main	excl_pollute30	1	64	2	9	1.0000	34	1	0.0294
main	excl_pollute30	1	64	2	10	1.0000	2	1	0.5000
main	excl_pollute30	1	64	2	11	1.0000	2	1	0.5000
main	excl_pollute30	1	64	2	12	1.0000	8	1	0.1250
main	excl_pollute30	1	64	2	13	1.0000	35	1	0.0286
main	excl_pollute30	1	64	2	14	1.0000	35	1	0.0286
main	excl_pollute30	1	64	2	15	1.0000	35	1	0.0286
main	excl_pollute30	1	64	2	16	1.0000	8	1	0.1250
main	excl_pollute30	1	64	2	17	1.0000	9	1	0.1111
main	excl_pollute30	1	64	2	18	1.0000	17	1	0.0588
main	excl_pollute30	1	64	2	19	1.0000	18	1	0.0556
main	excl_pollute30	1	64	2	20	1.0000	18	1	0.0556
main	excl_pollute30	1	64	2	21	1.0000	2	1	0.5000
main	excl_pollute30	1	64	2	22	1.0000	2	1	0.5000
main	excl_pollute30	1	64	2	23	1.0000	8	1	0.1250
main	excl_pollute30	1	64	2	24	1.0000	11	1	0.0909
main	excl_pollute30	1	64	2	25	1.0000	21	1	0.0476
main	excl_pollute30	1	64	2	26	1.0000	2	1	0.5000
main	excl_pollute30	1	64	2	27	1.0000	8	1	0.1250
main	excl_pollute30	1	64	2	28	1.0000	11	1	0.0909
main	excl_pollute30	1	64	2	29	1.0000	21	1	0.0476
main	excl_pollute30	1	64	2	30	1.0000	8	1	0.1250
main	excl_pollute30	1	64	2	31	1.0000	11	1	0.0909
main	excl_pollute30	1	64	2	32	1.0000	21	1	0.0476
main	excl_pollute30	1	64	2	33	1.0000	21	1	0.0476
main	excl_pollute30	1	64	2	34	1.0000	11	1	0.0909
main	excl_pollute30	1	64	2	35	1.0000	21	1	0.0476
main	excl_pollute30	1	64	2	36	1.0000	11	1	0.0909
main	excl_pollute30	1	64	2	37	1.0000	22	1	0.0455
main	excl_pollute30	1	64	2	38	1.0000	2	1	0.5000
main	excl_pollute30	1	64	2	39	1.0000	8	1	0.1250
main	excl_pollute30	1	64	2	40	1.0000	12	1	0.0833
main	excl_pollute30	1	64	2	41	1.0000	22	1	0.0455
main	excl_pollute30	1	64	2	42	1.0000	8	1	0.1250
main	excl_pollute30	1	64	2	43	1.0000	12	1	0.0833
main	excl_pollute30	1	64	2	44	1.0000	22	1	0.0455
main	excl_pollute30	1	64	2	45	1.0000	8	1	0.1250
main	excl_pollute30	1	64	2	46	1.0000	12	1	0.0833
main	excl_pollute30	1	64	2	47	1.0000	22	1	0.0455
main	excl_pollute30	1	64	2	48	1.0000	2	1	0.5000
main	excl_pollute30	1	64	2	49	1.0000	2	1	0.5000
main	excl_pollute30	1	64	2	50	1.0000	8	1	0.1250
main	excl_pollute30	1	64	2	51	1.0000	12	1	0.0833
main	excl_pollute30	1	64	2	52	1.0000	22	1	0.0455
main	excl_pollute30	2	64	2	0	1.0000	10	1	0.1000
main	excl_pollute30	2	64	2	1	1.0000	6	1	0.1667
main	excl_pollute30	2	64	2	2	1.0000	3	1	0.3333
main	excl_pollute30	2	64	2	3	1.0000	3	1	0.3333
main	excl_pollute30	2	64	2	4	1.0000	8	1	0.1250
main	excl_pollute30	2	64	2	5	1.0000	27	1	0.0370
main	excl_pollute30	2	64	2	6	1.0000	27	1	0.0370
main	excl_pollute30	2	64	2	7	1.0000	8	1	0.1250
main	excl_pollute30	2	64	2	8	1.0000	27	1	0.0370
main	excl_pollute30	2	64	2	9	1.0000	27	1	0.0370
main	excl_pollute30	2	64	2	10	1.0000	3	1	0.3333
main	excl_pollute30	2	64	2	11	1.0000	3	1	0.3333
main	excl_pollute30	2	64	2	12	1.0000	8	1	0.1250
main	excl_pollute30	2	64	2	13	1.0000	27	1	0.0370
main	excl_pollute30	2	64	2	14	1.0000	27	1	0.0370
main	excl_pollute30	2	64	2	15	1.0000	27	1	0.0370
main	excl_pollute30	2	64	2	16	1.0000	8	1	0.1250
main	excl_pollute30	2	64	2	17	1.0000	8	1	0.1250
main	excl_pollute30	2	64	2	18	1.0000	11	1	0.0909
main	excl_pollute30	2	64	2	19	1.0000	11	1	0.0909
main	excl_pollute30	2	64	2	20	1.0000	11	1	0.0909
main	excl_pollute30	2	64	2	21	1.0000	3	1	0.3333
main	excl_pollute30	2	64	2	22	1.0000	3	1	0.3333
main	excl_pollute30	2	64	2	23	1.0000	8	1	0.1250
main	excl_pollute30	2	64	2	24	1.0000	16	1	0.0625
main	excl_pollute30	2	64	2	25	1.0000	22	1	0.0455
main	excl_pollute30	2	64	2	26	1.0000	3	1	0.3333
main	excl_pollute30	2	64	2	27	1.0000	8	1	0.1250
main	excl_pollute30	2	64	2	28	1.0000	17	1	0.0588
main	excl_pollute30	2	64	2	29	1.0000	21	1	0.0476
main	excl_pollute30	2	64	2	30	1.0000	8	1	0.1250
main	excl_pollute30	2	64	2	31	1.0000	17	1	0.0588
main	excl_pollute30	2	64	2	32	1.0000	22	1	0.0455
main	excl_pollute30	2	64	2	33	1.0000	23	1	0.0435
main	excl_pollute30	2	64	2	34	1.0000	16	1	0.0625
main	excl_pollute30	2	64	2	35	1.0000	23	1	0.0435
main	excl_pollute30	2	64	2	36	1.0000	16	1	0.0625
main	excl_pollute30	2	64	2	37	1.0000	23	1	0.0435
main	excl_pollute30	2	64	2	38	1.0000	3	1	0.3333
main	excl_pollute30	2	64	2	39	1.0000	8	1	0.1250
main	excl_pollute30	2	64	2	40	1.0000	17	1	0.0588
main	excl_pollute30	2	64	2	41	1.0000	22	1	0.0455
main	excl_pollute30	2	64	2	42	1.0000	8	1	0.1250
main	excl_pollute30	2	64	2	43	1.0000	17	1	0.0588
main	excl_pollute30	2	64	2	44	1.0000	22	1	0.0455
main	excl_pollute30	2	64	2	45	1.0000	8	1	0.1250
main	excl_pollute30	2	64	2	46	1.0000	18	1	0.0556
main	excl_pollute30	2	64	2	47	1.0000	22	1	0.0455
main	excl_pollute30	2	64	2	48	1.0000	3	1	0.3333
main	excl_pollute30	2	64	2	49	1.0000	3	1	0.3333
main	excl_pollute30	2	64	2	50	1.0000	8	1	0.1250
main	excl_pollute30	2	64	2	51	1.0000	18	1	0.0556
main	excl_pollute30	2	64	2	52	1.0000	23	1	0.0435
main	excl_pollute30	3	64	2	0	1.0000	11	1	0.0909
main	excl_pollute30	3	64	2	1	1.0000	10	1	0.1000
main	excl_pollute30	3	64	2	2	1.0000	3	1	0.3333
main	excl_pollute30	3	64	2	3	1.0000	3	1	0.3333
main	excl_pollute30	3	64	2	4	1.0000	3	1	0.3333
main	excl_pollute30	3	64	2	5	1.0000	35	1	0.0286
main	excl_pollute30	3	64	2	6	1.0000	36	1	0.0278
main	excl_pollute30	3	64	2	7	1.0000	3	1	0.3333
main	excl_pollute30	3	64	2	8	1.0000	34	1	0.0294
main	excl_pollute30	3	64	2	9	1.0000	34	1	0.0294
main	excl_pollute30	3	64	2	10	1.0000	3	1	0.3333
main	excl_pollute30	3	64	2	11	1.0000	3	1	0.3333
main	excl_pollute30	3	64	2	12	1.0000	3	1	0.3333
main	excl_pollute30	3	64	2	13	1.0000	36	1	0.0278
main	excl_pollute30	3	64	2	14	1.0000	35	1	0.0286
main	excl_pollute30	3	64	2	15	1.0000	36	1	0.0278
main	excl_pollute30	3	64	2	16	1.0000	3	1	0.3333
main	excl_pollute30	3	64	2	17	1.0000	10	1	0.1000
main	excl_pollute30	3	64	2	18	1.0000	11	1	0.0909
main	excl_pollute30	3	64	2	19	1.0000	11	1	0.0909
main	excl_pollute30	3	64	2	20	1.0000	11	1	0.0909
main	excl_pollute30	3	64	2	21	1.0000	3	1	0.3333
main	excl_pollute30	3	64	2	22	1.0000	3	1	0.3333
main	excl_pollute30	3	64	2	23	1.0000	3	1	0.3333
main	excl_pollute30	3	64	2	24	1.0000	22	1	0.0455
main	excl_pollute30	3	64	2	25	1.0000	15	1	0.0667
main	excl_pollute30	3	64	2	26	1.0000	3	1	0.3333
main	excl_pollute30	3	64	2	27	1.0000	3	1	0.3333
main	excl_pollute30	3	64	2	28	1.0000	22	1	0.0455
main	excl_pollute30	3	64	2	29	1.0000	15	1	0.0667
main	excl_pollute30	3	64	2	30	1.0000	3	1	0.3333
main	excl_pollute30	3	64	2	31	1.0000	23	1	0.0435
main	excl_pollute30	3	64	2	32	1.0000	23	1	0.0435
main	excl_pollute30	3	64	2	33	1.0000	16	1	0.0625
main	excl_pollute30	3	64	2	34	1.0000	23	1	0.0435
main	excl_pollute30	3	64	2	35	1.0000	16	1	0.0625
main	excl_pollute30	3	64	2	36	1.0000	23	1	0.0435
main	excl_pollute30	3	64	2	37	1.0000	17	1	0.0588
main	excl_pollute30	3	64	2	38	1.0000	3	1	0.3333
main	excl_pollute30	3	64	2	39	1.0000	3	1	0.3333
main	excl_pollute30	3	64	2	40	1.0000	23	1	0.0435
main	excl_pollute30	3	64	2	41	1.0000	16	1	0.0625
main	excl_pollute30	3	64	2	42	1.0000	3	1	0.3333
main	excl_pollute30	3	64	2	43	1.0000	23	1	0.0435
main	excl_pollute30	3	64	2	44	1.0000	17	1	0.0588
main	excl_pollute30	3	64	2	45	1.0000	3	1	0.3333
main	excl_pollute30	3	64	2	46	1.0000	24	1	0.0417
main	excl_pollute30	3	64	2	47	1.0000	17	1	0.0588
main	excl_pollute30	3	64	2	48	1.0000	3	1	0.3333
main	excl_pollute30	3	64	2	49	1.0000	3	1	0.3333
main	excl_pollute30	3	64	2	50	1.0000	3	1	0.3333
main	excl_pollute30	3	64	2	51	1.0000	24	1	0.0417
main	excl_pollute30	3	64	2	52	1.0000	18	1	0.0556
main	excl_pollute30	4	64	2	0	1.0000	8	1	0.1250
main	excl_pollute30	4	64	2	1	1.0000	4	1	0.2500
main	excl_pollute30	4	64	2	2	1.0000	2	1	0.5000
main	excl_pollute30	4	64	2	3	1.0000	2	1	0.5000
main	excl_pollute30	4	64	2	4	1.0000	2	1	0.5000
main	excl_pollute30	4	64	2	5	1.0000	18	1	0.0556
main	excl_pollute30	4	64	2	6	1.0000	18	1	0.0556
main	excl_pollute30	4	64	2	7	1.0000	2	1	0.5000
main	excl_pollute30	4	64	2	8	1.0000	17	1	0.0588
main	excl_pollute30	4	64	2	9	1.0000	17	1	0.0588
main	excl_pollute30	4	64	2	10	1.0000	2	1	0.5000
main	excl_pollute30	4	64	2	11	1.0000	2	1	0.5000
main	excl_pollute30	4	64	2	12	1.0000	2	1	0.5000
main	excl_pollute30	4	64	2	13	1.0000	18	1	0.0556
main	excl_pollute30	4	64	2	14	1.0000	24	1	0.0417
main	excl_pollute30	4	64	2	15	1.0000	18	1	0.0556
main	excl_pollute30	4	64	2	16	1.0000	2	1	0.5000
main	excl_pollute30	4	64	2	17	1.0000	4	1	0.2500
main	excl_pollute30	4	64	2	18	1.0000	24	1	0.0417
main	excl_pollute30	4	64	2	19	1.0000	25	1	0.0400
main	excl_pollute30	4	64	2	20	1.0000	24	1	0.0417
main	excl_pollute30	4	64	2	21	1.0000	2	1	0.5000
main	excl_pollute30	4	64	2	22	1.0000	2	1	0.5000
main	excl_pollute30	4	64	2	23	1.0000	2	1	0.5000
main	excl_pollute30	4	64	2	24	1.0000	18	1	0.0556
main	excl_pollute30	4	64	2	25	1.0000	7	1	0.1429
main	excl_pollute30	4	64	2	26	1.0000	2	1	0.5000
main	excl_pollute30	4	64	2	27	1.0000	2	1	0.5000
main	excl_pollute30	4	64	2	28	1.0000	18	1	0.0556
main	excl_pollute30	4	64	2	29	1.0000	8	1	0.1250
main	excl_pollute30	4	64	2	30	1.0000	2	1	0.5000
main	excl_pollute30	4	64	2	31	1.0000	18	1	0.0556
main	excl_pollute30	4	64	2	32	1.0000	19	1	0.0526
main	excl_pollute30	4	64	2	33	1.0000	8	1	0.1250
main	excl_pollute30	4	64	2	34	1.0000	19	1	0.0526
main	excl_pollute30	4	64	2	35	1.0000	8	1	0.1250
main	excl_pollute30	4	64	2	36	1.0000	19	1	0.0526
main	excl_pollute30	4	64	2	37	1.0000	8	1	0.1250
main	excl_pollute30	4	64	2	38	1.0000	2	1	0.5000
main	excl_pollute30	4	64	2	39	1.0000	2	1	0.5000
main	excl_pollute30	4	64	2	40	1.0000	19	1	0.0526
main	excl_pollute30	4	64	2	41	1.0000	9	1	0.1111
main	excl_pollute30	4	64	2	42	1.0000	2	1	0.5000
main	excl_pollute30	4	64	2	43	1.0000	19	1	0.0526
main	excl_pollute30	4	64	2	44	1.0000	9	1	0.1111
main	excl_pollute30	4	64	2	45	1.0000	2	1	0.5000
main	excl_pollute30	4	64	2	46	1.0000	19	1	0.0526
main	excl_pollute30	4	64	2	47	1.0000	9	1	0.1111
main	excl_pollute30	4	64	2	48	1.0000	2	1	0.5000
main	excl_pollute30	4	64	2	49	1.0000	2	1	0.5000
main	excl_pollute30	4	64	2	50	1.0000	1	1	1.0000
main	excl_pollute30	4	64	2	51	1.0000	19	1	0.0526
main	excl_pollute30	4	64	2	52	1.0000	9	1	0.1111
main	excl_pollute30	5	64	2	0	1.0000	8	1	0.1250
main	excl_pollute30	5	64	2	1	1.0000	3	1	0.3333
main	excl_pollute30	5	64	2	2	1.0000	2	1	0.5000
main	excl_pollute30	5	64	2	3	1.0000	2	1	0.5000
main	excl_pollute30	5	64	2	4	1.0000	3	1	0.3333
main	excl_pollute30	5	64	2	5	1.0000	24	1	0.0417
main	excl_pollute30	5	64	2	6	1.0000	23	1	0.0435
main	excl_pollute30	5	64	2	7	1.0000	3	1	0.3333
main	excl_pollute30	5	64	2	8	1.0000	25	1	0.0400
main	excl_pollute30	5	64	2	9	1.0000	26	1	0.0385
main	excl_pollute30	5	64	2	10	1.0000	2	1	0.5000
main	excl_pollute30	5	64	2	11	1.0000	2	1	0.5000
main	excl_pollute30	5	64	2	12	1.0000	3	1	0.3333
main	excl_pollute30	5	64	2	13	1.0000	24	1	0.0417
main	excl_pollute30	5	64	2	14	1.0000	24	1	0.0417
main	excl_pollute30	5	64	2	15	1.0000	24	1	0.0417
main	excl_pollute30	5	64	2	16	1.0000	3	1	0.3333
main	excl_pollute30	5	64	2	17	1.0000	3	1	0.3333
main	excl_pollute30	5	64	2	18	1.0000	8	1	0.1250
main	excl_pollute30	5	64	2	19	1.0000	8	1	0.1250
main	excl_pollute30	5	64	2	20	1.0000	8	1	0.1250
main	excl_pollute30	5	64	2	21	1.0000	2	1	0.5000
main	excl_pollute30	5	64	2	22	1.0000	2	1	0.5000
main	excl_pollute30	5	64	2	23	1.0000	3	1	0.3333
main	excl_pollute30	5	64	2	24	1.0000	8	1	0.1250
main	excl_pollute30	5	64	2	25	1.0000	12	1	0.0833
main	excl_pollute30	5	64	2	26	1.0000	2	1	0.5000
main	excl_pollute30	5	64	2	27	1.0000	3	1	0.3333
main	excl_pollute30	5	64	2	28	1.0000	8	1	0.1250
main	excl_pollute30	5	64	2	29	1.0000	13	1	0.0769
main	excl_pollute30	5	64	2	30	1.0000	3	1	0.3333
main	excl_pollute30	5	64	2	31	1.0000	8	1	0.1250
main	excl_pollute30	5	64	2	32	1.0000	13	1	0.0769
main	excl_pollute30	5	64	2	33	1.0000	13	1	0.0769
main	excl_pollute30	5	64	2	34	1.0000	8	1	0.1250
main	excl_pollute30	5	64	2	35	1.0000	13	1	0.0769
main	excl_pollute30	5	64	2	36	1.0000	8	1	0.1250
main	excl_pollute30	5	64	2	37	1.0000	13	1	0.0769
main	excl_pollute30	5	64	2	38	1.0000	2	1	0.5000
main	excl_pollute30	5	64	2	39	1.0000	3	1	0.3333
main	excl_pollute30	5	64	2	40	1.0000	8	1	0.1250
main	excl_pollute30	5	64	2	41	1.0000	13	1	0.0769
main	excl_pollute30	5	64	2	42	1.0000	3	1	0.3333
main	excl_pollute30	5	64	2	43	1.0000	8	1	0.1250
main	excl_pollute30	5	64	2	44	1.0000	13	1	0.0769
main	excl_pollute30	5	64	2	45	1.0000	3	1	0.3333
main	excl_pollute30	5	64	2	46	1.0000	8	1	0.1250
main	excl_pollute30	5	64	2	47	1.0000	13	1	0.0769
main	excl_pollute30	5	64	2	48	1.0000	2	1	0.5000
main	excl_pollute30	5	64	2	49	1.0000	2	1	0.5000
main	excl_pollute30	5	64	2	50	1.0000	3	1	0.3333
main	excl_pollute30	5	64	2	51	1.0000	8	1	0.1250
main	excl_pollute30	5	64	2	52	1.0000	14	1	0.0714
main	excl_pollute30	6	64	2	0	1.0000	15	1	0.0667
main	excl_pollute30	6	64	2	1	1.0000	13	1	0.0769
main	excl_pollute30	6	64	2	2	1.0000	1	1	1.0000
main	excl_pollute30	6	64	2	3	1.0000	1	1	1.0000
main	excl_pollute30	6	64	2	4	1.0000	14	1	0.0714
main	excl_pollute30	6	64	2	5	1.0000	40	1	0.0250
main	excl_pollute30	6	64	2	6	1.0000	41	1	0.0244
main	excl_pollute30	6	64	2	7	1.0000	14	1	0.0714
main	excl_pollute30	6	64	2	8	1.0000	38	1	0.0263
main	excl_pollute30	6	64	2	9	1.0000	38	1	0.0263
main	excl_pollute30	6	64	2	10	1.0000	1	1	1.0000
main	excl_pollute30	6	64	2	11	1.0000	1	1	1.0000
main	excl_pollute30	6	64	2	12	1.0000	15	1	0.0667
main	excl_pollute30	6	64	2	13	1.0000	41	1	0.0244
main	excl_pollute30	6	64	2	14	1.0000	40	1	0.0250
main	excl_pollute30	6	64	2	15	1.0000	41	1	0.0244
main	excl_pollute30	6	64	2	16	1.0000	14	1	0.0714
main	excl_pollute30	6	64	2	17	1.0000	15	1	0.0667
main	excl_pollute30	6	64	2	18	1.0000	22	1	0.0455
main	excl_pollute30	6	64	2	19	1.0000	24	1	0.0417
main	excl_pollute30	6	64	2	20	1.0000	23	1	0.0435
main	excl_pollute30	6	64	2	21	1.0000	1	1	1.0000
main	excl_pollute30	6	64	2	22	1.0000	1	1	1.0000
main	excl_pollute30	6	64	2	23	1.0000	13	1	0.0769
main	excl_pollute30	6	64	2	24	1.0000	26	1	0.0385
main	excl_pollute30	6	64	2	25	1.0000	12	1	0.0833
main	excl_pollute30	6	64	2	26	1.0000	1	1	1.0000
main	excl_pollute30	6	64	2	27	1.0000	14	1	0.0714
main	excl_pollute30	6	64	2	28	1.0000	27	1	0.0370
main	excl_pollute30	6	64	2	29	1.0000	13	1	0.0769
main	excl_pollute30	6	64	2	30	1.0000	14	1	0.0714
main	excl_pollute30	6	64	2	31	1.0000	27	1	0.0370
main	excl_pollute30	6	64	2	32	1.0000	27	1	0.0370
main	excl_pollute30	6	64	2	33	1.0000	14	1	0.0714
main	excl_pollute30	6	64	2	34	1.0000	27	1	0.0370
main	excl_pollute30	6	64	2	35	1.0000	14	1	0.0714
main	excl_pollute30	6	64	2	36	1.0000	27	1	0.0370
main	excl_pollute30	6	64	2	37	1.0000	13	1	0.0769
main	excl_pollute30	6	64	2	38	1.0000	1	1	1.0000
main	excl_pollute30	6	64	2	39	1.0000	14	1	0.0714
main	excl_pollute30	6	64	2	40	1.0000	28	1	0.0357
main	excl_pollute30	6	64	2	41	1.0000	14	1	0.0714
main	excl_pollute30	6	64	2	42	1.0000	14	1	0.0714
main	excl_pollute30	6	64	2	43	1.0000	28	1	0.0357
main	excl_pollute30	6	64	2	44	1.0000	14	1	0.0714
main	excl_pollute30	6	64	2	45	1.0000	14	1	0.0714
main	excl_pollute30	6	64	2	46	1.0000	28	1	0.0357
main	excl_pollute30	6	64	2	47	1.0000	15	1	0.0667
main	excl_pollute30	6	64	2	48	1.0000	1	1	1.0000
main	excl_pollute30	6	64	2	49	1.0000	1	1	1.0000
main	excl_pollute30	6	64	2	50	1.0000	15	1	0.0667
main	excl_pollute30	6	64	2	51	1.0000	28	1	0.0357
main	excl_pollute30	6	64	2	52	1.0000	15	1	0.0667
main	excl_pollute30	7	64	2	0	1.0000	16	1	0.0625
main	excl_pollute30	7	64	2	1	1.0000	13	1	0.0769
main	excl_pollute30	7	64	2	2	1.0000	2	1	0.5000
main	excl_pollute30	7	64	2	3	1.0000	2	1	0.5000
main	excl_pollute30	7	64	2	4	1.0000	8	1	0.1250
main	excl_pollute30	7	64	2	5	1.0000	23	1	0.0435
main	excl_pollute30	7	64	2	6	1.0000	22	1	0.0455
main	excl_pollute30	7	64	2	7	1.0000	8	1	0.1250
main	excl_pollute30	7	64	2	8	1.0000	23	1	0.0435
main	excl_pollute30	7	64	2	9	1.0000	23	1	0.0435
main	excl_pollute30	7	64	2	10	1.0000	2	1	0.5000
main	excl_pollute30	7	64	2	11	1.0000	2	1	0.5000
main	excl_pollute30	7	64	2	12	1.0000	8	1	0.1250
main	excl_pollute30	7	64	2	13	1.0000	23	1	0.0435
main	excl_pollute30	7	64	2	14	1.0000	23	1	0.0435
main	excl_pollute30	7	64	2	15	1.0000	23	1	0.0435
main	excl_pollute30	7	64	2	16	1.0000	8	1	0.1250
main	excl_pollute30	7	64	2	17	1.0000	13	1	0.0769
main	excl_pollute30	7	64	2	18	1.0000	13	1	0.0769
main	excl_pollute30	7	64	2	19	1.0000	13	1	0.0769
main	excl_pollute30	7	64	2	20	1.0000	11	1	0.0909
main	excl_pollute30	7	64	2	21	1.0000	2	1	0.5000
main	excl_pollute30	7	64	2	22	1.0000	2	1	0.5000
main	excl_pollute30	7	64	2	23	1.0000	8	1	0.1250
main	excl_pollute30	7	64	2	24	1.0000	15	1	0.0667
main	excl_pollute30	7	64	2	25	1.0000	21	1	0.0476
main	excl_pollute30	7	64	2	26	1.0000	2	1	0.5000
main	excl_pollute30	7	64	2	27	1.0000	8	1	0.1250
main	excl_pollute30	7	64	2	28	1.0000	16	1	0.0625
main	excl_pollute30	7	64	2	29	1.0000	21	1	0.0476
main	excl_pollute30	7	64	2	30	1.0000	8	1	0.1250
main	excl_pollute30	7	64	2	31	1.0000	16	1	0.0625
main	excl_pollute30	7	64	2	32	1.0000	21	1	0.0476
main	excl_pollute30	7	64	2	33	1.0000	21	1	0.0476
main	excl_pollute30	7	64	2	34	1.0000	16	1	0.0625
main	excl_pollute30	7	64	2	35	1.0000	21	1	0.0476
main	excl_pollute30	7	64	2	36	1.0000	16	1	0.0625
main	excl_pollute30	7	64	2	37	1.0000	21	1	0.0476
main	excl_pollute30	7	64	2	38	1.0000	2	1	0.5000
main	excl_pollute30	7	64	2	39	1.0000	8	1	0.1250
main	excl_pollute30	7	64	2	40	1.0000	16	1	0.0625
main	excl_pollute30	7	64	2	41	1.0000	21	1	0.0476
main	excl_pollute30	7	64	2	42	1.0000	8	1	0.1250
main	excl_pollute30	7	64	2	43	1.0000	16	1	0.0625
main	excl_pollute30	7	64	2	44	1.0000	21	1	0.0476
main	excl_pollute30	7	64	2	45	1.0000	8	1	0.1250
main	excl_pollute30	7	64	2	46	1.0000	16	1	0.0625
main	excl_pollute30	7	64	2	47	1.0000	21	1	0.0476
main	excl_pollute30	7	64	2	48	1.0000	2	1	0.5000
main	excl_pollute30	7	64	2	49	1.0000	2	1	0.5000
main	excl_pollute30	7	64	2	50	1.0000	8	1	0.1250
main	excl_pollute30	7	64	2	51	1.0000	16	1	0.0625
main	excl_pollute30	7	64	2	52	1.0000	21	1	0.0476
main	excl_pollute30	8	64	2	0	1.0000	10	1	0.1000
main	excl_pollute30	8	64	2	1	1.0000	5	1	0.2000
main	excl_pollute30	8	64	2	2	1.0000	3	1	0.3333
main	excl_pollute30	8	64	2	3	1.0000	3	1	0.3333
main	excl_pollute30	8	64	2	4	1.0000	9	1	0.1111
main	excl_pollute30	8	64	2	5	1.0000	27	1	0.0370
main	excl_pollute30	8	64	2	6	1.0000	28	1	0.0357
main	excl_pollute30	8	64	2	7	1.0000	9	1	0.1111
main	excl_pollute30	8	64	2	8	1.0000	26	1	0.0385
main	excl_pollute30	8	64	2	9	1.0000	26	1	0.0385
main	excl_pollute30	8	64	2	10	1.0000	3	1	0.3333
main	excl_pollute30	8	64	2	11	1.0000	3	1	0.3333
main	excl_pollute30	8	64	2	12	1.0000	9	1	0.1111
main	excl_pollute30	8	64	2	13	1.0000	28	1	0.0357
main	excl_pollute30	8	64	2	14	1.0000	27	1	0.0370
main	excl_pollute30	8	64	2	15	1.0000	27	1	0.0370
main	excl_pollute30	8	64	2	16	1.0000	9	1	0.1111
main	excl_pollute30	8	64	2	17	1.0000	9	1	0.1111
main	excl_pollute30	8	64	2	18	1.0000	9	1	0.1111
main	excl_pollute30	8	64	2	19	1.0000	8	1	0.1250
main	excl_pollute30	8	64	2	20	1.0000	8	1	0.1250
main	excl_pollute30	8	64	2	21	1.0000	3	1	0.3333
main	excl_pollute30	8	64	2	22	1.0000	3	1	0.3333
main	excl_pollute30	8	64	2	23	1.0000	8	1	0.1250
main	excl_pollute30	8	64	2	24	1.0000	18	1	0.0556
main	excl_pollute30	8	64	2	25	1.0000	14	1	0.0714
main	excl_pollute30	8	64	2	26	1.0000	3	1	0.3333
main	excl_pollute30	8	64	2	27	1.0000	8	1	0.1250
main	excl_pollute30	8	64	2	28	1.0000	19	1	0.0526
main	excl_pollute30	8	64	2	29	1.0000	14	1	0.0714
main	excl_pollute30	8	64	2	30	1.0000	8	1	0.1250
main	excl_pollute30	8	64	2	31	1.0000	19	1	0.0526
main	excl_pollute30	8	64	2	32	1.0000	19	1	0.0526
main	excl_pollute30	8	64	2	33	1.0000	14	1	0.0714
main	excl_pollute30	8	64	2	34	1.0000	19	1	0.0526
main	excl_pollute30	8	64	2	35	1.0000	14	1	0.0714
main	excl_pollute30	8	64	2	36	1.0000	19	1	0.0526
main	excl_pollute30	8	64	2	37	1.0000	14	1	0.0714
main	excl_pollute30	8	64	2	38	1.0000	3	1	0.3333
main	excl_pollute30	8	64	2	39	1.0000	8	1	0.1250
main	excl_pollute30	8	64	2	40	1.0000	20	1	0.0500
main	excl_pollute30	8	64	2	41	1.0000	14	1	0.0714
main	excl_pollute30	8	64	2	42	1.0000	9	1	0.1111
main	excl_pollute30	8	64	2	43	1.0000	20	1	0.0500
main	excl_pollute30	8	64	2	44	1.0000	14	1	0.0714
main	excl_pollute30	8	64	2	45	1.0000	9	1	0.1111
main	excl_pollute30	8	64	2	46	1.0000	20	1	0.0500
main	excl_pollute30	8	64	2	47	1.0000	14	1	0.0714
main	excl_pollute30	8	64	2	48	1.0000	3	1	0.3333
main	excl_pollute30	8	64	2	49	1.0000	3	1	0.3333
main	excl_pollute30	8	64	2	50	1.0000	9	1	0.1111
main	excl_pollute30	8	64	2	51	1.0000	21	1	0.0476
main	excl_pollute30	8	64	2	52	1.0000	14	1	0.0714
main	excl_pollute30	9	64	2	0	1.0000	4	1	0.2500
main	excl_pollute30	9	64	2	1	1.0000	10	1	0.1000
main	excl_pollute30	9	64	2	2	1.0000	2	1	0.5000
main	excl_pollute30	9	64	2	3	1.0000	2	1	0.5000
main	excl_pollute30	9	64	2	4	1.0000	8	1	0.1250
main	excl_pollute30	9	64	2	5	1.0000	18	1	0.0556
main	excl_pollute30	9	64	2	6	1.0000	18	1	0.0556
main	excl_pollute30	9	64	2	7	1.0000	8	1	0.1250
main	excl_pollute30	9	64	2	8	1.0000	17	1	0.0588
main	excl_pollute30	9	64	2	9	1.0000	17	1	0.0588
main	excl_pollute30	9	64	2	10	1.0000	2	1	0.5000
main	excl_pollute30	9	64	2	11	1.0000	2	1	0.5000
main	excl_pollute30	9	64	2	12	1.0000	9	1	0.1111
main	excl_pollute30	9	64	2	13	1.0000	18	1	0.0556
main	excl_pollute30	9	64	2	14	1.0000	18	1	0.0556
main	excl_pollute30	9	64	2	15	1.0000	18	1	0.0556
main	excl_pollute30	9	64	2	16	1.0000	8	1	0.1250
main	excl_pollute30	9	64	2	17	1.0000	9	1	0.1111
main	excl_pollute30	9	64	2	18	1.0000	10	1	0.1000
main	excl_pollute30	9	64	2	19	1.0000	9	1	0.1111
main	excl_pollute30	9	64	2	20	1.0000	8	1	0.1250
main	excl_pollute30	9	64	2	21	1.0000	2	1	0.5000
main	excl_pollute30	9	64	2	22	1.0000	2	1	0.5000
main	excl_pollute30	9	64	2	23	1.0000	7	1	0.1429
main	excl_pollute30	9	64	2	24	1.0000	16	1	0.0625
main	excl_pollute30	9	64	2	25	1.0000	21	1	0.0476
main	excl_pollute30	9	64	2	26	1.0000	2	1	0.5000
main	excl_pollute30	9	64	2	27	1.0000	8	1	0.1250
main	excl_pollute30	9	64	2	28	1.0000	16	1	0.0625
main	excl_pollute30	9	64	2	29	1.0000	22	1	0.0455
main	excl_pollute30	9	64	2	30	1.0000	8	1	0.1250
main	excl_pollute30	9	64	2	31	1.0000	16	1	0.0625
main	excl_pollute30	9	64	2	32	1.0000	22	1	0.0455
main	excl_pollute30	9	64	2	33	1.0000	22	1	0.0455
main	excl_pollute30	9	64	2	34	1.0000	17	1	0.0588
main	excl_pollute30	9	64	2	35	1.0000	22	1	0.0455
main	excl_pollute30	9	64	2	36	1.0000	17	1	0.0588
main	excl_pollute30	9	64	2	37	1.0000	22	1	0.0455
main	excl_pollute30	9	64	2	38	1.0000	2	1	0.5000
main	excl_pollute30	9	64	2	39	1.0000	8	1	0.1250
main	excl_pollute30	9	64	2	40	1.0000	17	1	0.0588
main	excl_pollute30	9	64	2	41	1.0000	23	1	0.0435
main	excl_pollute30	9	64	2	42	1.0000	8	1	0.1250
main	excl_pollute30	9	64	2	43	1.0000	17	1	0.0588
main	excl_pollute30	9	64	2	44	1.0000	24	1	0.0417
main	excl_pollute30	9	64	2	45	1.0000	8	1	0.1250
main	excl_pollute30	9	64	2	46	1.0000	17	1	0.0588
main	excl_pollute30	9	64	2	47	1.0000	24	1	0.0417
main	excl_pollute30	9	64	2	48	1.0000	2	1	0.5000
main	excl_pollute30	9	64	2	49	1.0000	2	1	0.5000
main	excl_pollute30	9	64	2	50	1.0000	9	1	0.1111
main	excl_pollute30	9	64	2	51	1.0000	17	1	0.0588
main	excl_pollute30	9	64	2	52	1.0000	24	1	0.0417
main	canc_1side	0	64	2	0	1.0000	10	1	0.1000
main	canc_1side	0	64	2	1	1.0000	9	1	0.1111
main	canc_1side	0	64	2	2	1.0000	18	1	0.0556
main	canc_1side	0	64	2	3	1.0000	18	1	0.0556
main	canc_1side	0	64	2	4	1.0000	18	1	0.0556
main	canc_1side	0	64	2	5	1.0000	18	1	0.0556
main	canc_1side	0	64	2	6	1.0000	18	1	0.0556
main	canc_1side	0	64	2	7	1.0000	18	1	0.0556
main	canc_1side	0	64	2	8	1.0000	18	1	0.0556
main	canc_1side	0	64	2	9	1.0000	18	1	0.0556
main	canc_1side	0	64	2	10	1.0000	18	1	0.0556
main	canc_1side	0	64	2	11	1.0000	18	1	0.0556
main	canc_1side	0	64	2	12	1.0000	18	1	0.0556
main	canc_1side	0	64	2	13	1.0000	18	1	0.0556
main	canc_1side	0	64	2	14	1.0000	18	1	0.0556
main	canc_1side	0	64	2	15	1.0000	18	1	0.0556
main	canc_1side	0	64	2	16	1.0000	18	1	0.0556
main	canc_1side	0	64	2	17	1.0000	18	1	0.0556
main	canc_1side	0	64	2	18	1.0000	18	1	0.0556
main	canc_1side	0	64	2	19	1.0000	18	1	0.0556
main	canc_1side	0	64	2	20	1.0000	18	1	0.0556
main	canc_1side	0	64	2	21	1.0000	18	1	0.0556
main	canc_1side	0	64	2	22	1.0000	18	1	0.0556
main	canc_1side	0	64	2	23	1.0000	18	1	0.0556
main	canc_1side	0	64	2	24	1.0000	18	1	0.0556
main	canc_1side	0	64	2	25	1.0000	18	1	0.0556
main	canc_1side	0	64	2	26	1.0000	18	1	0.0556
main	canc_1side	0	64	2	27	1.0000	18	1	0.0556
main	canc_1side	0	64	2	28	1.0000	18	1	0.0556
main	canc_1side	0	64	2	29	1.0000	18	1	0.0556
main	canc_1side	0	64	2	30	1.0000	18	1	0.0556
main	canc_1side	0	64	2	31	1.0000	18	1	0.0556
main	canc_1side	0	64	2	32	1.0000	18	1	0.0556
main	canc_1side	0	64	2	33	1.0000	18	1	0.0556
main	canc_1side	0	64	2	34	1.0000	18	1	0.0556
main	canc_1side	0	64	2	35	1.0000	18	1	0.0556
main	canc_1side	0	64	2	36	1.0000	18	1	0.0556
main	canc_1side	0	64	2	37	1.0000	18	1	0.0556
main	canc_1side	0	64	2	38	1.0000	18	1	0.0556
main	canc_1side	0	64	2	39	1.0000	18	1	0.0556
main	canc_1side	0	64	2	40	1.0000	18	1	0.0556
main	canc_1side	0	64	2	41	1.0000	18	1	0.0556
main	canc_1side	0	64	2	42	1.0000	18	1	0.0556
main	canc_1side	0	64	2	43	1.0000	18	1	0.0556
main	canc_1side	0	64	2	44	1.0000	18	1	0.0556
main	canc_1side	0	64	2	45	1.0000	18	1	0.0556
main	canc_1side	0	64	2	46	1.0000	18	1	0.0556
main	canc_1side	0	64	2	47	1.0000	18	1	0.0556
main	canc_1side	0	64	2	48	1.0000	18	1	0.0556
main	canc_1side	0	64	2	49	1.0000	18	1	0.0556
main	canc_1side	0	64	2	50	1.0000	18	1	0.0556
main	canc_1side	0	64	2	51	1.0000	12	1	0.0833
main	canc_1side	0	64	2	52	1.0000	15	1	0.0667
main	canc_1side	1	64	2	0	1.0000	8	1	0.1250
main	canc_1side	1	64	2	1	1.0000	6	1	0.1667
main	canc_1side	1	64	2	2	1.0000	16	1	0.0625
main	canc_1side	1	64	2	3	1.0000	16	1	0.0625
main	canc_1side	1	64	2	4	1.0000	16	1	0.0625
main	canc_1side	1	64	2	5	1.0000	26	1	0.0385
main	canc_1side	1	64	2	6	1.0000	27	1	0.0370
main	canc_1side	1	64	2	7	1.0000	16	1	0.0625
main	canc_1side	1	64	2	8	1.0000	25	1	0.0400
main	canc_1side	1	64	2	9	1.0000	24	1	0.0417
main	canc_1side	1	64	2	10	1.0000	16	1	0.0625
main	canc_1side	1	64	2	11	1.0000	16	1	0.0625
main	canc_1side	1	64	2	12	1.0000	16	1	0.0625
main	canc_1side	1	64	2	13	1.0000	27	1	0.0370
main	canc_1side	1	64	2	14	1.0000	26	1	0.0385
main	canc_1side	1	64	2	15	1.0000	26	1	0.0385
main	canc_1side	1	64	2	16	1.0000	16	1	0.0625
main	canc_1side	1	64	2	17	1.0000	16	1	0.0625
main	canc_1side	1	64	2	18	1.0000	15	1	0.0667
main	canc_1side	1	64	2	19	1.0000	16	1	0.0625
main	canc_1side	1	64	2	20	1.0000	16	1	0.0625
main	canc_1side	1	64	2	21	1.0000	16	1	0.0625
main	canc_1side	1	64	2	22	1.0000	16	1	0.0625
main	canc_1side	1	64	2	23	1.0000	16	1	0.0625
main	canc_1side	1	64	2	24	1.0000	16	1	0.0625
main	canc_1side	1	64	2	25	1.0000	16	1	0.0625
main	canc_1side	1	64	2	26	1.0000	16	1	0.0625
main	canc_1side	1	64	2	27	1.0000	16	1	0.0625
main	canc_1side	1	64	2	28	1.0000	16	1	0.0625
main	canc_1side	1	64	2	29	1.0000	16	1	0.0625
main	canc_1side	1	64	2	30	1.0000	16	1	0.0625
main	canc_1side	1	64	2	31	1.0000	16	1	0.0625
main	canc_1side	1	64	2	32	1.0000	16	1	0.0625
main	canc_1side	1	64	2	33	1.0000	16	1	0.0625
main	canc_1side	1	64	2	34	1.0000	16	1	0.0625
main	canc_1side	1	64	2	35	1.0000	16	1	0.0625
main	canc_1side	1	64	2	36	1.0000	16	1	0.0625
main	canc_1side	1	64	2	37	1.0000	16	1	0.0625
main	canc_1side	1	64	2	38	1.0000	16	1	0.0625
main	canc_1side	1	64	2	39	1.0000	16	1	0.0625
main	canc_1side	1	64	2	40	1.0000	16	1	0.0625
main	canc_1side	1	64	2	41	1.0000	16	1	0.0625
main	canc_1side	1	64	2	42	1.0000	16	1	0.0625
main	canc_1side	1	64	2	43	1.0000	16	1	0.0625
main	canc_1side	1	64	2	44	1.0000	16	1	0.0625
main	canc_1side	1	64	2	45	1.0000	16	1	0.0625
main	canc_1side	1	64	2	46	1.0000	16	1	0.0625
main	canc_1side	1	64	2	47	1.0000	16	1	0.0625
main	canc_1side	1	64	2	48	1.0000	16	1	0.0625
main	canc_1side	1	64	2	49	1.0000	16	1	0.0625
main	canc_1side	1	64	2	50	1.0000	16	1	0.0625
main	canc_1side	1	64	2	51	1.0000	6	1	0.1667
main	canc_1side	1	64	2	52	1.0000	17	1	0.0588
main	canc_1side	2	64	2	0	1.0000	9	1	0.1111
main	canc_1side	2	64	2	1	1.0000	4	1	0.2500
main	canc_1side	2	64	2	2	1.0000	27	1	0.0370
main	canc_1side	2	64	2	3	1.0000	27	1	0.0370
main	canc_1side	2	64	2	4	1.0000	27	1	0.0370
main	canc_1side	2	64	2	5	1.0000	33	1	0.0303
main	canc_1side	2	64	2	6	1.0000	34	1	0.0294
main	canc_1side	2	64	2	7	1.0000	27	1	0.0370
main	canc_1side	2	64	2	8	1.0000	32	1	0.0312
main	canc_1side	2	64	2	9	1.0000	32	1	0.0312
main	canc_1side	2	64	2	10	1.0000	27	1	0.0370
main	canc_1side	2	64	2	11	1.0000	27	1	0.0370
main	canc_1side	2	64	2	12	1.0000	27	1	0.0370
main	canc_1side	2	64	2	13	1.0000	34	1	0.0294
main	canc_1side	2	64	2	14	1.0000	33	1	0.0303
main	canc_1side	2	64	2	15	1.0000	34	1	0.0294
main	canc_1side	2	64	2	16	1.0000	27	1	0.0370
main	canc_1side	2	64	2	17	1.0000	27	1	0.0370
main	canc_1side	2	64	2	18	1.0000	27	1	0.0370
main	canc_1side	2	64	2	19	1.0000	27	1	0.0370
main	canc_1side	2	64	2	20	1.0000	27	1	0.0370
main	canc_1side	2	64	2	21	1.0000	27	1	0.0370
main	canc_1side	2	64	2	22	1.0000	27	1	0.0370
main	canc_1side	2	64	2	23	1.0000	27	1	0.0370
main	canc_1side	2	64	2	24	1.0000	27	1	0.0370
main	canc_1side	2	64	2	25	1.0000	27	1	0.0370
main	canc_1side	2	64	2	26	1.0000	27	1	0.0370
main	canc_1side	2	64	2	27	1.0000	27	1	0.0370
main	canc_1side	2	64	2	28	1.0000	27	1	0.0370
main	canc_1side	2	64	2	29	1.0000	27	1	0.0370
main	canc_1side	2	64	2	30	1.0000	27	1	0.0370
main	canc_1side	2	64	2	31	1.0000	27	1	0.0370
main	canc_1side	2	64	2	32	1.0000	27	1	0.0370
main	canc_1side	2	64	2	33	1.0000	27	1	0.0370
main	canc_1side	2	64	2	34	1.0000	27	1	0.0370
main	canc_1side	2	64	2	35	1.0000	27	1	0.0370
main	canc_1side	2	64	2	36	1.0000	27	1	0.0370
main	canc_1side	2	64	2	37	1.0000	27	1	0.0370
main	canc_1side	2	64	2	38	1.0000	27	1	0.0370
main	canc_1side	2	64	2	39	1.0000	27	1	0.0370
main	canc_1side	2	64	2	40	1.0000	27	1	0.0370
main	canc_1side	2	64	2	41	1.0000	27	1	0.0370
main	canc_1side	2	64	2	42	1.0000	27	1	0.0370
main	canc_1side	2	64	2	43	1.0000	27	1	0.0370
main	canc_1side	2	64	2	44	1.0000	27	1	0.0370
main	canc_1side	2	64	2	45	1.0000	27	1	0.0370
main	canc_1side	2	64	2	46	1.0000	27	1	0.0370
main	canc_1side	2	64	2	47	1.0000	27	1	0.0370
main	canc_1side	2	64	2	48	1.0000	27	1	0.0370
main	canc_1side	2	64	2	49	1.0000	27	1	0.0370
main	canc_1side	2	64	2	50	1.0000	27	1	0.0370
main	canc_1side	2	64	2	51	1.0000	11	1	0.0909
main	canc_1side	2	64	2	52	1.0000	13	1	0.0769
main	canc_1side	3	64	2	0	1.0000	8	1	0.1250
main	canc_1side	3	64	2	1	1.0000	5	1	0.2000
main	canc_1side	3	64	2	2	1.0000	32	1	0.0312
main	canc_1side	3	64	2	3	1.0000	32	1	0.0312
main	canc_1side	3	64	2	4	1.0000	32	1	0.0312
main	canc_1side	3	64	2	5	1.0000	32	1	0.0312
main	canc_1side	3	64	2	6	1.0000	32	1	0.0312
main	canc_1side	3	64	2	7	1.0000	32	1	0.0312
main	canc_1side	3	64	2	8	1.0000	32	1	0.0312
main	canc_1side	3	64	2	9	1.0000	32	1	0.0312
main	canc_1side	3	64	2	10	1.0000	32	1	0.0312
main	canc_1side	3	64	2	11	1.0000	32	1	0.0312
main	canc_1side	3	64	2	12	1.0000	32	1	0.0312
main	canc_1side	3	64	2	13	1.0000	32	1	0.0312
main	canc_1side	3	64	2	14	1.0000	32	1	0.0312
main	canc_1side	3	64	2	15	1.0000	32	1	0.0312
main	canc_1side	3	64	2	16	1.0000	32	1	0.0312
main	canc_1side	3	64	2	17	1.0000	32	1	0.0312
main	canc_1side	3	64	2	18	1.0000	32	1	0.0312
main	canc_1side	3	64	2	19	1.0000	32	1	0.0312
main	canc_1side	3	64	2	20	1.0000	32	1	0.0312
main	canc_1side	3	64	2	21	1.0000	32	1	0.0312
main	canc_1side	3	64	2	22	1.0000	32	1	0.0312
main	canc_1side	3	64	2	23	1.0000	32	1	0.0312
main	canc_1side	3	64	2	24	1.0000	32	1	0.0312
main	canc_1side	3	64	2	25	1.0000	32	1	0.0312
main	canc_1side	3	64	2	26	1.0000	32	1	0.0312
main	canc_1side	3	64	2	27	1.0000	32	1	0.0312
main	canc_1side	3	64	2	28	1.0000	32	1	0.0312
main	canc_1side	3	64	2	29	1.0000	32	1	0.0312
main	canc_1side	3	64	2	30	1.0000	32	1	0.0312
main	canc_1side	3	64	2	31	1.0000	32	1	0.0312
main	canc_1side	3	64	2	32	1.0000	32	1	0.0312
main	canc_1side	3	64	2	33	1.0000	32	1	0.0312
main	canc_1side	3	64	2	34	1.0000	32	1	0.0312
main	canc_1side	3	64	2	35	1.0000	32	1	0.0312
main	canc_1side	3	64	2	36	1.0000	32	1	0.0312
main	canc_1side	3	64	2	37	1.0000	32	1	0.0312
main	canc_1side	3	64	2	38	1.0000	32	1	0.0312
main	canc_1side	3	64	2	39	1.0000	32	1	0.0312
main	canc_1side	3	64	2	40	1.0000	32	1	0.0312
main	canc_1side	3	64	2	41	1.0000	32	1	0.0312
main	canc_1side	3	64	2	42	1.0000	32	1	0.0312
main	canc_1side	3	64	2	43	1.0000	32	1	0.0312
main	canc_1side	3	64	2	44	1.0000	32	1	0.0312
main	canc_1side	3	64	2	45	1.0000	32	1	0.0312
main	canc_1side	3	64	2	46	1.0000	32	1	0.0312
main	canc_1side	3	64	2	47	1.0000	32	1	0.0312
main	canc_1side	3	64	2	48	1.0000	32	1	0.0312
main	canc_1side	3	64	2	49	1.0000	32	1	0.0312
main	canc_1side	3	64	2	50	1.0000	32	1	0.0312
main	canc_1side	3	64	2	51	1.0000	17	1	0.0588
main	canc_1side	3	64	2	52	1.0000	13	1	0.0769
main	canc_1side	4	64	2	0	1.0000	5	1	0.2000
main	canc_1side	4	64	2	1	1.0000	5	1	0.2000
main	canc_1side	4	64	2	2	1.0000	15	1	0.0667
main	canc_1side	4	64	2	3	1.0000	15	1	0.0667
main	canc_1side	4	64	2	4	1.0000	15	1	0.0667
main	canc_1side	4	64	2	5	1.0000	22	1	0.0455
main	canc_1side	4	64	2	6	1.0000	22	1	0.0455
main	canc_1side	4	64	2	7	1.0000	15	1	0.0667
main	canc_1side	4	64	2	8	1.0000	21	1	0.0476
main	canc_1side	4	64	2	9	1.0000	21	1	0.0476
main	canc_1side	4	64	2	10	1.0000	15	1	0.0667
main	canc_1side	4	64	2	11	1.0000	15	1	0.0667
main	canc_1side	4	64	2	12	1.0000	15	1	0.0667
main	canc_1side	4	64	2	13	1.0000	22	1	0.0455
main	canc_1side	4	64	2	14	1.0000	22	1	0.0455
main	canc_1side	4	64	2	15	1.0000	22	1	0.0455
main	canc_1side	4	64	2	16	1.0000	15	1	0.0667
main	canc_1side	4	64	2	17	1.0000	15	1	0.0667
main	canc_1side	4	64	2	18	1.0000	15	1	0.0667
main	canc_1side	4	64	2	19	1.0000	15	1	0.0667
main	canc_1side	4	64	2	20	1.0000	15	1	0.0667
main	canc_1side	4	64	2	21	1.0000	15	1	0.0667
main	canc_1side	4	64	2	22	1.0000	15	1	0.0667
main	canc_1side	4	64	2	23	1.0000	15	1	0.0667
main	canc_1side	4	64	2	24	1.0000	15	1	0.0667
main	canc_1side	4	64	2	25	1.0000	15	1	0.0667
main	canc_1side	4	64	2	26	1.0000	15	1	0.0667
main	canc_1side	4	64	2	27	1.0000	15	1	0.0667
main	canc_1side	4	64	2	28	1.0000	15	1	0.0667
main	canc_1side	4	64	2	29	1.0000	15	1	0.0667
main	canc_1side	4	64	2	30	1.0000	15	1	0.0667
main	canc_1side	4	64	2	31	1.0000	15	1	0.0667
main	canc_1side	4	64	2	32	1.0000	15	1	0.0667
main	canc_1side	4	64	2	33	1.0000	15	1	0.0667
main	canc_1side	4	64	2	34	1.0000	15	1	0.0667
main	canc_1side	4	64	2	35	1.0000	15	1	0.0667
main	canc_1side	4	64	2	36	1.0000	15	1	0.0667
main	canc_1side	4	64	2	37	1.0000	15	1	0.0667
main	canc_1side	4	64	2	38	1.0000	15	1	0.0667
main	canc_1side	4	64	2	39	1.0000	15	1	0.0667
main	canc_1side	4	64	2	40	1.0000	15	1	0.0667
main	canc_1side	4	64	2	41	1.0000	15	1	0.0667
main	canc_1side	4	64	2	42	1.0000	15	1	0.0667
main	canc_1side	4	64	2	43	1.0000	15	1	0.0667
main	canc_1side	4	64	2	44	1.0000	15	1	0.0667
main	canc_1side	4	64	2	45	1.0000	15	1	0.0667
main	canc_1side	4	64	2	46	1.0000	15	1	0.0667
main	canc_1side	4	64	2	47	1.0000	15	1	0.0667
main	canc_1side	4	64	2	48	1.0000	15	1	0.0667
main	canc_1side	4	64	2	49	1.0000	15	1	0.0667
main	canc_1side	4	64	2	50	1.0000	15	1	0.0667
main	canc_1side	4	64	2	51	1.0000	12	1	0.0833
main	canc_1side	4	64	2	52	1.0000	6	1	0.1667
main	canc_1side	5	64	2	0	1.0000	8	1	0.1250
main	canc_1side	5	64	2	1	1.0000	1	1	1.0000
main	canc_1side	5	64	2	2	1.0000	14	1	0.0714
main	canc_1side	5	64	2	3	1.0000	14	1	0.0714
main	canc_1side	5	64	2	4	1.0000	14	1	0.0714
main	canc_1side	5	64	2	5	1.0000	33	1	0.0303
main	canc_1side	5	64	2	6	1.0000	33	1	0.0303
main	canc_1side	5	64	2	7	1.0000	14	1	0.0714
main	canc_1side	5	64	2	8	1.0000	32	1	0.0312
main	canc_1side	5	64	2	9	1.0000	32	1	0.0312
main	canc_1side	5	64	2	10	1.0000	14	1	0.0714
main	canc_1side	5	64	2	11	1.0000	14	1	0.0714
main	canc_1side	5	64	2	12	1.0000	14	1	0.0714
main	canc_1side	5	64	2	13	1.0000	33	1	0.0303
main	canc_1side	5	64	2	14	1.0000	33	1	0.0303
main	canc_1side	5	64	2	15	1.0000	33	1	0.0303
main	canc_1side	5	64	2	16	1.0000	14	1	0.0714
main	canc_1side	5	64	2	17	1.0000	14	1	0.0714
main	canc_1side	5	64	2	18	1.0000	14	1	0.0714
main	canc_1side	5	64	2	19	1.0000	14	1	0.0714
main	canc_1side	5	64	2	20	1.0000	14	1	0.0714
main	canc_1side	5	64	2	21	1.0000	14	1	0.0714
main	canc_1side	5	64	2	22	1.0000	14	1	0.0714
main	canc_1side	5	64	2	23	1.0000	14	1	0.0714
main	canc_1side	5	64	2	24	1.0000	14	1	0.0714
main	canc_1side	5	64	2	25	1.0000	14	1	0.0714
main	canc_1side	5	64	2	26	1.0000	14	1	0.0714
main	canc_1side	5	64	2	27	1.0000	14	1	0.0714
main	canc_1side	5	64	2	28	1.0000	14	1	0.0714
main	canc_1side	5	64	2	29	1.0000	15	1	0.0667
main	canc_1side	5	64	2	30	1.0000	14	1	0.0714
main	canc_1side	5	64	2	31	1.0000	14	1	0.0714
main	canc_1side	5	64	2	32	1.0000	15	1	0.0667
main	canc_1side	5	64	2	33	1.0000	15	1	0.0667
main	canc_1side	5	64	2	34	1.0000	14	1	0.0714
main	canc_1side	5	64	2	35	1.0000	15	1	0.0667
main	canc_1side	5	64	2	36	1.0000	14	1	0.0714
main	canc_1side	5	64	2	37	1.0000	15	1	0.0667
main	canc_1side	5	64	2	38	1.0000	14	1	0.0714
main	canc_1side	5	64	2	39	1.0000	14	1	0.0714
main	canc_1side	5	64	2	40	1.0000	14	1	0.0714
main	canc_1side	5	64	2	41	1.0000	15	1	0.0667
main	canc_1side	5	64	2	42	1.0000	14	1	0.0714
main	canc_1side	5	64	2	43	1.0000	14	1	0.0714
main	canc_1side	5	64	2	44	1.0000	15	1	0.0667
main	canc_1side	5	64	2	45	1.0000	14	1	0.0714
main	canc_1side	5	64	2	46	1.0000	14	1	0.0714
main	canc_1side	5	64	2	47	1.0000	15	1	0.0667
main	canc_1side	5	64	2	48	1.0000	14	1	0.0714
main	canc_1side	5	64	2	49	1.0000	14	1	0.0714
main	canc_1side	5	64	2	50	1.0000	14	1	0.0714
main	canc_1side	5	64	2	51	1.0000	4	1	0.2500
main	canc_1side	5	64	2	52	1.0000	16	1	0.0625
main	canc_1side	6	64	2	0	1.0000	7	1	0.1429
main	canc_1side	6	64	2	1	1.0000	3	1	0.3333
main	canc_1side	6	64	2	2	1.0000	12	1	0.0833
main	canc_1side	6	64	2	3	1.0000	12	1	0.0833
main	canc_1side	6	64	2	4	1.0000	12	1	0.0833
main	canc_1side	6	64	2	5	1.0000	15	1	0.0667
main	canc_1side	6	64	2	6	1.0000	16	1	0.0625
main	canc_1side	6	64	2	7	1.0000	12	1	0.0833
main	canc_1side	6	64	2	8	1.0000	15	1	0.0667
main	canc_1side	6	64	2	9	1.0000	15	1	0.0667
main	canc_1side	6	64	2	10	1.0000	12	1	0.0833
main	canc_1side	6	64	2	11	1.0000	12	1	0.0833
main	canc_1side	6	64	2	12	1.0000	12	1	0.0833
main	canc_1side	6	64	2	13	1.0000	16	1	0.0625
main	canc_1side	6	64	2	14	1.0000	15	1	0.0667
main	canc_1side	6	64	2	15	1.0000	15	1	0.0667
main	canc_1side	6	64	2	16	1.0000	12	1	0.0833
main	canc_1side	6	64	2	17	1.0000	12	1	0.0833
main	canc_1side	6	64	2	18	1.0000	14	1	0.0714
main	canc_1side	6	64	2	19	1.0000	14	1	0.0714
main	canc_1side	6	64	2	20	1.0000	14	1	0.0714
main	canc_1side	6	64	2	21	1.0000	12	1	0.0833
main	canc_1side	6	64	2	22	1.0000	12	1	0.0833
main	canc_1side	6	64	2	23	1.0000	12	1	0.0833
main	canc_1side	6	64	2	24	1.0000	15	1	0.0667
main	canc_1side	6	64	2	25	1.0000	12	1	0.0833
main	canc_1side	6	64	2	26	1.0000	12	1	0.0833
main	canc_1side	6	64	2	27	1.0000	12	1	0.0833
main	canc_1side	6	64	2	28	1.0000	16	1	0.0625
main	canc_1side	6	64	2	29	1.0000	12	1	0.0833
main	canc_1side	6	64	2	30	1.0000	12	1	0.0833
main	canc_1side	6	64	2	31	1.0000	16	1	0.0625
main	canc_1side	6	64	2	32	1.0000	16	1	0.0625
main	canc_1side	6	64	2	33	1.0000	12	1	0.0833
main	canc_1side	6	64	2	34	1.0000	16	1	0.0625
main	canc_1side	6	64	2	35	1.0000	12	1	0.0833
main	canc_1side	6	64	2	36	1.0000	16	1	0.0625
main	canc_1side	6	64	2	37	1.0000	12	1	0.0833
main	canc_1side	6	64	2	38	1.0000	12	1	0.0833
main	canc_1side	6	64	2	39	1.0000	12	1	0.0833
main	canc_1side	6	64	2	40	1.0000	16	1	0.0625
main	canc_1side	6	64	2	41	1.0000	12	1	0.0833
main	canc_1side	6	64	2	42	1.0000	12	1	0.0833
main	canc_1side	6	64	2	43	1.0000	16	1	0.0625
main	canc_1side	6	64	2	44	1.0000	12	1	0.0833
main	canc_1side	6	64	2	45	1.0000	12	1	0.0833
main	canc_1side	6	64	2	46	1.0000	16	1	0.0625
main	canc_1side	6	64	2	47	1.0000	12	1	0.0833
main	canc_1side	6	64	2	48	1.0000	12	1	0.0833
main	canc_1side	6	64	2	49	1.0000	12	1	0.0833
main	canc_1side	6	64	2	50	1.0000	12	1	0.0833
main	canc_1side	6	64	2	51	1.0000	16	1	0.0625
main	canc_1side	6	64	2	52	1.0000	8	1	0.1250
main	canc_1side	7	64	2	0	1.0000	11	1	0.0909
main	canc_1side	7	64	2	1	1.0000	11	1	0.0909
main	canc_1side	7	64	2	2	1.0000	28	1	0.0357
main	canc_1side	7	64	2	3	1.0000	28	1	0.0357
main	canc_1side	7	64	2	4	1.0000	28	1	0.0357
main	canc_1side	7	64	2	5	1.0000	28	1	0.0357
main	canc_1side	7	64	2	6	1.0000	28	1	0.0357
main	canc_1side	7	64	2	7	1.0000	28	1	0.0357
main	canc_1side	7	64	2	8	1.0000	28	1	0.0357
main	canc_1side	7	64	2	9	1.0000	28	1	0.0357
main	canc_1side	7	64	2	10	1.0000	28	1	0.0357
main	canc_1side	7	64	2	11	1.0000	28	1	0.0357
main	canc_1side	7	64	2	12	1.0000	28	1	0.0357
main	canc_1side	7	64	2	13	1.0000	28	1	0.0357
main	canc_1side	7	64	2	14	1.0000	28	1	0.0357
main	canc_1side	7	64	2	15	1.0000	28	1	0.0357
main	canc_1side	7	64	2	16	1.0000	28	1	0.0357
main	canc_1side	7	64	2	17	1.0000	28	1	0.0357
main	canc_1side	7	64	2	18	1.0000	27	1	0.0370
main	canc_1side	7	64	2	19	1.0000	28	1	0.0357
main	canc_1side	7	64	2	20	1.0000	28	1	0.0357
main	canc_1side	7	64	2	21	1.0000	28	1	0.0357
main	canc_1side	7	64	2	22	1.0000	28	1	0.0357
main	canc_1side	7	64	2	23	1.0000	28	1	0.0357
main	canc_1side	7	64	2	24	1.0000	28	1	0.0357
main	canc_1side	7	64	2	25	1.0000	28	1	0.0357
main	canc_1side	7	64	2	26	1.0000	28	1	0.0357
main	canc_1side	7	64	2	27	1.0000	28	1	0.0357
main	canc_1side	7	64	2	28	1.0000	28	1	0.0357
main	canc_1side	7	64	2	29	1.0000	28	1	0.0357
main	canc_1side	7	64	2	30	1.0000	28	1	0.0357
main	canc_1side	7	64	2	31	1.0000	28	1	0.0357
main	canc_1side	7	64	2	32	1.0000	28	1	0.0357
main	canc_1side	7	64	2	33	1.0000	28	1	0.0357
main	canc_1side	7	64	2	34	1.0000	28	1	0.0357
main	canc_1side	7	64	2	35	1.0000	28	1	0.0357
main	canc_1side	7	64	2	36	1.0000	28	1	0.0357
main	canc_1side	7	64	2	37	1.0000	28	1	0.0357
main	canc_1side	7	64	2	38	1.0000	28	1	0.0357
main	canc_1side	7	64	2	39	1.0000	28	1	0.0357
main	canc_1side	7	64	2	40	1.0000	28	1	0.0357
main	canc_1side	7	64	2	41	1.0000	28	1	0.0357
main	canc_1side	7	64	2	42	1.0000	28	1	0.0357
main	canc_1side	7	64	2	43	1.0000	28	1	0.0357
main	canc_1side	7	64	2	44	1.0000	28	1	0.0357
main	canc_1side	7	64	2	45	1.0000	28	1	0.0357
main	canc_1side	7	64	2	46	1.0000	28	1	0.0357
main	canc_1side	7	64	2	47	1.0000	28	1	0.0357
main	canc_1side	7	64	2	48	1.0000	28	1	0.0357
main	canc_1side	7	64	2	49	1.0000	28	1	0.0357
main	canc_1side	7	64	2	50	1.0000	28	1	0.0357
main	canc_1side	7	64	2	51	1.0000	14	1	0.0714
main	canc_1side	7	64	2	52	1.0000	19	1	0.0526
main	canc_1side	8	64	2	0	1.0000	5	1	0.2000
main	canc_1side	8	64	2	1	1.0000	6	1	0.1667
main	canc_1side	8	64	2	2	1.0000	15	1	0.0667
main	canc_1side	8	64	2	3	1.0000	15	1	0.0667
main	canc_1side	8	64	2	4	1.0000	15	1	0.0667
main	canc_1side	8	64	2	5	1.0000	15	1	0.0667
main	canc_1side	8	64	2	6	1.0000	15	1	0.0667
main	canc_1side	8	64	2	7	1.0000	15	1	0.0667
main	canc_1side	8	64	2	8	1.0000	15	1	0.0667
main	canc_1side	8	64	2	9	1.0000	15	1	0.0667
main	canc_1side	8	64	2	10	1.0000	15	1	0.0667
main	canc_1side	8	64	2	11	1.0000	15	1	0.0667
main	canc_1side	8	64	2	12	1.0000	15	1	0.0667
main	canc_1side	8	64	2	13	1.0000	15	1	0.0667
main	canc_1side	8	64	2	14	1.0000	15	1	0.0667
main	canc_1side	8	64	2	15	1.0000	15	1	0.0667
main	canc_1side	8	64	2	16	1.0000	15	1	0.0667
main	canc_1side	8	64	2	17	1.0000	15	1	0.0667
main	canc_1side	8	64	2	18	1.0000	15	1	0.0667
main	canc_1side	8	64	2	19	1.0000	15	1	0.0667
main	canc_1side	8	64	2	20	1.0000	15	1	0.0667
main	canc_1side	8	64	2	21	1.0000	15	1	0.0667
main	canc_1side	8	64	2	22	1.0000	15	1	0.0667
main	canc_1side	8	64	2	23	1.0000	15	1	0.0667
main	canc_1side	8	64	2	24	1.0000	15	1	0.0667
main	canc_1side	8	64	2	25	1.0000	15	1	0.0667
main	canc_1side	8	64	2	26	1.0000	15	1	0.0667
main	canc_1side	8	64	2	27	1.0000	15	1	0.0667
main	canc_1side	8	64	2	28	1.0000	15	1	0.0667
main	canc_1side	8	64	2	29	1.0000	15	1	0.0667
main	canc_1side	8	64	2	30	1.0000	15	1	0.0667
main	canc_1side	8	64	2	31	1.0000	15	1	0.0667
main	canc_1side	8	64	2	32	1.0000	15	1	0.0667
main	canc_1side	8	64	2	33	1.0000	15	1	0.0667
main	canc_1side	8	64	2	34	1.0000	15	1	0.0667
main	canc_1side	8	64	2	35	1.0000	15	1	0.0667
main	canc_1side	8	64	2	36	1.0000	15	1	0.0667
main	canc_1side	8	64	2	37	1.0000	15	1	0.0667
main	canc_1side	8	64	2	38	1.0000	15	1	0.0667
main	canc_1side	8	64	2	39	1.0000	15	1	0.0667
main	canc_1side	8	64	2	40	1.0000	15	1	0.0667
main	canc_1side	8	64	2	41	1.0000	15	1	0.0667
main	canc_1side	8	64	2	42	1.0000	15	1	0.0667
main	canc_1side	8	64	2	43	1.0000	15	1	0.0667
main	canc_1side	8	64	2	44	1.0000	15	1	0.0667
main	canc_1side	8	64	2	45	1.0000	15	1	0.0667
main	canc_1side	8	64	2	46	1.0000	15	1	0.0667
main	canc_1side	8	64	2	47	1.0000	15	1	0.0667
main	canc_1side	8	64	2	48	1.0000	15	1	0.0667
main	canc_1side	8	64	2	49	1.0000	15	1	0.0667
main	canc_1side	8	64	2	50	1.0000	15	1	0.0667
main	canc_1side	8	64	2	51	1.0000	15	1	0.0667
main	canc_1side	8	64	2	52	1.0000	14	1	0.0714
main	canc_1side	9	64	2	0	1.0000	2	1	0.5000
main	canc_1side	9	64	2	1	1.0000	5	1	0.2000
main	canc_1side	9	64	2	2	1.0000	32	1	0.0312
main	canc_1side	9	64	2	3	1.0000	32	1	0.0312
main	canc_1side	9	64	2	4	1.0000	32	1	0.0312
main	canc_1side	9	64	2	5	1.0000	32	1	0.0312
main	canc_1side	9	64	2	6	1.0000	32	1	0.0312
main	canc_1side	9	64	2	7	1.0000	32	1	0.0312
main	canc_1side	9	64	2	8	1.0000	31	1	0.0323
main	canc_1side	9	64	2	9	1.0000	32	1	0.0312
main	canc_1side	9	64	2	10	1.0000	32	1	0.0312
main	canc_1side	9	64	2	11	1.0000	32	1	0.0312
main	canc_1side	9	64	2	12	1.0000	31	1	0.0323
main	canc_1side	9	64	2	13	1.0000	31	1	0.0323
main	canc_1side	9	64	2	14	1.0000	31	1	0.0323
main	canc_1side	9	64	2	15	1.0000	32	1	0.0312
main	canc_1side	9	64	2	16	1.0000	32	1	0.0312
main	canc_1side	9	64	2	17	1.0000	32	1	0.0312
main	canc_1side	9	64	2	18	1.0000	32	1	0.0312
main	canc_1side	9	64	2	19	1.0000	32	1	0.0312
main	canc_1side	9	64	2	20	1.0000	32	1	0.0312
main	canc_1side	9	64	2	21	1.0000	32	1	0.0312
main	canc_1side	9	64	2	22	1.0000	32	1	0.0312
main	canc_1side	9	64	2	23	1.0000	31	1	0.0323
main	canc_1side	9	64	2	24	1.0000	31	1	0.0323
main	canc_1side	9	64	2	25	1.0000	31	1	0.0323
main	canc_1side	9	64	2	26	1.0000	31	1	0.0323
main	canc_1side	9	64	2	27	1.0000	31	1	0.0323
main	canc_1side	9	64	2	28	1.0000	31	1	0.0323
main	canc_1side	9	64	2	29	1.0000	31	1	0.0323
main	canc_1side	9	64	2	30	1.0000	31	1	0.0323
main	canc_1side	9	64	2	31	1.0000	31	1	0.0323
main	canc_1side	9	64	2	32	1.0000	31	1	0.0323
main	canc_1side	9	64	2	33	1.0000	31	1	0.0323
main	canc_1side	9	64	2	34	1.0000	31	1	0.0323
main	canc_1side	9	64	2	35	1.0000	31	1	0.0323
main	canc_1side	9	64	2	36	1.0000	30	1	0.0333
main	canc_1side	9	64	2	37	1.0000	30	1	0.0333
main	canc_1side	9	64	2	38	1.0000	30	1	0.0333
main	canc_1side	9	64	2	39	1.0000	30	1	0.0333
main	canc_1side	9	64	2	40	1.0000	30	1	0.0333
main	canc_1side	9	64	2	41	1.0000	30	1	0.0333
main	canc_1side	9	64	2	42	1.0000	30	1	0.0333
main	canc_1side	9	64	2	43	1.0000	30	1	0.0333
main	canc_1side	9	64	2	44	1.0000	30	1	0.0333
main	canc_1side	9	64	2	45	1.0000	30	1	0.0333
main	canc_1side	9	64	2	46	1.0000	30	1	0.0333
main	canc_1side	9	64	2	47	1.0000	30	1	0.0333
main	canc_1side	9	64	2	48	1.0000	30	1	0.0333
main	canc_1side	9	64	2	49	1.0000	30	1	0.0333
main	canc_1side	9	64	2	50	1.0000	30	1	0.0333
main	canc_1side	9	64	2	51	1.0000	12	1	0.0833
main	canc_1side	9	64	2	52	1.0000	15	1	0.0667
main	canc_partial	0	64	2	0	1.0000	9	1	0.1111
main	canc_partial	0	64	2	1	1.0000	9	1	0.1111
main	canc_partial	0	64	2	2	1.0000	22	1	0.0455
main	canc_partial	0	64	2	3	1.0000	22	1	0.0455
main	canc_partial	0	64	2	4	1.0000	22	1	0.0455
main	canc_partial	0	64	2	5	1.0000	22	1	0.0455
main	canc_partial	0	64	2	6	1.0000	22	1	0.0455
main	canc_partial	0	64	2	7	1.0000	22	1	0.0455
main	canc_partial	0	64	2	8	1.0000	21	1	0.0476
main	canc_partial	0	64	2	9	1.0000	22	1	0.0455
main	canc_partial	0	64	2	10	1.0000	22	1	0.0455
main	canc_partial	0	64	2	11	1.0000	22	1	0.0455
main	canc_partial	0	64	2	12	1.0000	21	1	0.0476
main	canc_partial	0	64	2	13	1.0000	21	1	0.0476
main	canc_partial	0	64	2	14	1.0000	21	1	0.0476
main	canc_partial	0	64	2	15	1.0000	22	1	0.0455
main	canc_partial	0	64	2	16	1.0000	22	1	0.0455
main	canc_partial	0	64	2	17	1.0000	22	1	0.0455
main	canc_partial	0	64	2	18	1.0000	22	1	0.0455
main	canc_partial	0	64	2	19	1.0000	22	1	0.0455
main	canc_partial	0	64	2	20	1.0000	22	1	0.0455
main	canc_partial	0	64	2	21	1.0000	22	1	0.0455
main	canc_partial	0	64	2	22	1.0000	22	1	0.0455
main	canc_partial	0	64	2	23	1.0000	22	1	0.0455
main	canc_partial	0	64	2	24	1.0000	22	1	0.0455
main	canc_partial	0	64	2	25	1.0000	22	1	0.0455
main	canc_partial	0	64	2	26	1.0000	22	1	0.0455
main	canc_partial	0	64	2	27	1.0000	22	1	0.0455
main	canc_partial	0	64	2	28	1.0000	22	1	0.0455
main	canc_partial	0	64	2	29	1.0000	22	1	0.0455
main	canc_partial	0	64	2	30	1.0000	22	1	0.0455
main	canc_partial	0	64	2	31	1.0000	21	1	0.0476
main	canc_partial	0	64	2	32	1.0000	21	1	0.0476
main	canc_partial	0	64	2	33	1.0000	21	1	0.0476
main	canc_partial	0	64	2	34	1.0000	21	1	0.0476
main	canc_partial	0	64	2	35	1.0000	21	1	0.0476
main	canc_partial	0	64	2	36	1.0000	21	1	0.0476
main	canc_partial	0	64	2	37	1.0000	21	1	0.0476
main	canc_partial	0	64	2	38	1.0000	21	1	0.0476
main	canc_partial	0	64	2	39	1.0000	21	1	0.0476
main	canc_partial	0	64	2	40	1.0000	21	1	0.0476
main	canc_partial	0	64	2	41	1.0000	21	1	0.0476
main	canc_partial	0	64	2	42	1.0000	21	1	0.0476
main	canc_partial	0	64	2	43	1.0000	21	1	0.0476
main	canc_partial	0	64	2	44	1.0000	21	1	0.0476
main	canc_partial	0	64	2	45	1.0000	21	1	0.0476
main	canc_partial	0	64	2	46	1.0000	21	1	0.0476
main	canc_partial	0	64	2	47	1.0000	21	1	0.0476
main	canc_partial	0	64	2	48	1.0000	21	1	0.0476
main	canc_partial	0	64	2	49	1.0000	21	1	0.0476
main	canc_partial	0	64	2	50	1.0000	21	1	0.0476
main	canc_partial	0	64	2	51	1.0000	12	1	0.0833
main	canc_partial	0	64	2	52	1.0000	14	1	0.0714
main	canc_partial	1	64	2	0	1.0000	8	1	0.1250
main	canc_partial	1	64	2	1	1.0000	6	1	0.1667
main	canc_partial	1	64	2	2	1.0000	18	1	0.0556
main	canc_partial	1	64	2	3	1.0000	18	1	0.0556
main	canc_partial	1	64	2	4	1.0000	18	1	0.0556
main	canc_partial	1	64	2	5	1.0000	26	1	0.0385
main	canc_partial	1	64	2	6	1.0000	27	1	0.0370
main	canc_partial	1	64	2	7	1.0000	18	1	0.0556
main	canc_partial	1	64	2	8	1.0000	25	1	0.0400
main	canc_partial	1	64	2	9	1.0000	25	1	0.0400
main	canc_partial	1	64	2	10	1.0000	18	1	0.0556
main	canc_partial	1	64	2	11	1.0000	18	1	0.0556
main	canc_partial	1	64	2	12	1.0000	18	1	0.0556
main	canc_partial	1	64	2	13	1.0000	27	1	0.0370
main	canc_partial	1	64	2	14	1.0000	26	1	0.0385
main	canc_partial	1	64	2	15	1.0000	27	1	0.0370
main	canc_partial	1	64	2	16	1.0000	18	1	0.0556
main	canc_partial	1	64	2	17	1.0000	18	1	0.0556
main	canc_partial	1	64	2	18	1.0000	16	1	0.0625
main	canc_partial	1	64	2	19	1.0000	17	1	0.0588
main	canc_partial	1	64	2	20	1.0000	18	1	0.0556
main	canc_partial	1	64	2	21	1.0000	18	1	0.0556
main	canc_partial	1	64	2	22	1.0000	18	1	0.0556
main	canc_partial	1	64	2	23	1.0000	18	1	0.0556
main	canc_partial	1	64	2	24	1.0000	18	1	0.0556
main	canc_partial	1	64	2	25	1.0000	18	1	0.0556
main	canc_partial	1	64	2	26	1.0000	18	1	0.0556
main	canc_partial	1	64	2	27	1.0000	18	1	0.0556
main	canc_partial	1	64	2	28	1.0000	18	1	0.0556
main	canc_partial	1	64	2	29	1.0000	18	1	0.0556
main	canc_partial	1	64	2	30	1.0000	18	1	0.0556
main	canc_partial	1	64	2	31	1.0000	18	1	0.0556
main	canc_partial	1	64	2	32	1.0000	18	1	0.0556
main	canc_partial	1	64	2	33	1.0000	18	1	0.0556
main	canc_partial	1	64	2	34	1.0000	18	1	0.0556
main	canc_partial	1	64	2	35	1.0000	18	1	0.0556
main	canc_partial	1	64	2	36	1.0000	18	1	0.0556
main	canc_partial	1	64	2	37	1.0000	18	1	0.0556
main	canc_partial	1	64	2	38	1.0000	18	1	0.0556
main	canc_partial	1	64	2	39	1.0000	18	1	0.0556
main	canc_partial	1	64	2	40	1.0000	18	1	0.0556
main	canc_partial	1	64	2	41	1.0000	18	1	0.0556
main	canc_partial	1	64	2	42	1.0000	18	1	0.0556
main	canc_partial	1	64	2	43	1.0000	18	1	0.0556
main	canc_partial	1	64	2	44	1.0000	18	1	0.0556
main	canc_partial	1	64	2	45	1.0000	18	1	0.0556
main	canc_partial	1	64	2	46	1.0000	18	1	0.0556
main	canc_partial	1	64	2	47	1.0000	18	1	0.0556
main	canc_partial	1	64	2	48	1.0000	18	1	0.0556
main	canc_partial	1	64	2	49	1.0000	18	1	0.0556
main	canc_partial	1	64	2	50	1.0000	18	1	0.0556
main	canc_partial	1	64	2	51	1.0000	6	1	0.1667
main	canc_partial	1	64	2	52	1.0000	16	1	0.0625
main	canc_partial	2	64	2	0	1.0000	9	1	0.1111
main	canc_partial	2	64	2	1	1.0000	4	1	0.2500
main	canc_partial	2	64	2	2	1.0000	32	1	0.0312
main	canc_partial	2	64	2	3	1.0000	32	1	0.0312
main	canc_partial	2	64	2	4	1.0000	32	1	0.0312
main	canc_partial	2	64	2	5	1.0000	33	1	0.0303
main	canc_partial	2	64	2	6	1.0000	33	1	0.0303
main	canc_partial	2	64	2	7	1.0000	32	1	0.0312
main	canc_partial	2	64	2	8	1.0000	32	1	0.0312
main	canc_partial	2	64	2	9	1.0000	32	1	0.0312
main	canc_partial	2	64	2	10	1.0000	32	1	0.0312
main	canc_partial	2	64	2	11	1.0000	32	1	0.0312
main	canc_partial	2	64	2	12	1.0000	32	1	0.0312
main	canc_partial	2	64	2	13	1.0000	33	1	0.0303
main	canc_partial	2	64	2	14	1.0000	33	1	0.0303
main	canc_partial	2	64	2	15	1.0000	33	1	0.0303
main	canc_partial	2	64	2	16	1.0000	32	1	0.0312
main	canc_partial	2	64	2	17	1.0000	31	1	0.0323
main	canc_partial	2	64	2	18	1.0000	31	1	0.0323
main	canc_partial	2	64	2	19	1.0000	31	1	0.0323
main	canc_partial	2	64	2	20	1.0000	32	1	0.0312
main	canc_partial	2	64	2	21	1.0000	32	1	0.0312
main	canc_partial	2	64	2	22	1.0000	32	1	0.0312
main	canc_partial	2	64	2	23	1.0000	32	1	0.0312
main	canc_partial	2	64	2	24	1.0000	32	1	0.0312
main	canc_partial	2	64	2	25	1.0000	32	1	0.0312
main	canc_partial	2	64	2	26	1.0000	32	1	0.0312
main	canc_partial	2	64	2	27	1.0000	32	1	0.0312
main	canc_partial	2	64	2	28	1.0000	32	1	0.0312
main	canc_partial	2	64	2	29	1.0000	32	1	0.0312
main	canc_partial	2	64	2	30	1.0000	32	1	0.0312
main	canc_partial	2	64	2	31	1.0000	32	1	0.0312
main	canc_partial	2	64	2	32	1.0000	32	1	0.0312
main	canc_partial	2	64	2	33	1.0000	32	1	0.0312
main	canc_partial	2	64	2	34	1.0000	32	1	0.0312
main	canc_partial	2	64	2	35	1.0000	32	1	0.0312
main	canc_partial	2	64	2	36	1.0000	32	1	0.0312
main	canc_partial	2	64	2	37	1.0000	32	1	0.0312
main	canc_partial	2	64	2	38	1.0000	32	1	0.0312
main	canc_partial	2	64	2	39	1.0000	32	1	0.0312
main	canc_partial	2	64	2	40	1.0000	32	1	0.0312
main	canc_partial	2	64	2	41	1.0000	32	1	0.0312
main	canc_partial	2	64	2	42	1.0000	32	1	0.0312
main	canc_partial	2	64	2	43	1.0000	32	1	0.0312
main	canc_partial	2	64	2	44	1.0000	32	1	0.0312
main	canc_partial	2	64	2	45	1.0000	32	1	0.0312
main	canc_partial	2	64	2	46	1.0000	32	1	0.0312
main	canc_partial	2	64	2	47	1.0000	32	1	0.0312
main	canc_partial	2	64	2	48	1.0000	32	1	0.0312
main	canc_partial	2	64	2	49	1.0000	32	1	0.0312
main	canc_partial	2	64	2	50	1.0000	31	1	0.0323
main	canc_partial	2	64	2	51	1.0000	11	1	0.0909
main	canc_partial	2	64	2	52	1.0000	12	1	0.0833
main	canc_partial	3	64	2	0	1.0000	7	1	0.1429
main	canc_partial	3	64	2	1	1.0000	5	1	0.2000
main	canc_partial	3	64	2	2	1.0000	36	1	0.0278
main	canc_partial	3	64	2	3	1.0000	36	1	0.0278
main	canc_partial	3	64	2	4	1.0000	36	1	0.0278
main	canc_partial	3	64	2	5	1.0000	36	1	0.0278
main	canc_partial	3	64	2	6	1.0000	36	1	0.0278
main	canc_partial	3	64	2	7	1.0000	36	1	0.0278
main	canc_partial	3	64	2	8	1.0000	36	1	0.0278
main	canc_partial	3	64	2	9	1.0000	36	1	0.0278
main	canc_partial	3	64	2	10	1.0000	36	1	0.0278
main	canc_partial	3	64	2	11	1.0000	36	1	0.0278
main	canc_partial	3	64	2	12	1.0000	36	1	0.0278
main	canc_partial	3	64	2	13	1.0000	36	1	0.0278
main	canc_partial	3	64	2	14	1.0000	36	1	0.0278
main	canc_partial	3	64	2	15	1.0000	36	1	0.0278
main	canc_partial	3	64	2	16	1.0000	36	1	0.0278
main	canc_partial	3	64	2	17	1.0000	36	1	0.0278
main	canc_partial	3	64	2	18	1.0000	36	1	0.0278
main	canc_partial	3	64	2	19	1.0000	36	1	0.0278
main	canc_partial	3	64	2	20	1.0000	36	1	0.0278
main	canc_partial	3	64	2	21	1.0000	36	1	0.0278
main	canc_partial	3	64	2	22	1.0000	36	1	0.0278
main	canc_partial	3	64	2	23	1.0000	36	1	0.0278
main	canc_partial	3	64	2	24	1.0000	36	1	0.0278
main	canc_partial	3	64	2	25	1.0000	36	1	0.0278
main	canc_partial	3	64	2	26	1.0000	36	1	0.0278
main	canc_partial	3	64	2	27	1.0000	36	1	0.0278
main	canc_partial	3	64	2	28	1.0000	36	1	0.0278
main	canc_partial	3	64	2	29	1.0000	36	1	0.0278
main	canc_partial	3	64	2	30	1.0000	36	1	0.0278
main	canc_partial	3	64	2	31	1.0000	36	1	0.0278
main	canc_partial	3	64	2	32	1.0000	36	1	0.0278
main	canc_partial	3	64	2	33	1.0000	36	1	0.0278
main	canc_partial	3	64	2	34	1.0000	36	1	0.0278
main	canc_partial	3	64	2	35	1.0000	36	1	0.0278
main	canc_partial	3	64	2	36	1.0000	36	1	0.0278
main	canc_partial	3	64	2	37	1.0000	36	1	0.0278
main	canc_partial	3	64	2	38	1.0000	36	1	0.0278
main	canc_partial	3	64	2	39	1.0000	36	1	0.0278
main	canc_partial	3	64	2	40	1.0000	36	1	0.0278
main	canc_partial	3	64	2	41	1.0000	36	1	0.0278
main	canc_partial	3	64	2	42	1.0000	36	1	0.0278
main	canc_partial	3	64	2	43	1.0000	36	1	0.0278
main	canc_partial	3	64	2	44	1.0000	36	1	0.0278
main	canc_partial	3	64	2	45	1.0000	36	1	0.0278
main	canc_partial	3	64	2	46	1.0000	36	1	0.0278
main	canc_partial	3	64	2	47	1.0000	36	1	0.0278
main	canc_partial	3	64	2	48	1.0000	36	1	0.0278
main	canc_partial	3	64	2	49	1.0000	36	1	0.0278
main	canc_partial	3	64	2	50	1.0000	36	1	0.0278
main	canc_partial	3	64	2	51	1.0000	18	1	0.0556
main	canc_partial	3	64	2	52	1.0000	12	1	0.0833
main	canc_partial	4	64	2	0	1.0000	5	1	0.2000
main	canc_partial	4	64	2	1	1.0000	5	1	0.2000
main	canc_partial	4	64	2	2	1.0000	21	1	0.0476
main	canc_partial	4	64	2	3	1.0000	21	1	0.0476
main	canc_partial	4	64	2	4	1.0000	21	1	0.0476
main	canc_partial	4	64	2	5	1.0000	21	1	0.0476
main	canc_partial	4	64	2	6	1.0000	21	1	0.0476
main	canc_partial	4	64	2	7	1.0000	21	1	0.0476
main	canc_partial	4	64	2	8	1.0000	21	1	0.0476
main	canc_partial	4	64	2	9	1.0000	21	1	0.0476
main	canc_partial	4	64	2	10	1.0000	21	1	0.0476
main	canc_partial	4	64	2	11	1.0000	21	1	0.0476
main	canc_partial	4	64	2	12	1.0000	21	1	0.0476
main	canc_partial	4	64	2	13	1.0000	21	1	0.0476
main	canc_partial	4	64	2	14	1.0000	21	1	0.0476
main	canc_partial	4	64	2	15	1.0000	21	1	0.0476
main	canc_partial	4	64	2	16	1.0000	21	1	0.0476
main	canc_partial	4	64	2	17	1.0000	21	1	0.0476
main	canc_partial	4	64	2	18	1.0000	19	1	0.0526
main	canc_partial	4	64	2	19	1.0000	20	1	0.0500
main	canc_partial	4	64	2	20	1.0000	21	1	0.0476
main	canc_partial	4	64	2	21	1.0000	21	1	0.0476
main	canc_partial	4	64	2	22	1.0000	21	1	0.0476
main	canc_partial	4	64	2	23	1.0000	21	1	0.0476
main	canc_partial	4	64	2	24	1.0000	21	1	0.0476
main	canc_partial	4	64	2	25	1.0000	21	1	0.0476
main	canc_partial	4	64	2	26	1.0000	21	1	0.0476
main	canc_partial	4	64	2	27	1.0000	21	1	0.0476
main	canc_partial	4	64	2	28	1.0000	21	1	0.0476
main	canc_partial	4	64	2	29	1.0000	21	1	0.0476
main	canc_partial	4	64	2	30	1.0000	21	1	0.0476
main	canc_partial	4	64	2	31	1.0000	21	1	0.0476
main	canc_partial	4	64	2	32	1.0000	21	1	0.0476
main	canc_partial	4	64	2	33	1.0000	21	1	0.0476
main	canc_partial	4	64	2	34	1.0000	21	1	0.0476
main	canc_partial	4	64	2	35	1.0000	21	1	0.0476
main	canc_partial	4	64	2	36	1.0000	21	1	0.0476
main	canc_partial	4	64	2	37	1.0000	21	1	0.0476
main	canc_partial	4	64	2	38	1.0000	21	1	0.0476
main	canc_partial	4	64	2	39	1.0000	21	1	0.0476
main	canc_partial	4	64	2	40	1.0000	21	1	0.0476
main	canc_partial	4	64	2	41	1.0000	21	1	0.0476
main	canc_partial	4	64	2	42	1.0000	21	1	0.0476
main	canc_partial	4	64	2	43	1.0000	21	1	0.0476
main	canc_partial	4	64	2	44	1.0000	21	1	0.0476
main	canc_partial	4	64	2	45	1.0000	21	1	0.0476
main	canc_partial	4	64	2	46	1.0000	21	1	0.0476
main	canc_partial	4	64	2	47	1.0000	21	1	0.0476
main	canc_partial	4	64	2	48	1.0000	21	1	0.0476
main	canc_partial	4	64	2	49	1.0000	21	1	0.0476
main	canc_partial	4	64	2	50	1.0000	21	1	0.0476
main	canc_partial	4	64	2	51	1.0000	12	1	0.0833
main	canc_partial	4	64	2	52	1.0000	6	1	0.1667
main	canc_partial	5	64	2	0	1.0000	8	1	0.1250
main	canc_partial	5	64	2	1	1.0000	1	1	1.0000
main	canc_partial	5	64	2	2	1.0000	16	1	0.0625
main	canc_partial	5	64	2	3	1.0000	16	1	0.0625
main	canc_partial	5	64	2	4	1.0000	16	1	0.0625
main	canc_partial	5	64	2	5	1.0000	32	1	0.0312
main	canc_partial	5	64	2	6	1.0000	32	1	0.0312
main	canc_partial	5	64	2	7	1.0000	16	1	0.0625
main	canc_partial	5	64	2	8	1.0000	32	1	0.0312
main	canc_partial	5	64	2	9	1.0000	31	1	0.0323
main	canc_partial	5	64	2	10	1.0000	16	1	0.0625
main	canc_partial	5	64	2	11	1.0000	16	1	0.0625
main	canc_partial	5	64	2	12	1.0000	16	1	0.0625
main	canc_partial	5	64	2	13	1.0000	32	1	0.0312
main	canc_partial	5	64	2	14	1.0000	32	1	0.0312
main	canc_partial	5	64	2	15	1.0000	32	1	0.0312
main	canc_partial	5	64	2	16	1.0000	16	1	0.0625
main	canc_partial	5	64	2	17	1.0000	16	1	0.0625
main	canc_partial	5	64	2	18	1.0000	15	1	0.0667
main	canc_partial	5	64	2	19	1.0000	16	1	0.0625
main	canc_partial	5	64	2	20	1.0000	16	1	0.0625
main	canc_partial	5	64	2	21	1.0000	16	1	0.0625
main	canc_partial	5	64	2	22	1.0000	16	1	0.0625
main	canc_partial	5	64	2	23	1.0000	16	1	0.0625
main	canc_partial	5	64	2	24	1.0000	16	1	0.0625
main	canc_partial	5	64	2	25	1.0000	16	1	0.0625
main	canc_partial	5	64	2	26	1.0000	16	1	0.0625
main	canc_partial	5	64	2	27	1.0000	16	1	0.0625
main	canc_partial	5	64	2	28	1.0000	16	1	0.0625
main	canc_partial	5	64	2	29	1.0000	16	1	0.0625
main	canc_partial	5	64	2	30	1.0000	16	1	0.0625
main	canc_partial	5	64	2	31	1.0000	16	1	0.0625
main	canc_partial	5	64	2	32	1.0000	16	1	0.0625
main	canc_partial	5	64	2	33	1.0000	16	1	0.0625
main	canc_partial	5	64	2	34	1.0000	16	1	0.0625
main	canc_partial	5	64	2	35	1.0000	16	1	0.0625
main	canc_partial	5	64	2	36	1.0000	16	1	0.0625
main	canc_partial	5	64	2	37	1.0000	16	1	0.0625
main	canc_partial	5	64	2	38	1.0000	16	1	0.0625
main	canc_partial	5	64	2	39	1.0000	16	1	0.0625
main	canc_partial	5	64	2	40	1.0000	16	1	0.0625
main	canc_partial	5	64	2	41	1.0000	16	1	0.0625
main	canc_partial	5	64	2	42	1.0000	16	1	0.0625
main	canc_partial	5	64	2	43	1.0000	16	1	0.0625
main	canc_partial	5	64	2	44	1.0000	16	1	0.0625
main	canc_partial	5	64	2	45	1.0000	16	1	0.0625
main	canc_partial	5	64	2	46	1.0000	16	1	0.0625
main	canc_partial	5	64	2	47	1.0000	16	1	0.0625
main	canc_partial	5	64	2	48	1.0000	16	1	0.0625
main	canc_partial	5	64	2	49	1.0000	16	1	0.0625
main	canc_partial	5	64	2	50	1.0000	16	1	0.0625
main	canc_partial	5	64	2	51	1.0000	4	1	0.2500
main	canc_partial	5	64	2	52	1.0000	14	1	0.0714
main	canc_partial	6	64	2	0	1.0000	7	1	0.1429
main	canc_partial	6	64	2	1	1.0000	3	1	0.3333
main	canc_partial	6	64	2	2	1.0000	13	1	0.0769
main	canc_partial	6	64	2	3	1.0000	13	1	0.0769
main	canc_partial	6	64	2	4	1.0000	13	1	0.0769
main	canc_partial	6	64	2	5	1.0000	17	1	0.0588
main	canc_partial	6	64	2	6	1.0000	17	1	0.0588
main	canc_partial	6	64	2	7	1.0000	13	1	0.0769
main	canc_partial	6	64	2	8	1.0000	16	1	0.0625
main	canc_partial	6	64	2	9	1.0000	16	1	0.0625
main	canc_partial	6	64	2	10	1.0000	13	1	0.0769
main	canc_partial	6	64	2	11	1.0000	13	1	0.0769
main	canc_partial	6	64	2	12	1.0000	13	1	0.0769
main	canc_partial	6	64	2	13	1.0000	17	1	0.0588
main	canc_partial	6	64	2	14	1.0000	17	1	0.0588
main	canc_partial	6	64	2	15	1.0000	17	1	0.0588
main	canc_partial	6	64	2	16	1.0000	13	1	0.0769
main	canc_partial	6	64	2	17	1.0000	13	1	0.0769
main	canc_partial	6	64	2	18	1.0000	14	1	0.0714
main	canc_partial	6	64	2	19	1.0000	14	1	0.0714
main	canc_partial	6	64	2	20	1.0000	14	1	0.0714
main	canc_partial	6	64	2	21	1.0000	13	1	0.0769
main	canc_partial	6	64	2	22	1.0000	13	1	0.0769
main	canc_partial	6	64	2	23	1.0000	13	1	0.0769
main	canc_partial	6	64	2	24	1.0000	16	1	0.0625
main	canc_partial	6	64	2	25	1.0000	13	1	0.0769
main	canc_partial	6	64	2	26	1.0000	13	1	0.0769
main	canc_partial	6	64	2	27	1.0000	13	1	0.0769
main	canc_partial	6	64	2	28	1.0000	16	1	0.0625
main	canc_partial	6	64	2	29	1.0000	13	1	0.0769
main	canc_partial	6	64	2	30	1.0000	13	1	0.0769
main	canc_partial	6	64	2	31	1.0000	16	1	0.0625
main	canc_partial	6	64	2	32	1.0000	16	1	0.0625
main	canc_partial	6	64	2	33	1.0000	13	1	0.0769
main	canc_partial	6	64	2	34	1.0000	16	1	0.0625
main	canc_partial	6	64	2	35	1.0000	13	1	0.0769
main	canc_partial	6	64	2	36	1.0000	16	1	0.0625
main	canc_partial	6	64	2	37	1.0000	13	1	0.0769
main	canc_partial	6	64	2	38	1.0000	13	1	0.0769
main	canc_partial	6	64	2	39	1.0000	13	1	0.0769
main	canc_partial	6	64	2	40	1.0000	16	1	0.0625
main	canc_partial	6	64	2	41	1.0000	13	1	0.0769
main	canc_partial	6	64	2	42	1.0000	13	1	0.0769
main	canc_partial	6	64	2	43	1.0000	16	1	0.0625
main	canc_partial	6	64	2	44	1.0000	13	1	0.0769
main	canc_partial	6	64	2	45	1.0000	13	1	0.0769
main	canc_partial	6	64	2	46	1.0000	16	1	0.0625
main	canc_partial	6	64	2	47	1.0000	13	1	0.0769
main	canc_partial	6	64	2	48	1.0000	13	1	0.0769
main	canc_partial	6	64	2	49	1.0000	13	1	0.0769
main	canc_partial	6	64	2	50	1.0000	13	1	0.0769
main	canc_partial	6	64	2	51	1.0000	16	1	0.0625
main	canc_partial	6	64	2	52	1.0000	8	1	0.1250
main	canc_partial	7	64	2	0	1.0000	11	1	0.0909
main	canc_partial	7	64	2	1	1.0000	10	1	0.1000
main	canc_partial	7	64	2	2	1.0000	29	1	0.0345
main	canc_partial	7	64	2	3	1.0000	29	1	0.0345
main	canc_partial	7	64	2	4	1.0000	29	1	0.0345
main	canc_partial	7	64	2	5	1.0000	29	1	0.0345
main	canc_partial	7	64	2	6	1.0000	29	1	0.0345
main	canc_partial	7	64	2	7	1.0000	29	1	0.0345
main	canc_partial	7	64	2	8	1.0000	29	1	0.0345
main	canc_partial	7	64	2	9	1.0000	29	1	0.0345
main	canc_partial	7	64	2	10	1.0000	29	1	0.0345
main	canc_partial	7	64	2	11	1.0000	29	1	0.0345
main	canc_partial	7	64	2	12	1.0000	29	1	0.0345
main	canc_partial	7	64	2	13	1.0000	29	1	0.0345
main	canc_partial	7	64	2	14	1.0000	29	1	0.0345
main	canc_partial	7	64	2	15	1.0000	29	1	0.0345
main	canc_partial	7	64	2	16	1.0000	29	1	0.0345
main	canc_partial	7	64	2	17	1.0000	29	1	0.0345
main	canc_partial	7	64	2	18	1.0000	28	1	0.0357
main	canc_partial	7	64	2	19	1.0000	29	1	0.0345
main	canc_partial	7	64	2	20	1.0000	29	1	0.0345
main	canc_partial	7	64	2	21	1.0000	29	1	0.0345
main	canc_partial	7	64	2	22	1.0000	29	1	0.0345
main	canc_partial	7	64	2	23	1.0000	29	1	0.0345
main	canc_partial	7	64	2	24	1.0000	29	1	0.0345
main	canc_partial	7	64	2	25	1.0000	29	1	0.0345
main	canc_partial	7	64	2	26	1.0000	29	1	0.0345
main	canc_partial	7	64	2	27	1.0000	29	1	0.0345
main	canc_partial	7	64	2	28	1.0000	29	1	0.0345
main	canc_partial	7	64	2	29	1.0000	29	1	0.0345
main	canc_partial	7	64	2	30	1.0000	29	1	0.0345
main	canc_partial	7	64	2	31	1.0000	29	1	0.0345
main	canc_partial	7	64	2	32	1.0000	29	1	0.0345
main	canc_partial	7	64	2	33	1.0000	29	1	0.0345
main	canc_partial	7	64	2	34	1.0000	29	1	0.0345
main	canc_partial	7	64	2	35	1.0000	29	1	0.0345
main	canc_partial	7	64	2	36	1.0000	29	1	0.0345
main	canc_partial	7	64	2	37	1.0000	29	1	0.0345
main	canc_partial	7	64	2	38	1.0000	29	1	0.0345
main	canc_partial	7	64	2	39	1.0000	29	1	0.0345
main	canc_partial	7	64	2	40	1.0000	29	1	0.0345
main	canc_partial	7	64	2	41	1.0000	29	1	0.0345
main	canc_partial	7	64	2	42	1.0000	29	1	0.0345
main	canc_partial	7	64	2	43	1.0000	29	1	0.0345
main	canc_partial	7	64	2	44	1.0000	29	1	0.0345
main	canc_partial	7	64	2	45	1.0000	29	1	0.0345
main	canc_partial	7	64	2	46	1.0000	29	1	0.0345
main	canc_partial	7	64	2	47	1.0000	29	1	0.0345
main	canc_partial	7	64	2	48	1.0000	29	1	0.0345
main	canc_partial	7	64	2	49	1.0000	29	1	0.0345
main	canc_partial	7	64	2	50	1.0000	29	1	0.0345
main	canc_partial	7	64	2	51	1.0000	14	1	0.0714
main	canc_partial	7	64	2	52	1.0000	18	1	0.0556
main	canc_partial	8	64	2	0	1.0000	5	1	0.2000
main	canc_partial	8	64	2	1	1.0000	6	1	0.1667
main	canc_partial	8	64	2	2	1.0000	28	1	0.0357
main	canc_partial	8	64	2	3	1.0000	28	1	0.0357
main	canc_partial	8	64	2	4	1.0000	28	1	0.0357
main	canc_partial	8	64	2	5	1.0000	28	1	0.0357
main	canc_partial	8	64	2	6	1.0000	28	1	0.0357
main	canc_partial	8	64	2	7	1.0000	28	1	0.0357
main	canc_partial	8	64	2	8	1.0000	28	1	0.0357
main	canc_partial	8	64	2	9	1.0000	28	1	0.0357
main	canc_partial	8	64	2	10	1.0000	28	1	0.0357
main	canc_partial	8	64	2	11	1.0000	28	1	0.0357
main	canc_partial	8	64	2	12	1.0000	28	1	0.0357
main	canc_partial	8	64	2	13	1.0000	28	1	0.0357
main	canc_partial	8	64	2	14	1.0000	28	1	0.0357
main	canc_partial	8	64	2	15	1.0000	28	1	0.0357
main	canc_partial	8	64	2	16	1.0000	28	1	0.0357
main	canc_partial	8	64	2	17	1.0000	28	1	0.0357
main	canc_partial	8	64	2	18	1.0000	28	1	0.0357
main	canc_partial	8	64	2	19	1.0000	28	1	0.0357
main	canc_partial	8	64	2	20	1.0000	28	1	0.0357
main	canc_partial	8	64	2	21	1.0000	28	1	0.0357
main	canc_partial	8	64	2	22	1.0000	28	1	0.0357
main	canc_partial	8	64	2	23	1.0000	28	1	0.0357
main	canc_partial	8	64	2	24	1.0000	28	1	0.0357
main	canc_partial	8	64	2	25	1.0000	28	1	0.0357
main	canc_partial	8	64	2	26	1.0000	28	1	0.0357
main	canc_partial	8	64	2	27	1.0000	28	1	0.0357
main	canc_partial	8	64	2	28	1.0000	28	1	0.0357
main	canc_partial	8	64	2	29	1.0000	28	1	0.0357
main	canc_partial	8	64	2	30	1.0000	28	1	0.0357
main	canc_partial	8	64	2	31	1.0000	28	1	0.0357
main	canc_partial	8	64	2	32	1.0000	28	1	0.0357
main	canc_partial	8	64	2	33	1.0000	28	1	0.0357
main	canc_partial	8	64	2	34	1.0000	28	1	0.0357
main	canc_partial	8	64	2	35	1.0000	28	1	0.0357
main	canc_partial	8	64	2	36	1.0000	28	1	0.0357
main	canc_partial	8	64	2	37	1.0000	28	1	0.0357
main	canc_partial	8	64	2	38	1.0000	28	1	0.0357
main	canc_partial	8	64	2	39	1.0000	28	1	0.0357
main	canc_partial	8	64	2	40	1.0000	28	1	0.0357
main	canc_partial	8	64	2	41	1.0000	28	1	0.0357
main	canc_partial	8	64	2	42	1.0000	28	1	0.0357
main	canc_partial	8	64	2	43	1.0000	28	1	0.0357
main	canc_partial	8	64	2	44	1.0000	28	1	0.0357
main	canc_partial	8	64	2	45	1.0000	28	1	0.0357
main	canc_partial	8	64	2	46	1.0000	28	1	0.0357
main	canc_partial	8	64	2	47	1.0000	28	1	0.0357
main	canc_partial	8	64	2	48	1.0000	28	1	0.0357
main	canc_partial	8	64	2	49	1.0000	28	1	0.0357
main	canc_partial	8	64	2	50	1.0000	28	1	0.0357
main	canc_partial	8	64	2	51	1.0000	15	1	0.0667
main	canc_partial	8	64	2	52	1.0000	13	1	0.0769
main	canc_partial	9	64	2	0	1.0000	2	1	0.5000
main	canc_partial	9	64	2	1	1.0000	5	1	0.2000
main	canc_partial	9	64	2	2	1.0000	34	1	0.0294
main	canc_partial	9	64	2	3	1.0000	34	1	0.0294
main	canc_partial	9	64	2	4	1.0000	34	1	0.0294
main	canc_partial	9	64	2	5	1.0000	34	1	0.0294
main	canc_partial	9	64	2	6	1.0000	34	1	0.0294
main	canc_partial	9	64	2	7	1.0000	34	1	0.0294
main	canc_partial	9	64	2	8	1.0000	33	1	0.0303
main	canc_partial	9	64	2	9	1.0000	34	1	0.0294
main	canc_partial	9	64	2	10	1.0000	34	1	0.0294
main	canc_partial	9	64	2	11	1.0000	34	1	0.0294
main	canc_partial	9	64	2	12	1.0000	33	1	0.0303
main	canc_partial	9	64	2	13	1.0000	33	1	0.0303
main	canc_partial	9	64	2	14	1.0000	33	1	0.0303
main	canc_partial	9	64	2	15	1.0000	34	1	0.0294
main	canc_partial	9	64	2	16	1.0000	34	1	0.0294
main	canc_partial	9	64	2	17	1.0000	34	1	0.0294
main	canc_partial	9	64	2	18	1.0000	34	1	0.0294
main	canc_partial	9	64	2	19	1.0000	34	1	0.0294
main	canc_partial	9	64	2	20	1.0000	34	1	0.0294
main	canc_partial	9	64	2	21	1.0000	34	1	0.0294
main	canc_partial	9	64	2	22	1.0000	34	1	0.0294
main	canc_partial	9	64	2	23	1.0000	34	1	0.0294
main	canc_partial	9	64	2	24	1.0000	34	1	0.0294
main	canc_partial	9	64	2	25	1.0000	34	1	0.0294
main	canc_partial	9	64	2	26	1.0000	34	1	0.0294
main	canc_partial	9	64	2	27	1.0000	33	1	0.0303
main	canc_partial	9	64	2	28	1.0000	33	1	0.0303
main	canc_partial	9	64	2	29	1.0000	33	1	0.0303
main	canc_partial	9	64	2	30	1.0000	33	1	0.0303
main	canc_partial	9	64	2	31	1.0000	33	1	0.0303
main	canc_partial	9	64	2	32	1.0000	33	1	0.0303
main	canc_partial	9	64	2	33	1.0000	33	1	0.0303
main	canc_partial	9	64	2	34	1.0000	33	1	0.0303
main	canc_partial	9	64	2	35	1.0000	33	1	0.0303
main	canc_partial	9	64	2	36	1.0000	33	1	0.0303
main	canc_partial	9	64	2	37	1.0000	33	1	0.0303
main	canc_partial	9	64	2	38	1.0000	33	1	0.0303
main	canc_partial	9	64	2	39	1.0000	33	1	0.0303
main	canc_partial	9	64	2	40	1.0000	33	1	0.0303
main	canc_partial	9	64	2	41	1.0000	33	1	0.0303
main	canc_partial	9	64	2	42	1.0000	33	1	0.0303
main	canc_partial	9	64	2	43	1.0000	33	1	0.0303
main	canc_partial	9	64	2	44	1.0000	33	1	0.0303
main	canc_partial	9	64	2	45	1.0000	33	1	0.0303
main	canc_partial	9	64	2	46	1.0000	33	1	0.0303
main	canc_partial	9	64	2	47	1.0000	33	1	0.0303
main	canc_partial	9	64	2	48	1.0000	33	1	0.0303
main	canc_partial	9	64	2	49	1.0000	33	1	0.0303
main	canc_partial	9	64	2	50	1.0000	32	1	0.0312
main	canc_partial	9	64	2	51	1.0000	12	1	0.0833
main	canc_partial	9	64	2	52	1.0000	15	1	0.0667
main	layer_dual	0	64	2	0	1.0000	9	1	0.1111
main	layer_dual	0	64	2	1	0.0000	0	0	0.0000
main	layer_dual	0	64	2	2	1.0000	3	1	0.3333
main	layer_dual	0	64	2	3	1.0000	3	1	0.3333
main	layer_dual	0	64	2	4	1.0000	3	1	0.3333
main	layer_dual	0	64	2	5	0.8750	3	0	0.2917
main	layer_dual	0	64	2	6	0.8750	3	0	0.2917
main	layer_dual	0	64	2	7	1.0000	3	1	0.3333
main	layer_dual	0	64	2	8	0.8750	3	0	0.2917
main	layer_dual	0	64	2	9	0.8750	3	0	0.2917
main	layer_dual	0	64	2	10	1.0000	3	1	0.3333
main	layer_dual	0	64	2	11	1.0000	3	1	0.3333
main	layer_dual	0	64	2	12	1.0000	3	1	0.3333
main	layer_dual	0	64	2	13	0.5000	3	0	0.1667
main	layer_dual	0	64	2	14	0.8750	13	0	0.0673
main	layer_dual	0	64	2	15	0.8750	3	0	0.2917
main	layer_dual	0	64	2	16	1.0000	3	1	0.3333
main	layer_dual	0	64	2	17	0.7500	3	0	0.2500
main	layer_dual	0	64	2	18	0.6250	13	0	0.0481
main	layer_dual	0	64	2	19	0.8750	13	0	0.0673
main	layer_dual	0	64	2	20	1.0000	13	1	0.0769
main	layer_dual	0	64	2	21	1.0000	3	1	0.3333
main	layer_dual	0	64	2	22	1.0000	3	1	0.3333
main	layer_dual	0	64	2	23	1.0000	3	1	0.3333
main	layer_dual	0	64	2	24	1.0000	8	1	0.1250
main	layer_dual	0	64	2	25	1.0000	18	1	0.0556
main	layer_dual	0	64	2	26	1.0000	3	1	0.3333
main	layer_dual	0	64	2	27	1.0000	3	1	0.3333
main	layer_dual	0	64	2	28	1.0000	8	1	0.1250
main	layer_dual	0	64	2	29	1.0000	19	1	0.0526
main	layer_dual	0	64	2	30	1.0000	3	1	0.3333
main	layer_dual	0	64	2	31	1.0000	9	1	0.1111
main	layer_dual	0	64	2	32	1.0000	19	1	0.0526
main	layer_dual	0	64	2	33	1.0000	19	1	0.0526
main	layer_dual	0	64	2	34	1.0000	9	1	0.1111
main	layer_dual	0	64	2	35	1.0000	19	1	0.0526
main	layer_dual	0	64	2	36	1.0000	9	1	0.1111
main	layer_dual	0	64	2	37	1.0000	19	1	0.0526
main	layer_dual	0	64	2	38	1.0000	3	1	0.3333
main	layer_dual	0	64	2	39	1.0000	3	1	0.3333
main	layer_dual	0	64	2	40	1.0000	9	1	0.1111
main	layer_dual	0	64	2	41	1.0000	19	1	0.0526
main	layer_dual	0	64	2	42	1.0000	3	1	0.3333
main	layer_dual	0	64	2	43	1.0000	9	1	0.1111
main	layer_dual	0	64	2	44	1.0000	19	1	0.0526
main	layer_dual	0	64	2	45	1.0000	3	1	0.3333
main	layer_dual	0	64	2	46	1.0000	9	1	0.1111
main	layer_dual	0	64	2	47	1.0000	19	1	0.0526
main	layer_dual	0	64	2	48	1.0000	3	1	0.3333
main	layer_dual	0	64	2	49	1.0000	3	1	0.3333
main	layer_dual	0	64	2	50	1.0000	3	1	0.3333
main	layer_dual	0	64	2	51	1.0000	9	1	0.1111
main	layer_dual	0	64	2	52	1.0000	19	1	0.0526
main	layer_dual	1	64	2	0	1.0000	12	1	0.0833
main	layer_dual	1	64	2	1	0.0000	0	0	0.0000
main	layer_dual	1	64	2	2	1.0000	2	1	0.5000
main	layer_dual	1	64	2	3	1.0000	2	1	0.5000
main	layer_dual	1	64	2	4	1.0000	8	1	0.1250
main	layer_dual	1	64	2	5	0.8750	8	0	0.1094
main	layer_dual	1	64	2	6	0.8750	2	0	0.4375
main	layer_dual	1	64	2	7	1.0000	8	1	0.1250
main	layer_dual	1	64	2	8	0.8750	8	0	0.1094
main	layer_dual	1	64	2	9	0.8750	2	0	0.4375
main	layer_dual	1	64	2	10	1.0000	2	1	0.5000
main	layer_dual	1	64	2	11	1.0000	2	1	0.5000
main	layer_dual	1	64	2	12	1.0000	8	1	0.1250
main	layer_dual	1	64	2	13	0.5000	8	0	0.0625
main	layer_dual	1	64	2	14	0.8750	14	0	0.0625
main	layer_dual	1	64	2	15	0.8750	2	0	0.4375
main	layer_dual	1	64	2	16	1.0000	8	1	0.1250
main	layer_dual	1	64	2	17	0.7500	8	0	0.0938
main	layer_dual	1	64	2	18	0.6250	14	0	0.0446
main	layer_dual	1	64	2	19	0.8750	15	0	0.0583
main	layer_dual	1	64	2	20	1.0000	15	1	0.0667
main	layer_dual	1	64	2	21	1.0000	2	1	0.5000
main	layer_dual	1	64	2	22	1.0000	2	1	0.5000
main	layer_dual	1	64	2	23	1.0000	8	1	0.1250
main	layer_dual	1	64	2	24	1.0000	10	1	0.1000
main	layer_dual	1	64	2	25	1.0000	18	1	0.0556
main	layer_dual	1	64	2	26	1.0000	2	1	0.5000
main	layer_dual	1	64	2	27	1.0000	8	1	0.1250
main	layer_dual	1	64	2	28	1.0000	11	1	0.0909
main	layer_dual	1	64	2	29	1.0000	18	1	0.0556
main	layer_dual	1	64	2	30	1.0000	8	1	0.1250
main	layer_dual	1	64	2	31	1.0000	11	1	0.0909
main	layer_dual	1	64	2	32	1.0000	19	1	0.0526
main	layer_dual	1	64	2	33	1.0000	19	1	0.0526
main	layer_dual	1	64	2	34	1.0000	11	1	0.0909
main	layer_dual	1	64	2	35	1.0000	19	1	0.0526
main	layer_dual	1	64	2	36	1.0000	11	1	0.0909
main	layer_dual	1	64	2	37	1.0000	19	1	0.0526
main	layer_dual	1	64	2	38	1.0000	2	1	0.5000
main	layer_dual	1	64	2	39	1.0000	8	1	0.1250
main	layer_dual	1	64	2	40	1.0000	11	1	0.0909
main	layer_dual	1	64	2	41	1.0000	19	1	0.0526
main	layer_dual	1	64	2	42	1.0000	8	1	0.1250
main	layer_dual	1	64	2	43	1.0000	11	1	0.0909
main	layer_dual	1	64	2	44	1.0000	19	1	0.0526
main	layer_dual	1	64	2	45	1.0000	8	1	0.1250
main	layer_dual	1	64	2	46	1.0000	11	1	0.0909
main	layer_dual	1	64	2	47	1.0000	19	1	0.0526
main	layer_dual	1	64	2	48	1.0000	2	1	0.5000
main	layer_dual	1	64	2	49	1.0000	2	1	0.5000
main	layer_dual	1	64	2	50	1.0000	8	1	0.1250
main	layer_dual	1	64	2	51	1.0000	11	1	0.0909
main	layer_dual	1	64	2	52	1.0000	19	1	0.0526
main	layer_dual	2	64	2	0	1.0000	8	1	0.1250
main	layer_dual	2	64	2	1	0.0000	0	0	0.0000
main	layer_dual	2	64	2	2	1.0000	3	1	0.3333
main	layer_dual	2	64	2	3	1.0000	3	1	0.3333
main	layer_dual	2	64	2	4	1.0000	8	1	0.1250
main	layer_dual	2	64	2	5	0.8750	8	0	0.1094
main	layer_dual	2	64	2	6	0.8750	3	0	0.2917
main	layer_dual	2	64	2	7	1.0000	8	1	0.1250
main	layer_dual	2	64	2	8	0.8750	8	0	0.1094
main	layer_dual	2	64	2	9	0.8750	3	0	0.2917
main	layer_dual	2	64	2	10	1.0000	3	1	0.3333
main	layer_dual	2	64	2	11	1.0000	3	1	0.3333
main	layer_dual	2	64	2	12	1.0000	8	1	0.1250
main	layer_dual	2	64	2	13	0.5000	8	0	0.0625
main	layer_dual	2	64	2	14	0.8750	8	0	0.1094
main	layer_dual	2	64	2	15	0.8750	3	0	0.2917
main	layer_dual	2	64	2	16	1.0000	8	1	0.1250
main	layer_dual	2	64	2	17	0.7500	8	0	0.0938
main	layer_dual	2	64	2	18	0.6250	9	0	0.0694
main	layer_dual	2	64	2	19	0.8750	9	0	0.0972
main	layer_dual	2	64	2	20	1.0000	9	1	0.1111
main	layer_dual	2	64	2	21	1.0000	3	1	0.3333
main	layer_dual	2	64	2	22	1.0000	3	1	0.3333
main	layer_dual	2	64	2	23	1.0000	8	1	0.1250
main	layer_dual	2	64	2	24	1.0000	12	1	0.0833
main	layer_dual	2	64	2	25	1.0000	29	1	0.0345
main	layer_dual	2	64	2	26	1.0000	3	1	0.3333
main	layer_dual	2	64	2	27	1.0000	8	1	0.1250
main	layer_dual	2	64	2	28	1.0000	12	1	0.0833
main	layer_dual	2	64	2	29	1.0000	29	1	0.0345
main	layer_dual	2	64	2	30	1.0000	8	1	0.1250
main	layer_dual	2	64	2	31	1.0000	12	1	0.0833
main	layer_dual	2	64	2	32	1.0000	29	1	0.0345
main	layer_dual	2	64	2	33	1.0000	30	1	0.0333
main	layer_dual	2	64	2	34	1.0000	12	1	0.0833
main	layer_dual	2	64	2	35	1.0000	30	1	0.0333
main	layer_dual	2	64	2	36	1.0000	12	1	0.0833
main	layer_dual	2	64	2	37	1.0000	30	1	0.0333
main	layer_dual	2	64	2	38	1.0000	3	1	0.3333
main	layer_dual	2	64	2	39	1.0000	8	1	0.1250
main	layer_dual	2	64	2	40	1.0000	12	1	0.0833
main	layer_dual	2	64	2	41	1.0000	30	1	0.0333
main	layer_dual	2	64	2	42	1.0000	8	1	0.1250
main	layer_dual	2	64	2	43	1.0000	12	1	0.0833
main	layer_dual	2	64	2	44	1.0000	30	1	0.0333
main	layer_dual	2	64	2	45	1.0000	8	1	0.1250
main	layer_dual	2	64	2	46	1.0000	12	1	0.0833
main	layer_dual	2	64	2	47	1.0000	30	1	0.0333
main	layer_dual	2	64	2	48	1.0000	3	1	0.3333
main	layer_dual	2	64	2	49	1.0000	3	1	0.3333
main	layer_dual	2	64	2	50	1.0000	8	1	0.1250
main	layer_dual	2	64	2	51	1.0000	13	1	0.0769
main	layer_dual	2	64	2	52	1.0000	30	1	0.0333
main	layer_dual	3	64	2	0	1.0000	8	1	0.1250
main	layer_dual	3	64	2	1	0.0000	0	0	0.0000
main	layer_dual	3	64	2	2	1.0000	3	1	0.3333
main	layer_dual	3	64	2	3	1.0000	3	1	0.3333
main	layer_dual	3	64	2	4	1.0000	3	1	0.3333
main	layer_dual	3	64	2	5	0.8750	3	0	0.2917
main	layer_dual	3	64	2	6	0.8750	3	0	0.2917
main	layer_dual	3	64	2	7	1.0000	3	1	0.3333
main	layer_dual	3	64	2	8	0.8750	3	0	0.2917
main	layer_dual	3	64	2	9	0.8750	3	0	0.2917
main	layer_dual	3	64	2	10	1.0000	3	1	0.3333
main	layer_dual	3	64	2	11	1.0000	3	1	0.3333
main	layer_dual	3	64	2	12	1.0000	3	1	0.3333
main	layer_dual	3	64	2	13	0.5000	3	0	0.1667
main	layer_dual	3	64	2	14	0.8750	12	0	0.0729
main	layer_dual	3	64	2	15	0.8750	3	0	0.2917
main	layer_dual	3	64	2	16	1.0000	3	1	0.3333
main	layer_dual	3	64	2	17	0.7500	3	0	0.2500
main	layer_dual	3	64	2	18	0.6250	12	0	0.0521
main	layer_dual	3	64	2	19	0.8750	12	0	0.0729
main	layer_dual	3	64	2	20	1.0000	12	1	0.0833
main	layer_dual	3	64	2	21	1.0000	3	1	0.3333
main	layer_dual	3	64	2	22	1.0000	3	1	0.3333
main	layer_dual	3	64	2	23	1.0000	3	1	0.3333
main	layer_dual	3	64	2	24	1.0000	20	1	0.0500
main	layer_dual	3	64	2	25	1.0000	15	1	0.0667
main	layer_dual	3	64	2	26	1.0000	3	1	0.3333
main	layer_dual	3	64	2	27	1.0000	3	1	0.3333
main	layer_dual	3	64	2	28	1.0000	20	1	0.0500
main	layer_dual	3	64	2	29	1.0000	15	1	0.0667
main	layer_dual	3	64	2	30	1.0000	3	1	0.3333
main	layer_dual	3	64	2	31	1.0000	20	1	0.0500
main	layer_dual	3	64	2	32	1.0000	20	1	0.0500
main	layer_dual	3	64	2	33	1.0000	16	1	0.0625
main	layer_dual	3	64	2	34	1.0000	20	1	0.0500
main	layer_dual	3	64	2	35	1.0000	16	1	0.0625
main	layer_dual	3	64	2	36	1.0000	20	1	0.0500
main	layer_dual	3	64	2	37	1.0000	16	1	0.0625
main	layer_dual	3	64	2	38	1.0000	3	1	0.3333
main	layer_dual	3	64	2	39	1.0000	3	1	0.3333
main	layer_dual	3	64	2	40	1.0000	20	1	0.0500
main	layer_dual	3	64	2	41	1.0000	16	1	0.0625
main	layer_dual	3	64	2	42	1.0000	3	1	0.3333
main	layer_dual	3	64	2	43	1.0000	21	1	0.0476
main	layer_dual	3	64	2	44	1.0000	17	1	0.0588
main	layer_dual	3	64	2	45	1.0000	3	1	0.3333
main	layer_dual	3	64	2	46	1.0000	21	1	0.0476
main	layer_dual	3	64	2	47	1.0000	17	1	0.0588
main	layer_dual	3	64	2	48	1.0000	3	1	0.3333
main	layer_dual	3	64	2	49	1.0000	3	1	0.3333
main	layer_dual	3	64	2	50	1.0000	3	1	0.3333
main	layer_dual	3	64	2	51	1.0000	21	1	0.0476
main	layer_dual	3	64	2	52	1.0000	17	1	0.0588
main	layer_dual	4	64	2	0	1.0000	7	1	0.1429
main	layer_dual	4	64	2	1	0.0000	0	0	0.0000
main	layer_dual	4	64	2	2	1.0000	1	1	1.0000
main	layer_dual	4	64	2	3	1.0000	1	1	1.0000
main	layer_dual	4	64	2	4	1.0000	1	1	1.0000
main	layer_dual	4	64	2	5	0.8750	1	0	0.8750
main	layer_dual	4	64	2	6	0.8750	1	0	0.8750
main	layer_dual	4	64	2	7	1.0000	1	1	1.0000
main	layer_dual	4	64	2	8	0.8750	1	0	0.8750
main	layer_dual	4	64	2	9	0.8750	1	0	0.8750
main	layer_dual	4	64	2	10	1.0000	1	1	1.0000
main	layer_dual	4	64	2	11	1.0000	1	1	1.0000
main	layer_dual	4	64	2	12	1.0000	1	1	1.0000
main	layer_dual	4	64	2	13	0.5000	1	0	0.5000
main	layer_dual	4	64	2	14	0.8750	12	0	0.0729
main	layer_dual	4	64	2	15	0.8750	1	0	0.8750
main	layer_dual	4	64	2	16	1.0000	1	1	1.0000
main	layer_dual	4	64	2	17	0.7500	1	0	0.7500
main	layer_dual	4	64	2	18	0.6250	12	0	0.0521
main	layer_dual	4	64	2	19	0.8750	12	0	0.0729
main	layer_dual	4	64	2	20	1.0000	12	1	0.0833
main	layer_dual	4	64	2	21	1.0000	1	1	1.0000
main	layer_dual	4	64	2	22	1.0000	1	1	1.0000
main	layer_dual	4	64	2	23	1.0000	1	1	1.0000
main	layer_dual	4	64	2	24	1.0000	10	1	0.1000
main	layer_dual	4	64	2	25	1.0000	6	1	0.1667
main	layer_dual	4	64	2	26	1.0000	1	1	1.0000
main	layer_dual	4	64	2	27	1.0000	1	1	1.0000
main	layer_dual	4	64	2	28	1.0000	10	1	0.1000
main	layer_dual	4	64	2	29	1.0000	7	1	0.1429
main	layer_dual	4	64	2	30	1.0000	1	1	1.0000
main	layer_dual	4	64	2	31	1.0000	10	1	0.1000
main	layer_dual	4	64	2	32	1.0000	10	1	0.1000
main	layer_dual	4	64	2	33	1.0000	7	1	0.1429
main	layer_dual	4	64	2	34	1.0000	10	1	0.1000
main	layer_dual	4	64	2	35	1.0000	7	1	0.1429
main	layer_dual	4	64	2	36	1.0000	10	1	0.1000
main	layer_dual	4	64	2	37	1.0000	7	1	0.1429
main	layer_dual	4	64	2	38	1.0000	1	1	1.0000
main	layer_dual	4	64	2	39	1.0000	1	1	1.0000
main	layer_dual	4	64	2	40	1.0000	10	1	0.1000
main	layer_dual	4	64	2	41	1.0000	8	1	0.1250
main	layer_dual	4	64	2	42	1.0000	1	1	1.0000
main	layer_dual	4	64	2	43	1.0000	10	1	0.1000
main	layer_dual	4	64	2	44	1.0000	8	1	0.1250
main	layer_dual	4	64	2	45	1.0000	1	1	1.0000
main	layer_dual	4	64	2	46	1.0000	10	1	0.1000
main	layer_dual	4	64	2	47	1.0000	8	1	0.1250
main	layer_dual	4	64	2	48	1.0000	1	1	1.0000
main	layer_dual	4	64	2	49	1.0000	1	1	1.0000
main	layer_dual	4	64	2	50	1.0000	1	1	1.0000
main	layer_dual	4	64	2	51	1.0000	10	1	0.1000
main	layer_dual	4	64	2	52	1.0000	8	1	0.1250
main	layer_dual	5	64	2	0	1.0000	7	1	0.1429
main	layer_dual	5	64	2	1	0.0000	0	0	0.0000
main	layer_dual	5	64	2	2	1.0000	2	1	0.5000
main	layer_dual	5	64	2	3	1.0000	2	1	0.5000
main	layer_dual	5	64	2	4	1.0000	3	1	0.3333
main	layer_dual	5	64	2	5	0.8750	3	0	0.2917
main	layer_dual	5	64	2	6	0.8750	2	0	0.4375
main	layer_dual	5	64	2	7	1.0000	3	1	0.3333
main	layer_dual	5	64	2	8	0.8750	3	0	0.2917
main	layer_dual	5	64	2	9	0.8750	2	0	0.4375
main	layer_dual	5	64	2	10	1.0000	2	1	0.5000
main	layer_dual	5	64	2	11	1.0000	2	1	0.5000
main	layer_dual	5	64	2	12	1.0000	3	1	0.3333
main	layer_dual	5	64	2	13	0.5000	3	0	0.1667
main	layer_dual	5	64	2	14	0.8750	6	0	0.1458
main	layer_dual	5	64	2	15	0.8750	2	0	0.4375
main	layer_dual	5	64	2	16	1.0000	3	1	0.3333
main	layer_dual	5	64	2	17	0.7500	3	0	0.2500
main	layer_dual	5	64	2	18	0.6250	6	0	0.1042
main	layer_dual	5	64	2	19	0.8750	7	0	0.1250
main	layer_dual	5	64	2	20	1.0000	7	1	0.1429
main	layer_dual	5	64	2	21	1.0000	2	1	0.5000
main	layer_dual	5	64	2	22	1.0000	2	1	0.5000
main	layer_dual	5	64	2	23	1.0000	3	1	0.3333
main	layer_dual	5	64	2	24	1.0000	5	1	0.2000
main	layer_dual	5	64	2	25	1.0000	11	1	0.0909
main	layer_dual	5	64	2	26	1.0000	2	1	0.5000
main	layer_dual	5	64	2	27	1.0000	3	1	0.3333
main	layer_dual	5	64	2	28	1.0000	5	1	0.2000
main	layer_dual	5	64	2	29	1.0000	12	1	0.0833
main	layer_dual	5	64	2	30	1.0000	3	1	0.3333
main	layer_dual	5	64	2	31	1.0000	5	1	0.2000
main	layer_dual	5	64	2	32	1.0000	12	1	0.0833
main	layer_dual	5	64	2	33	1.0000	12	1	0.0833
main	layer_dual	5	64	2	34	1.0000	5	1	0.2000
main	layer_dual	5	64	2	35	1.0000	12	1	0.0833
main	layer_dual	5	64	2	36	1.0000	5	1	0.2000
main	layer_dual	5	64	2	37	1.0000	12	1	0.0833
main	layer_dual	5	64	2	38	1.0000	2	1	0.5000
main	layer_dual	5	64	2	39	1.0000	3	1	0.3333
main	layer_dual	5	64	2	40	1.0000	5	1	0.2000
main	layer_dual	5	64	2	41	1.0000	12	1	0.0833
main	layer_dual	5	64	2	42	1.0000	3	1	0.3333
main	layer_dual	5	64	2	43	1.0000	5	1	0.2000
main	layer_dual	5	64	2	44	1.0000	12	1	0.0833
main	layer_dual	5	64	2	45	1.0000	3	1	0.3333
main	layer_dual	5	64	2	46	1.0000	5	1	0.2000
main	layer_dual	5	64	2	47	1.0000	12	1	0.0833
main	layer_dual	5	64	2	48	1.0000	2	1	0.5000
main	layer_dual	5	64	2	49	1.0000	2	1	0.5000
main	layer_dual	5	64	2	50	1.0000	3	1	0.3333
main	layer_dual	5	64	2	51	1.0000	5	1	0.2000
main	layer_dual	5	64	2	52	1.0000	12	1	0.0833
main	layer_dual	6	64	2	0	1.0000	11	1	0.0909
main	layer_dual	6	64	2	1	0.0000	0	0	0.0000
main	layer_dual	6	64	2	2	1.0000	1	1	1.0000
main	layer_dual	6	64	2	3	1.0000	1	1	1.0000
main	layer_dual	6	64	2	4	1.0000	11	1	0.0909
main	layer_dual	6	64	2	5	0.8750	11	0	0.0795
main	layer_dual	6	64	2	6	0.8750	1	0	0.8750
main	layer_dual	6	64	2	7	1.0000	11	1	0.0909
main	layer_dual	6	64	2	8	0.8750	11	0	0.0795
main	layer_dual	6	64	2	9	0.8750	1	0	0.8750
main	layer_dual	6	64	2	10	1.0000	1	1	1.0000
main	layer_dual	6	64	2	11	1.0000	1	1	1.0000
main	layer_dual	6	64	2	12	1.0000	11	1	0.0909
main	layer_dual	6	64	2	13	0.5000	11	0	0.0455
main	layer_dual	6	64	2	14	0.8750	18	0	0.0486
main	layer_dual	6	64	2	15	0.8750	1	0	0.8750
main	layer_dual	6	64	2	16	1.0000	11	1	0.0909
main	layer_dual	6	64	2	17	0.7500	11	0	0.0682
main	layer_dual	6	64	2	18	0.6250	19	0	0.0329
main	layer_dual	6	64	2	19	0.8750	20	0	0.0437
main	layer_dual	6	64	2	20	1.0000	20	1	0.0500
main	layer_dual	6	64	2	21	1.0000	1	1	1.0000
main	layer_dual	6	64	2	22	1.0000	1	1	1.0000
main	layer_dual	6	64	2	23	1.0000	11	1	0.0909
main	layer_dual	6	64	2	24	1.0000	19	1	0.0526
main	layer_dual	6	64	2	25	1.0000	9	1	0.1111
main	layer_dual	6	64	2	26	1.0000	1	1	1.0000
main	layer_dual	6	64	2	27	1.0000	11	1	0.0909
main	layer_dual	6	64	2	28	1.0000	20	1	0.0500
main	layer_dual	6	64	2	29	1.0000	10	1	0.1000
main	layer_dual	6	64	2	30	1.0000	11	1	0.0909
main	layer_dual	6	64	2	31	1.0000	20	1	0.0500
main	layer_dual	6	64	2	32	1.0000	20	1	0.0500
main	layer_dual	6	64	2	33	1.0000	11	1	0.0909
main	layer_dual	6	64	2	34	1.0000	20	1	0.0500
main	layer_dual	6	64	2	35	1.0000	11	1	0.0909
main	layer_dual	6	64	2	36	1.0000	20	1	0.0500
main	layer_dual	6	64	2	37	1.0000	10	1	0.1000
main	layer_dual	6	64	2	38	1.0000	1	1	1.0000
main	layer_dual	6	64	2	39	1.0000	11	1	0.0909
main	layer_dual	6	64	2	40	1.0000	20	1	0.0500
main	layer_dual	6	64	2	41	1.0000	11	1	0.0909
main	layer_dual	6	64	2	42	1.0000	11	1	0.0909
main	layer_dual	6	64	2	43	1.0000	20	1	0.0500
main	layer_dual	6	64	2	44	1.0000	11	1	0.0909
main	layer_dual	6	64	2	45	1.0000	11	1	0.0909
main	layer_dual	6	64	2	46	1.0000	21	1	0.0476
main	layer_dual	6	64	2	47	1.0000	11	1	0.0909
main	layer_dual	6	64	2	48	1.0000	1	1	1.0000
main	layer_dual	6	64	2	49	1.0000	1	1	1.0000
main	layer_dual	6	64	2	50	1.0000	11	1	0.0909
main	layer_dual	6	64	2	51	1.0000	21	1	0.0476
main	layer_dual	6	64	2	52	1.0000	11	1	0.0909
main	layer_dual	7	64	2	0	1.0000	14	1	0.0714
main	layer_dual	7	64	2	1	0.0000	0	0	0.0000
main	layer_dual	7	64	2	2	1.0000	2	1	0.5000
main	layer_dual	7	64	2	3	1.0000	2	1	0.5000
main	layer_dual	7	64	2	4	1.0000	9	1	0.1111
main	layer_dual	7	64	2	5	0.8750	9	0	0.0972
main	layer_dual	7	64	2	6	0.8750	2	0	0.4375
main	layer_dual	7	64	2	7	1.0000	9	1	0.1111
main	layer_dual	7	64	2	8	0.8750	9	0	0.0972
main	layer_dual	7	64	2	9	0.8750	2	0	0.4375
main	layer_dual	7	64	2	10	1.0000	2	1	0.5000
main	layer_dual	7	64	2	11	1.0000	2	1	0.5000
main	layer_dual	7	64	2	12	1.0000	9	1	0.1111
main	layer_dual	7	64	2	13	0.5000	9	0	0.0556
main	layer_dual	7	64	2	14	0.8750	12	0	0.0729
main	layer_dual	7	64	2	15	0.8750	2	0	0.4375
main	layer_dual	7	64	2	16	1.0000	9	1	0.1111
main	layer_dual	7	64	2	17	0.7500	9	0	0.0833
main	layer_dual	7	64	2	18	0.6250	12	0	0.0521
main	layer_dual	7	64	2	19	0.8750	12	0	0.0729
main	layer_dual	7	64	2	20	1.0000	12	1	0.0833
main	layer_dual	7	64	2	21	1.0000	2	1	0.5000
main	layer_dual	7	64	2	22	1.0000	2	1	0.5000
main	layer_dual	7	64	2	23	1.0000	9	1	0.1111
main	layer_dual	7	64	2	24	1.0000	16	1	0.0625
main	layer_dual	7	64	2	25	1.0000	19	1	0.0526
main	layer_dual	7	64	2	26	1.0000	2	1	0.5000
main	layer_dual	7	64	2	27	1.0000	9	1	0.1111
main	layer_dual	7	64	2	28	1.0000	15	1	0.0667
main	layer_dual	7	64	2	29	1.0000	19	1	0.0526
main	layer_dual	7	64	2	30	1.0000	9	1	0.1111
main	layer_dual	7	64	2	31	1.0000	15	1	0.0667
main	layer_dual	7	64	2	32	1.0000	19	1	0.0526
main	layer_dual	7	64	2	33	1.0000	19	1	0.0526
main	layer_dual	7	64	2	34	1.0000	16	1	0.0625
main	layer_dual	7	64	2	35	1.0000	19	1	0.0526
main	layer_dual	7	64	2	36	1.0000	17	1	0.0588
main	layer_dual	7	64	2	37	1.0000	19	1	0.0526
main	layer_dual	7	64	2	38	1.0000	2	1	0.5000
main	layer_dual	7	64	2	39	1.0000	9	1	0.1111
main	layer_dual	7	64	2	40	1.0000	16	1	0.0625
main	layer_dual	7	64	2	41	1.0000	19	1	0.0526
main	layer_dual	7	64	2	42	1.0000	9	1	0.1111
main	layer_dual	7	64	2	43	1.0000	16	1	0.0625
main	layer_dual	7	64	2	44	1.0000	19	1	0.0526
main	layer_dual	7	64	2	45	1.0000	9	1	0.1111
main	layer_dual	7	64	2	46	1.0000	16	1	0.0625
main	layer_dual	7	64	2	47	1.0000	19	1	0.0526
main	layer_dual	7	64	2	48	1.0000	2	1	0.5000
main	layer_dual	7	64	2	49	1.0000	2	1	0.5000
main	layer_dual	7	64	2	50	1.0000	9	1	0.1111
main	layer_dual	7	64	2	51	1.0000	16	1	0.0625
main	layer_dual	7	64	2	52	1.0000	19	1	0.0526
main	layer_dual	8	64	2	0	1.0000	9	1	0.1111
main	layer_dual	8	64	2	1	0.0000	0	0	0.0000
main	layer_dual	8	64	2	2	1.0000	2	1	0.5000
main	layer_dual	8	64	2	3	1.0000	2	1	0.5000
main	layer_dual	8	64	2	4	1.0000	9	1	0.1111
main	layer_dual	8	64	2	5	0.8750	9	0	0.0972
main	layer_dual	8	64	2	6	0.8750	2	0	0.4375
main	layer_dual	8	64	2	7	1.0000	9	1	0.1111
main	layer_dual	8	64	2	8	0.8750	9	0	0.0972
main	layer_dual	8	64	2	9	0.8750	2	0	0.4375
main	layer_dual	8	64	2	10	1.0000	2	1	0.5000
main	layer_dual	8	64	2	11	1.0000	2	1	0.5000
main	layer_dual	8	64	2	12	1.0000	9	1	0.1111
main	layer_dual	8	64	2	13	0.5000	9	0	0.0556
main	layer_dual	8	64	2	14	0.8750	9	0	0.0972
main	layer_dual	8	64	2	15	0.8750	2	0	0.4375
main	layer_dual	8	64	2	16	1.0000	9	1	0.1111
main	layer_dual	8	64	2	17	0.7500	9	0	0.0833
main	layer_dual	8	64	2	18	0.6250	9	0	0.0694
main	layer_dual	8	64	2	19	0.8750	6	0	0.1458
main	layer_dual	8	64	2	20	1.0000	6	1	0.1667
main	layer_dual	8	64	2	21	1.0000	2	1	0.5000
main	layer_dual	8	64	2	22	1.0000	2	1	0.5000
main	layer_dual	8	64	2	23	1.0000	9	1	0.1111
main	layer_dual	8	64	2	24	1.0000	12	1	0.0833
main	layer_dual	8	64	2	25	1.0000	13	1	0.0769
main	layer_dual	8	64	2	26	1.0000	2	1	0.5000
main	layer_dual	8	64	2	27	1.0000	9	1	0.1111
main	layer_dual	8	64	2	28	1.0000	12	1	0.0833
main	layer_dual	8	64	2	29	1.0000	13	1	0.0769
main	layer_dual	8	64	2	30	1.0000	9	1	0.1111
main	layer_dual	8	64	2	31	1.0000	12	1	0.0833
main	layer_dual	8	64	2	32	1.0000	14	1	0.0714
main	layer_dual	8	64	2	33	1.0000	14	1	0.0714
main	layer_dual	8	64	2	34	1.0000	13	1	0.0769
main	layer_dual	8	64	2	35	1.0000	14	1	0.0714
main	layer_dual	8	64	2	36	1.0000	13	1	0.0769
main	layer_dual	8	64	2	37	1.0000	14	1	0.0714
main	layer_dual	8	64	2	38	1.0000	2	1	0.5000
main	layer_dual	8	64	2	39	1.0000	9	1	0.1111
main	layer_dual	8	64	2	40	1.0000	13	1	0.0769
main	layer_dual	8	64	2	41	1.0000	14	1	0.0714
main	layer_dual	8	64	2	42	1.0000	9	1	0.1111
main	layer_dual	8	64	2	43	1.0000	13	1	0.0769
main	layer_dual	8	64	2	44	1.0000	14	1	0.0714
main	layer_dual	8	64	2	45	1.0000	9	1	0.1111
main	layer_dual	8	64	2	46	1.0000	13	1	0.0769
main	layer_dual	8	64	2	47	1.0000	14	1	0.0714
main	layer_dual	8	64	2	48	1.0000	2	1	0.5000
main	layer_dual	8	64	2	49	1.0000	2	1	0.5000
main	layer_dual	8	64	2	50	1.0000	9	1	0.1111
main	layer_dual	8	64	2	51	1.0000	13	1	0.0769
main	layer_dual	8	64	2	52	1.0000	14	1	0.0714
main	layer_dual	9	64	2	0	1.0000	10	1	0.1000
main	layer_dual	9	64	2	1	0.0000	0	0	0.0000
main	layer_dual	9	64	2	2	1.0000	2	1	0.5000
main	layer_dual	9	64	2	3	1.0000	2	1	0.5000
main	layer_dual	9	64	2	4	1.0000	7	1	0.1429
main	layer_dual	9	64	2	5	0.8750	8	0	0.1094
main	layer_dual	9	64	2	6	0.8750	2	0	0.4375
main	layer_dual	9	64	2	7	1.0000	7	1	0.1429
main	layer_dual	9	64	2	8	0.8750	7	0	0.1250
main	layer_dual	9	64	2	9	0.8750	2	0	0.4375
main	layer_dual	9	64	2	10	1.0000	2	1	0.5000
main	layer_dual	9	64	2	11	1.0000	2	1	0.5000
main	layer_dual	9	64	2	12	1.0000	8	1	0.1250
main	layer_dual	9	64	2	13	0.5000	7	0	0.0714
main	layer_dual	9	64	2	14	0.8750	9	0	0.0972
main	layer_dual	9	64	2	15	0.8750	2	0	0.4375
main	layer_dual	9	64	2	16	1.0000	7	1	0.1429
main	layer_dual	9	64	2	17	0.7500	8	0	0.0938
main	layer_dual	9	64	2	18	0.6250	9	0	0.0694
main	layer_dual	9	64	2	19	0.8750	9	0	0.0972
main	layer_dual	9	64	2	20	1.0000	9	1	0.1111
main	layer_dual	9	64	2	21	1.0000	2	1	0.5000
main	layer_dual	9	64	2	22	1.0000	2	1	0.5000
main	layer_dual	9	64	2	23	1.0000	7	1	0.1429
main	layer_dual	9	64	2	24	1.0000	13	1	0.0769
main	layer_dual	9	64	2	25	1.0000	15	1	0.0667
main	layer_dual	9	64	2	26	1.0000	2	1	0.5000
main	layer_dual	9	64	2	27	1.0000	7	1	0.1429
main	layer_dual	9	64	2	28	1.0000	14	1	0.0714
main	layer_dual	9	64	2	29	1.0000	15	1	0.0667
main	layer_dual	9	64	2	30	1.0000	7	1	0.1429
main	layer_dual	9	64	2	31	1.0000	14	1	0.0714
main	layer_dual	9	64	2	32	1.0000	15	1	0.0667
main	layer_dual	9	64	2	33	1.0000	15	1	0.0667
main	layer_dual	9	64	2	34	1.0000	14	1	0.0714
main	layer_dual	9	64	2	35	1.0000	15	1	0.0667
main	layer_dual	9	64	2	36	1.0000	14	1	0.0714
main	layer_dual	9	64	2	37	1.0000	15	1	0.0667
main	layer_dual	9	64	2	38	1.0000	2	1	0.5000
main	layer_dual	9	64	2	39	1.0000	7	1	0.1429
main	layer_dual	9	64	2	40	1.0000	14	1	0.0714
main	layer_dual	9	64	2	41	1.0000	16	1	0.0625
main	layer_dual	9	64	2	42	1.0000	7	1	0.1429
main	layer_dual	9	64	2	43	1.0000	14	1	0.0714
main	layer_dual	9	64	2	44	1.0000	16	1	0.0625
main	layer_dual	9	64	2	45	1.0000	7	1	0.1429
main	layer_dual	9	64	2	46	1.0000	14	1	0.0714
main	layer_dual	9	64	2	47	1.0000	16	1	0.0625
main	layer_dual	9	64	2	48	1.0000	2	1	0.5000
main	layer_dual	9	64	2	49	1.0000	2	1	0.5000
main	layer_dual	9	64	2	50	1.0000	8	1	0.1250
main	layer_dual	9	64	2	51	1.0000	14	1	0.0714
main	layer_dual	9	64	2	52	1.0000	16	1	0.0625
robust	baseline	0	128	2	0	1.0000	8	1	0.1250
robust	baseline	0	128	2	1	1.0000	5	1	0.2000
robust	baseline	0	128	2	2	1.0000	1	1	1.0000
robust	baseline	0	128	2	3	1.0000	1	1	1.0000
robust	baseline	0	128	2	4	1.0000	6	1	0.1667
robust	baseline	0	128	2	5	1.0000	11	1	0.0909
robust	baseline	0	128	2	6	1.0000	11	1	0.0909
robust	baseline	0	128	2	7	1.0000	6	1	0.1667
robust	baseline	0	128	2	8	1.0000	10	1	0.1000
robust	baseline	0	128	2	9	1.0000	10	1	0.1000
robust	baseline	0	128	2	10	1.0000	1	1	1.0000
robust	baseline	0	128	2	11	1.0000	1	1	1.0000
robust	baseline	0	128	2	12	1.0000	6	1	0.1667
robust	baseline	0	128	2	13	1.0000	11	1	0.0909
robust	baseline	0	128	2	14	1.0000	11	1	0.0909
robust	baseline	0	128	2	15	1.0000	11	1	0.0909
robust	baseline	0	128	2	16	1.0000	6	1	0.1667
robust	baseline	0	128	2	17	1.0000	6	1	0.1667
robust	baseline	0	128	2	18	1.0000	9	1	0.1111
robust	baseline	0	128	2	19	1.0000	9	1	0.1111
robust	baseline	0	128	2	20	1.0000	9	1	0.1111
robust	baseline	0	128	2	21	1.0000	1	1	1.0000
robust	baseline	0	128	2	22	1.0000	1	1	1.0000
robust	baseline	0	128	2	23	1.0000	6	1	0.1667
robust	baseline	0	128	2	24	1.0000	9	1	0.1111
robust	baseline	0	128	2	25	1.0000	7	1	0.1429
robust	baseline	0	128	2	26	1.0000	1	1	1.0000
robust	baseline	0	128	2	27	1.0000	6	1	0.1667
robust	baseline	0	128	2	28	1.0000	10	1	0.1000
robust	baseline	0	128	2	29	1.0000	8	1	0.1250
robust	baseline	0	128	2	30	1.0000	6	1	0.1667
robust	baseline	0	128	2	31	1.0000	10	1	0.1000
robust	baseline	0	128	2	32	1.0000	10	1	0.1000
robust	baseline	0	128	2	33	1.0000	8	1	0.1250
robust	baseline	0	128	2	34	1.0000	10	1	0.1000
robust	baseline	0	128	2	35	1.0000	8	1	0.1250
robust	baseline	0	128	2	36	1.0000	10	1	0.1000
robust	baseline	0	128	2	37	1.0000	8	1	0.1250
robust	baseline	0	128	2	38	1.0000	1	1	1.0000
robust	baseline	0	128	2	39	1.0000	6	1	0.1667
robust	baseline	0	128	2	40	1.0000	10	1	0.1000
robust	baseline	0	128	2	41	1.0000	8	1	0.1250
robust	baseline	0	128	2	42	1.0000	6	1	0.1667
robust	baseline	0	128	2	43	1.0000	10	1	0.1000
robust	baseline	0	128	2	44	1.0000	8	1	0.1250
robust	baseline	0	128	2	45	1.0000	6	1	0.1667
robust	baseline	0	128	2	46	1.0000	10	1	0.1000
robust	baseline	0	128	2	47	1.0000	8	1	0.1250
robust	baseline	0	128	2	48	1.0000	1	1	1.0000
robust	baseline	0	128	2	49	1.0000	1	1	1.0000
robust	baseline	0	128	2	50	1.0000	6	1	0.1667
robust	baseline	0	128	2	51	1.0000	10	1	0.1000
robust	baseline	0	128	2	52	1.0000	8	1	0.1250
robust	baseline	1	128	2	0	1.0000	9	1	0.1111
robust	baseline	1	128	2	1	1.0000	8	1	0.1250
robust	baseline	1	128	2	2	1.0000	1	1	1.0000
robust	baseline	1	128	2	3	1.0000	1	1	1.0000
robust	baseline	1	128	2	4	1.0000	2	1	0.5000
robust	baseline	1	128	2	5	1.0000	29	1	0.0345
robust	baseline	1	128	2	6	1.0000	29	1	0.0345
robust	baseline	1	128	2	7	1.0000	2	1	0.5000
robust	baseline	1	128	2	8	1.0000	28	1	0.0357
robust	baseline	1	128	2	9	1.0000	27	1	0.0370
robust	baseline	1	128	2	10	1.0000	1	1	1.0000
robust	baseline	1	128	2	11	1.0000	1	1	1.0000
robust	baseline	1	128	2	12	1.0000	2	1	0.5000
robust	baseline	1	128	2	13	1.0000	29	1	0.0345
robust	baseline	1	128	2	14	1.0000	29	1	0.0345
robust	baseline	1	128	2	15	1.0000	29	1	0.0345
robust	baseline	1	128	2	16	1.0000	2	1	0.5000
robust	baseline	1	128	2	17	1.0000	8	1	0.1250
robust	baseline	1	128	2	18	1.0000	8	1	0.1250
robust	baseline	1	128	2	19	1.0000	9	1	0.1111
robust	baseline	1	128	2	20	1.0000	9	1	0.1111
robust	baseline	1	128	2	21	1.0000	1	1	1.0000
robust	baseline	1	128	2	22	1.0000	1	1	1.0000
robust	baseline	1	128	2	23	1.0000	2	1	0.5000
robust	baseline	1	128	2	24	1.0000	9	1	0.1111
robust	baseline	1	128	2	25	1.0000	7	1	0.1429
robust	baseline	1	128	2	26	1.0000	1	1	1.0000
robust	baseline	1	128	2	27	1.0000	2	1	0.5000
robust	baseline	1	128	2	28	1.0000	9	1	0.1111
robust	baseline	1	128	2	29	1.0000	8	1	0.1250
robust	baseline	1	128	2	30	1.0000	2	1	0.5000
robust	baseline	1	128	2	31	1.0000	9	1	0.1111
robust	baseline	1	128	2	32	1.0000	9	1	0.1111
robust	baseline	1	128	2	33	1.0000	8	1	0.1250
robust	baseline	1	128	2	34	1.0000	9	1	0.1111
robust	baseline	1	128	2	35	1.0000	8	1	0.1250
robust	baseline	1	128	2	36	1.0000	9	1	0.1111
robust	baseline	1	128	2	37	1.0000	8	1	0.1250
robust	baseline	1	128	2	38	1.0000	1	1	1.0000
robust	baseline	1	128	2	39	1.0000	2	1	0.5000
robust	baseline	1	128	2	40	1.0000	9	1	0.1111
robust	baseline	1	128	2	41	1.0000	8	1	0.1250
robust	baseline	1	128	2	42	1.0000	2	1	0.5000
robust	baseline	1	128	2	43	1.0000	9	1	0.1111
robust	baseline	1	128	2	44	1.0000	8	1	0.1250
robust	baseline	1	128	2	45	1.0000	2	1	0.5000
robust	baseline	1	128	2	46	1.0000	9	1	0.1111
robust	baseline	1	128	2	47	1.0000	8	1	0.1250
robust	baseline	1	128	2	48	1.0000	1	1	1.0000
robust	baseline	1	128	2	49	1.0000	1	1	1.0000
robust	baseline	1	128	2	50	1.0000	2	1	0.5000
robust	baseline	1	128	2	51	1.0000	9	1	0.1111
robust	baseline	1	128	2	52	1.0000	8	1	0.1250
robust	decl_full	0	128	2	0	1.0000	7	1	0.1429
robust	decl_full	0	128	2	1	1.0000	2	1	0.5000
robust	decl_full	0	128	2	2	1.0000	13	1	0.0769
robust	decl_full	0	128	2	3	1.0000	13	1	0.0769
robust	decl_full	0	128	2	4	1.0000	13	1	0.0769
robust	decl_full	0	128	2	5	1.0000	13	1	0.0769
robust	decl_full	0	128	2	6	1.0000	13	1	0.0769
robust	decl_full	0	128	2	7	1.0000	13	1	0.0769
robust	decl_full	0	128	2	8	1.0000	13	1	0.0769
robust	decl_full	0	128	2	9	1.0000	13	1	0.0769
robust	decl_full	0	128	2	10	1.0000	13	1	0.0769
robust	decl_full	0	128	2	11	1.0000	13	1	0.0769
robust	decl_full	0	128	2	12	1.0000	13	1	0.0769
robust	decl_full	0	128	2	13	1.0000	13	1	0.0769
robust	decl_full	0	128	2	14	1.0000	13	1	0.0769
robust	decl_full	0	128	2	15	1.0000	13	1	0.0769
robust	decl_full	0	128	2	16	1.0000	13	1	0.0769
robust	decl_full	0	128	2	17	1.0000	13	1	0.0769
robust	decl_full	0	128	2	18	1.0000	13	1	0.0769
robust	decl_full	0	128	2	19	1.0000	13	1	0.0769
robust	decl_full	0	128	2	20	1.0000	13	1	0.0769
robust	decl_full	0	128	2	21	1.0000	13	1	0.0769
robust	decl_full	0	128	2	22	1.0000	13	1	0.0769
robust	decl_full	0	128	2	23	1.0000	13	1	0.0769
robust	decl_full	0	128	2	24	1.0000	13	1	0.0769
robust	decl_full	0	128	2	25	1.0000	13	1	0.0769
robust	decl_full	0	128	2	26	1.0000	13	1	0.0769
robust	decl_full	0	128	2	27	1.0000	13	1	0.0769
robust	decl_full	0	128	2	28	1.0000	13	1	0.0769
robust	decl_full	0	128	2	29	1.0000	13	1	0.0769
robust	decl_full	0	128	2	30	1.0000	13	1	0.0769
robust	decl_full	0	128	2	31	1.0000	13	1	0.0769
robust	decl_full	0	128	2	32	1.0000	13	1	0.0769
robust	decl_full	0	128	2	33	1.0000	13	1	0.0769
robust	decl_full	0	128	2	34	1.0000	13	1	0.0769
robust	decl_full	0	128	2	35	1.0000	13	1	0.0769
robust	decl_full	0	128	2	36	1.0000	13	1	0.0769
robust	decl_full	0	128	2	37	1.0000	13	1	0.0769
robust	decl_full	0	128	2	38	1.0000	13	1	0.0769
robust	decl_full	0	128	2	39	1.0000	13	1	0.0769
robust	decl_full	0	128	2	40	1.0000	13	1	0.0769
robust	decl_full	0	128	2	41	1.0000	13	1	0.0769
robust	decl_full	0	128	2	42	1.0000	13	1	0.0769
robust	decl_full	0	128	2	43	1.0000	13	1	0.0769
robust	decl_full	0	128	2	44	1.0000	13	1	0.0769
robust	decl_full	0	128	2	45	1.0000	13	1	0.0769
robust	decl_full	0	128	2	46	1.0000	13	1	0.0769
robust	decl_full	0	128	2	47	1.0000	13	1	0.0769
robust	decl_full	0	128	2	48	1.0000	13	1	0.0769
robust	decl_full	0	128	2	49	1.0000	13	1	0.0769
robust	decl_full	0	128	2	50	1.0000	13	1	0.0769
robust	decl_full	0	128	2	51	1.0000	10	1	0.1000
robust	decl_full	0	128	2	52	1.0000	6	1	0.1667
robust	decl_full	1	128	2	0	1.0000	7	1	0.1429
robust	decl_full	1	128	2	1	1.0000	7	1	0.1429
robust	decl_full	1	128	2	2	1.0000	13	1	0.0769
robust	decl_full	1	128	2	3	1.0000	13	1	0.0769
robust	decl_full	1	128	2	4	1.0000	13	1	0.0769
robust	decl_full	1	128	2	5	1.0000	24	1	0.0417
robust	decl_full	1	128	2	6	1.0000	25	1	0.0400
robust	decl_full	1	128	2	7	1.0000	13	1	0.0769
robust	decl_full	1	128	2	8	1.0000	23	1	0.0435
robust	decl_full	1	128	2	9	1.0000	23	1	0.0435
robust	decl_full	1	128	2	10	1.0000	13	1	0.0769
robust	decl_full	1	128	2	11	1.0000	13	1	0.0769
robust	decl_full	1	128	2	12	1.0000	12	1	0.0833
robust	decl_full	1	128	2	13	1.0000	25	1	0.0400
robust	decl_full	1	128	2	14	1.0000	24	1	0.0417
robust	decl_full	1	128	2	15	1.0000	25	1	0.0400
robust	decl_full	1	128	2	16	1.0000	13	1	0.0769
robust	decl_full	1	128	2	17	1.0000	13	1	0.0769
robust	decl_full	1	128	2	18	1.0000	13	1	0.0769
robust	decl_full	1	128	2	19	1.0000	13	1	0.0769
robust	decl_full	1	128	2	20	1.0000	13	1	0.0769
robust	decl_full	1	128	2	21	1.0000	13	1	0.0769
robust	decl_full	1	128	2	22	1.0000	13	1	0.0769
robust	decl_full	1	128	2	23	1.0000	13	1	0.0769
robust	decl_full	1	128	2	24	1.0000	13	1	0.0769
robust	decl_full	1	128	2	25	1.0000	13	1	0.0769
robust	decl_full	1	128	2	26	1.0000	13	1	0.0769
robust	decl_full	1	128	2	27	1.0000	13	1	0.0769
robust	decl_full	1	128	2	28	1.0000	12	1	0.0833
robust	decl_full	1	128	2	29	1.0000	12	1	0.0833
robust	decl_full	1	128	2	30	1.0000	12	1	0.0833
robust	decl_full	1	128	2	31	1.0000	12	1	0.0833
robust	decl_full	1	128	2	32	1.0000	12	1	0.0833
robust	decl_full	1	128	2	33	1.0000	12	1	0.0833
robust	decl_full	1	128	2	34	1.0000	12	1	0.0833
robust	decl_full	1	128	2	35	1.0000	12	1	0.0833
robust	decl_full	1	128	2	36	1.0000	12	1	0.0833
robust	decl_full	1	128	2	37	1.0000	12	1	0.0833
robust	decl_full	1	128	2	38	1.0000	12	1	0.0833
robust	decl_full	1	128	2	39	1.0000	12	1	0.0833
robust	decl_full	1	128	2	40	1.0000	12	1	0.0833
robust	decl_full	1	128	2	41	1.0000	12	1	0.0833
robust	decl_full	1	128	2	42	1.0000	12	1	0.0833
robust	decl_full	1	128	2	43	1.0000	12	1	0.0833
robust	decl_full	1	128	2	44	1.0000	12	1	0.0833
robust	decl_full	1	128	2	45	1.0000	12	1	0.0833
robust	decl_full	1	128	2	46	1.0000	12	1	0.0833
robust	decl_full	1	128	2	47	1.0000	12	1	0.0833
robust	decl_full	1	128	2	48	1.0000	12	1	0.0833
robust	decl_full	1	128	2	49	1.0000	12	1	0.0833
robust	decl_full	1	128	2	50	1.0000	12	1	0.0833
robust	decl_full	1	128	2	51	1.0000	9	1	0.1111
robust	decl_full	1	128	2	52	1.0000	7	1	0.1429
robust	excl_pollute30	0	128	2	0	1.0000	8	1	0.1250
robust	excl_pollute30	0	128	2	1	1.0000	5	1	0.2000
robust	excl_pollute30	0	128	2	2	1.0000	2	1	0.5000
robust	excl_pollute30	0	128	2	3	1.0000	2	1	0.5000
robust	excl_pollute30	0	128	2	4	1.0000	6	1	0.1667
robust	excl_pollute30	0	128	2	5	1.0000	14	1	0.0714
robust	excl_pollute30	0	128	2	6	1.0000	14	1	0.0714
robust	excl_pollute30	0	128	2	7	1.0000	6	1	0.1667
robust	excl_pollute30	0	128	2	8	1.0000	14	1	0.0714
robust	excl_pollute30	0	128	2	9	1.0000	13	1	0.0769
robust	excl_pollute30	0	128	2	10	1.0000	2	1	0.5000
robust	excl_pollute30	0	128	2	11	1.0000	2	1	0.5000
robust	excl_pollute30	0	128	2	12	1.0000	6	1	0.1667
robust	excl_pollute30	0	128	2	13	1.0000	14	1	0.0714
robust	excl_pollute30	0	128	2	14	1.0000	14	1	0.0714
robust	excl_pollute30	0	128	2	15	1.0000	14	1	0.0714
robust	excl_pollute30	0	128	2	16	1.0000	6	1	0.1667
robust	excl_pollute30	0	128	2	17	1.0000	6	1	0.1667
robust	excl_pollute30	0	128	2	18	1.0000	11	1	0.0909
robust	excl_pollute30	0	128	2	19	1.0000	11	1	0.0909
robust	excl_pollute30	0	128	2	20	1.0000	11	1	0.0909
robust	excl_pollute30	0	128	2	21	1.0000	2	1	0.5000
robust	excl_pollute30	0	128	2	22	1.0000	2	1	0.5000
robust	excl_pollute30	0	128	2	23	1.0000	6	1	0.1667
robust	excl_pollute30	0	128	2	24	1.0000	10	1	0.1000
robust	excl_pollute30	0	128	2	25	1.0000	9	1	0.1111
robust	excl_pollute30	0	128	2	26	1.0000	2	1	0.5000
robust	excl_pollute30	0	128	2	27	1.0000	6	1	0.1667
robust	excl_pollute30	0	128	2	28	1.0000	10	1	0.1000
robust	excl_pollute30	0	128	2	29	1.0000	9	1	0.1111
robust	excl_pollute30	0	128	2	30	1.0000	6	1	0.1667
robust	excl_pollute30	0	128	2	31	1.0000	10	1	0.1000
robust	excl_pollute30	0	128	2	32	1.0000	10	1	0.1000
robust	excl_pollute30	0	128	2	33	1.0000	10	1	0.1000
robust	excl_pollute30	0	128	2	34	1.0000	11	1	0.0909
robust	excl_pollute30	0	128	2	35	1.0000	10	1	0.1000
robust	excl_pollute30	0	128	2	36	1.0000	11	1	0.0909
robust	excl_pollute30	0	128	2	37	1.0000	10	1	0.1000
robust	excl_pollute30	0	128	2	38	1.0000	2	1	0.5000
robust	excl_pollute30	0	128	2	39	1.0000	6	1	0.1667
robust	excl_pollute30	0	128	2	40	1.0000	11	1	0.0909
robust	excl_pollute30	0	128	2	41	1.0000	10	1	0.1000
robust	excl_pollute30	0	128	2	42	1.0000	6	1	0.1667
robust	excl_pollute30	0	128	2	43	1.0000	11	1	0.0909
robust	excl_pollute30	0	128	2	44	1.0000	10	1	0.1000
robust	excl_pollute30	0	128	2	45	1.0000	6	1	0.1667
robust	excl_pollute30	0	128	2	46	1.0000	11	1	0.0909
robust	excl_pollute30	0	128	2	47	1.0000	10	1	0.1000
robust	excl_pollute30	0	128	2	48	1.0000	2	1	0.5000
robust	excl_pollute30	0	128	2	49	1.0000	2	1	0.5000
robust	excl_pollute30	0	128	2	50	1.0000	6	1	0.1667
robust	excl_pollute30	0	128	2	51	1.0000	11	1	0.0909
robust	excl_pollute30	0	128	2	52	1.0000	11	1	0.0909
robust	excl_pollute30	1	128	2	0	1.0000	10	1	0.1000
robust	excl_pollute30	1	128	2	1	1.0000	9	1	0.1111
robust	excl_pollute30	1	128	2	2	1.0000	2	1	0.5000
robust	excl_pollute30	1	128	2	3	1.0000	2	1	0.5000
robust	excl_pollute30	1	128	2	4	1.0000	2	1	0.5000
robust	excl_pollute30	1	128	2	5	1.0000	32	1	0.0312
robust	excl_pollute30	1	128	2	6	1.0000	32	1	0.0312
robust	excl_pollute30	1	128	2	7	1.0000	2	1	0.5000
robust	excl_pollute30	1	128	2	8	1.0000	31	1	0.0323
robust	excl_pollute30	1	128	2	9	1.0000	31	1	0.0323
robust	excl_pollute30	1	128	2	10	1.0000	2	1	0.5000
robust	excl_pollute30	1	128	2	11	1.0000	2	1	0.5000
robust	excl_pollute30	1	128	2	12	1.0000	2	1	0.5000
robust	excl_pollute30	1	128	2	13	1.0000	32	1	0.0312
robust	excl_pollute30	1	128	2	14	1.0000	32	1	0.0312
robust	excl_pollute30	1	128	2	15	1.0000	32	1	0.0312
robust	excl_pollute30	1	128	2	16	1.0000	2	1	0.5000
robust	excl_pollute30	1	128	2	17	1.0000	9	1	0.1111
robust	excl_pollute30	1	128	2	18	1.0000	9	1	0.1111
robust	excl_pollute30	1	128	2	19	1.0000	9	1	0.1111
robust	excl_pollute30	1	128	2	20	1.0000	9	1	0.1111
robust	excl_pollute30	1	128	2	21	1.0000	2	1	0.5000
robust	excl_pollute30	1	128	2	22	1.0000	2	1	0.5000
robust	excl_pollute30	1	128	2	23	1.0000	2	1	0.5000
robust	excl_pollute30	1	128	2	24	1.0000	12	1	0.0833
robust	excl_pollute30	1	128	2	25	1.0000	11	1	0.0909
robust	excl_pollute30	1	128	2	26	1.0000	2	1	0.5000
robust	excl_pollute30	1	128	2	27	1.0000	2	1	0.5000
robust	excl_pollute30	1	128	2	28	1.0000	12	1	0.0833
robust	excl_pollute30	1	128	2	29	1.0000	11	1	0.0909
robust	excl_pollute30	1	128	2	30	1.0000	2	1	0.5000
robust	excl_pollute30	1	128	2	31	1.0000	12	1	0.0833
robust	excl_pollute30	1	128	2	32	1.0000	12	1	0.0833
robust	excl_pollute30	1	128	2	33	1.0000	11	1	0.0909
robust	excl_pollute30	1	128	2	34	1.0000	13	1	0.0769
robust	excl_pollute30	1	128	2	35	1.0000	11	1	0.0909
robust	excl_pollute30	1	128	2	36	1.0000	13	1	0.0769
robust	excl_pollute30	1	128	2	37	1.0000	11	1	0.0909
robust	excl_pollute30	1	128	2	38	1.0000	2	1	0.5000
robust	excl_pollute30	1	128	2	39	1.0000	2	1	0.5000
robust	excl_pollute30	1	128	2	40	1.0000	13	1	0.0769
robust	excl_pollute30	1	128	2	41	1.0000	11	1	0.0909
robust	excl_pollute30	1	128	2	42	1.0000	2	1	0.5000
robust	excl_pollute30	1	128	2	43	1.0000	13	1	0.0769
robust	excl_pollute30	1	128	2	44	1.0000	11	1	0.0909
robust	excl_pollute30	1	128	2	45	1.0000	2	1	0.5000
robust	excl_pollute30	1	128	2	46	1.0000	13	1	0.0769
robust	excl_pollute30	1	128	2	47	1.0000	11	1	0.0909
robust	excl_pollute30	1	128	2	48	1.0000	2	1	0.5000
robust	excl_pollute30	1	128	2	49	1.0000	2	1	0.5000
robust	excl_pollute30	1	128	2	50	1.0000	2	1	0.5000
robust	excl_pollute30	1	128	2	51	1.0000	13	1	0.0769
robust	excl_pollute30	1	128	2	52	1.0000	11	1	0.0909
robust	baseline	0	64	4	0	1.0000	7	1	0.1429
robust	baseline	0	64	4	1	1.0000	9	1	0.1111
robust	baseline	0	64	4	2	1.0000	2	1	0.5000
robust	baseline	0	64	4	3	1.0000	2	1	0.5000
robust	baseline	0	64	4	4	1.0000	6	1	0.1667
robust	baseline	0	64	4	5	1.0000	17	1	0.0588
robust	baseline	0	64	4	6	1.0000	17	1	0.0588
robust	baseline	0	64	4	7	1.0000	6	1	0.1667
robust	baseline	0	64	4	8	1.0000	17	1	0.0588
robust	baseline	0	64	4	9	1.0000	17	1	0.0588
robust	baseline	0	64	4	10	1.0000	2	1	0.5000
robust	baseline	0	64	4	11	1.0000	2	1	0.5000
robust	baseline	0	64	4	12	1.0000	6	1	0.1667
robust	baseline	0	64	4	13	1.0000	17	1	0.0588
robust	baseline	0	64	4	14	1.0000	17	1	0.0588
robust	baseline	0	64	4	15	1.0000	17	1	0.0588
robust	baseline	0	64	4	16	1.0000	6	1	0.1667
robust	baseline	0	64	4	17	1.0000	9	1	0.1111
robust	baseline	0	64	4	18	1.0000	11	1	0.0909
robust	baseline	0	64	4	19	1.0000	11	1	0.0909
robust	baseline	0	64	4	20	1.0000	11	1	0.0909
robust	baseline	0	64	4	21	1.0000	2	1	0.5000
robust	baseline	0	64	4	22	1.0000	2	1	0.5000
robust	baseline	0	64	4	23	1.0000	5	1	0.2000
robust	baseline	0	64	4	24	1.0000	7	1	0.1429
robust	baseline	0	64	4	25	1.0000	15	1	0.0667
robust	baseline	0	64	4	26	1.0000	2	1	0.5000
robust	baseline	0	64	4	27	1.0000	6	1	0.1667
robust	baseline	0	64	4	28	1.0000	8	1	0.1250
robust	baseline	0	64	4	29	1.0000	15	1	0.0667
robust	baseline	0	64	4	30	1.0000	6	1	0.1667
robust	baseline	0	64	4	31	1.0000	8	1	0.1250
robust	baseline	0	64	4	32	1.0000	15	1	0.0667
robust	baseline	0	64	4	33	1.0000	15	1	0.0667
robust	baseline	0	64	4	34	1.0000	8	1	0.1250
robust	baseline	0	64	4	35	1.0000	16	1	0.0625
robust	baseline	0	64	4	36	1.0000	8	1	0.1250
robust	baseline	0	64	4	37	1.0000	16	1	0.0625
robust	baseline	0	64	4	38	1.0000	2	1	0.5000
robust	baseline	0	64	4	39	1.0000	6	1	0.1667
robust	baseline	0	64	4	40	1.0000	8	1	0.1250
robust	baseline	0	64	4	41	1.0000	16	1	0.0625
robust	baseline	0	64	4	42	1.0000	6	1	0.1667
robust	baseline	0	64	4	43	1.0000	8	1	0.1250
robust	baseline	0	64	4	44	1.0000	16	1	0.0625
robust	baseline	0	64	4	45	1.0000	6	1	0.1667
robust	baseline	0	64	4	46	1.0000	8	1	0.1250
robust	baseline	0	64	4	47	1.0000	16	1	0.0625
robust	baseline	0	64	4	48	1.0000	2	1	0.5000
robust	baseline	0	64	4	49	1.0000	2	1	0.5000
robust	baseline	0	64	4	50	1.0000	6	1	0.1667
robust	baseline	0	64	4	51	1.0000	8	1	0.1250
robust	baseline	0	64	4	52	1.0000	16	1	0.0625
robust	baseline	1	64	4	0	1.0000	11	1	0.0909
robust	baseline	1	64	4	1	1.0000	8	1	0.1250
robust	baseline	1	64	4	2	1.0000	1	1	1.0000
robust	baseline	1	64	4	3	1.0000	1	1	1.0000
robust	baseline	1	64	4	4	1.0000	8	1	0.1250
robust	baseline	1	64	4	5	1.0000	22	1	0.0455
robust	baseline	1	64	4	6	1.0000	23	1	0.0435
robust	baseline	1	64	4	7	1.0000	8	1	0.1250
robust	baseline	1	64	4	8	1.0000	21	1	0.0476
robust	baseline	1	64	4	9	1.0000	20	1	0.0500
robust	baseline	1	64	4	10	1.0000	1	1	1.0000
robust	baseline	1	64	4	11	1.0000	1	1	1.0000
robust	baseline	1	64	4	12	1.0000	8	1	0.1250
robust	baseline	1	64	4	13	1.0000	23	1	0.0435
robust	baseline	1	64	4	14	1.0000	22	1	0.0455
robust	baseline	1	64	4	15	1.0000	22	1	0.0455
robust	baseline	1	64	4	16	1.0000	8	1	0.1250
robust	baseline	1	64	4	17	1.0000	8	1	0.1250
robust	baseline	1	64	4	18	1.0000	16	1	0.0625
robust	baseline	1	64	4	19	1.0000	16	1	0.0625
robust	baseline	1	64	4	20	1.0000	16	1	0.0625
robust	baseline	1	64	4	21	1.0000	1	1	1.0000
robust	baseline	1	64	4	22	1.0000	1	1	1.0000
robust	baseline	1	64	4	23	1.0000	8	1	0.1250
robust	baseline	1	64	4	24	1.0000	12	1	0.0833
robust	baseline	1	64	4	25	1.0000	17	1	0.0588
robust	baseline	1	64	4	26	1.0000	1	1	1.0000
robust	baseline	1	64	4	27	1.0000	8	1	0.1250
robust	baseline	1	64	4	28	1.0000	13	1	0.0769
robust	baseline	1	64	4	29	1.0000	17	1	0.0588
robust	baseline	1	64	4	30	1.0000	8	1	0.1250
robust	baseline	1	64	4	31	1.0000	13	1	0.0769
robust	baseline	1	64	4	32	1.0000	18	1	0.0556
robust	baseline	1	64	4	33	1.0000	18	1	0.0556
robust	baseline	1	64	4	34	1.0000	13	1	0.0769
robust	baseline	1	64	4	35	1.0000	18	1	0.0556
robust	baseline	1	64	4	36	1.0000	13	1	0.0769
robust	baseline	1	64	4	37	1.0000	18	1	0.0556
robust	baseline	1	64	4	38	1.0000	1	1	1.0000
robust	baseline	1	64	4	39	1.0000	8	1	0.1250
robust	baseline	1	64	4	40	1.0000	13	1	0.0769
robust	baseline	1	64	4	41	1.0000	18	1	0.0556
robust	baseline	1	64	4	42	1.0000	8	1	0.1250
robust	baseline	1	64	4	43	1.0000	14	1	0.0714
robust	baseline	1	64	4	44	1.0000	18	1	0.0556
robust	baseline	1	64	4	45	1.0000	8	1	0.1250
robust	baseline	1	64	4	46	1.0000	14	1	0.0714
robust	baseline	1	64	4	47	1.0000	18	1	0.0556
robust	baseline	1	64	4	48	1.0000	1	1	1.0000
robust	baseline	1	64	4	49	1.0000	1	1	1.0000
robust	baseline	1	64	4	50	1.0000	8	1	0.1250
robust	baseline	1	64	4	51	1.0000	14	1	0.0714
robust	baseline	1	64	4	52	1.0000	18	1	0.0556
robust	decl_full	0	64	4	0	1.0000	7	1	0.1429
robust	decl_full	0	64	4	1	1.0000	9	1	0.1111
robust	decl_full	0	64	4	2	1.0000	13	1	0.0769
robust	decl_full	0	64	4	3	1.0000	13	1	0.0769
robust	decl_full	0	64	4	4	1.0000	13	1	0.0769
robust	decl_full	0	64	4	5	1.0000	16	1	0.0625
robust	decl_full	0	64	4	6	1.0000	16	1	0.0625
robust	decl_full	0	64	4	7	1.0000	13	1	0.0769
robust	decl_full	0	64	4	8	1.0000	16	1	0.0625
robust	decl_full	0	64	4	9	1.0000	16	1	0.0625
robust	decl_full	0	64	4	10	1.0000	13	1	0.0769
robust	decl_full	0	64	4	11	1.0000	13	1	0.0769
robust	decl_full	0	64	4	12	1.0000	13	1	0.0769
robust	decl_full	0	64	4	13	1.0000	16	1	0.0625
robust	decl_full	0	64	4	14	1.0000	16	1	0.0625
robust	decl_full	0	64	4	15	1.0000	16	1	0.0625
robust	decl_full	0	64	4	16	1.0000	13	1	0.0769
robust	decl_full	0	64	4	17	1.0000	13	1	0.0769
robust	decl_full	0	64	4	18	1.0000	13	1	0.0769
robust	decl_full	0	64	4	19	1.0000	13	1	0.0769
robust	decl_full	0	64	4	20	1.0000	13	1	0.0769
robust	decl_full	0	64	4	21	1.0000	13	1	0.0769
robust	decl_full	0	64	4	22	1.0000	13	1	0.0769
robust	decl_full	0	64	4	23	1.0000	13	1	0.0769
robust	decl_full	0	64	4	24	1.0000	13	1	0.0769
robust	decl_full	0	64	4	25	1.0000	13	1	0.0769
robust	decl_full	0	64	4	26	1.0000	13	1	0.0769
robust	decl_full	0	64	4	27	1.0000	13	1	0.0769
robust	decl_full	0	64	4	28	1.0000	13	1	0.0769
robust	decl_full	0	64	4	29	1.0000	13	1	0.0769
robust	decl_full	0	64	4	30	1.0000	13	1	0.0769
robust	decl_full	0	64	4	31	1.0000	13	1	0.0769
robust	decl_full	0	64	4	32	1.0000	13	1	0.0769
robust	decl_full	0	64	4	33	1.0000	13	1	0.0769
robust	decl_full	0	64	4	34	1.0000	13	1	0.0769
robust	decl_full	0	64	4	35	1.0000	13	1	0.0769
robust	decl_full	0	64	4	36	1.0000	13	1	0.0769
robust	decl_full	0	64	4	37	1.0000	13	1	0.0769
robust	decl_full	0	64	4	38	1.0000	13	1	0.0769
robust	decl_full	0	64	4	39	1.0000	13	1	0.0769
robust	decl_full	0	64	4	40	1.0000	13	1	0.0769
robust	decl_full	0	64	4	41	1.0000	13	1	0.0769
robust	decl_full	0	64	4	42	1.0000	13	1	0.0769
robust	decl_full	0	64	4	43	1.0000	13	1	0.0769
robust	decl_full	0	64	4	44	1.0000	13	1	0.0769
robust	decl_full	0	64	4	45	1.0000	13	1	0.0769
robust	decl_full	0	64	4	46	1.0000	13	1	0.0769
robust	decl_full	0	64	4	47	1.0000	13	1	0.0769
robust	decl_full	0	64	4	48	1.0000	13	1	0.0769
robust	decl_full	0	64	4	49	1.0000	13	1	0.0769
robust	decl_full	0	64	4	50	1.0000	13	1	0.0769
robust	decl_full	0	64	4	51	1.0000	12	1	0.0833
robust	decl_full	0	64	4	52	1.0000	13	1	0.0769
robust	decl_full	1	64	4	0	1.0000	8	1	0.1250
robust	decl_full	1	64	4	1	1.0000	7	1	0.1429
robust	decl_full	1	64	4	2	1.0000	10	1	0.1000
robust	decl_full	1	64	4	3	1.0000	10	1	0.1000
robust	decl_full	1	64	4	4	1.0000	10	1	0.1000
robust	decl_full	1	64	4	5	1.0000	32	1	0.0312
robust	decl_full	1	64	4	6	1.0000	36	1	0.0278
robust	decl_full	1	64	4	7	1.0000	10	1	0.1000
robust	decl_full	1	64	4	8	1.0000	30	1	0.0333
robust	decl_full	1	64	4	9	1.0000	29	1	0.0345
robust	decl_full	1	64	4	10	1.0000	10	1	0.1000
robust	decl_full	1	64	4	11	1.0000	10	1	0.1000
robust	decl_full	1	64	4	12	1.0000	10	1	0.1000
robust	decl_full	1	64	4	13	1.0000	36	1	0.0278
robust	decl_full	1	64	4	14	1.0000	33	1	0.0303
robust	decl_full	1	64	4	15	1.0000	34	1	0.0294
robust	decl_full	1	64	4	16	1.0000	10	1	0.1000
robust	decl_full	1	64	4	17	1.0000	10	1	0.1000
robust	decl_full	1	64	4	18	1.0000	17	1	0.0588
robust	decl_full	1	64	4	19	1.0000	17	1	0.0588
robust	decl_full	1	64	4	20	1.0000	17	1	0.0588
robust	decl_full	1	64	4	21	1.0000	10	1	0.1000
robust	decl_full	1	64	4	22	1.0000	10	1	0.1000
robust	decl_full	1	64	4	23	1.0000	10	1	0.1000
robust	decl_full	1	64	4	24	1.0000	11	1	0.0909
robust	decl_full	1	64	4	25	1.0000	17	1	0.0588
robust	decl_full	1	64	4	26	1.0000	10	1	0.1000
robust	decl_full	1	64	4	27	1.0000	10	1	0.1000
robust	decl_full	1	64	4	28	1.0000	11	1	0.0909
robust	decl_full	1	64	4	29	1.0000	17	1	0.0588
robust	decl_full	1	64	4	30	1.0000	10	1	0.1000
robust	decl_full	1	64	4	31	1.0000	11	1	0.0909
robust	decl_full	1	64	4	32	1.0000	17	1	0.0588
robust	decl_full	1	64	4	33	1.0000	17	1	0.0588
robust	decl_full	1	64	4	34	1.0000	12	1	0.0833
robust	decl_full	1	64	4	35	1.0000	17	1	0.0588
robust	decl_full	1	64	4	36	1.0000	12	1	0.0833
robust	decl_full	1	64	4	37	1.0000	17	1	0.0588
robust	decl_full	1	64	4	38	1.0000	10	1	0.1000
robust	decl_full	1	64	4	39	1.0000	10	1	0.1000
robust	decl_full	1	64	4	40	1.0000	12	1	0.0833
robust	decl_full	1	64	4	41	1.0000	17	1	0.0588
robust	decl_full	1	64	4	42	1.0000	10	1	0.1000
robust	decl_full	1	64	4	43	1.0000	12	1	0.0833
robust	decl_full	1	64	4	44	1.0000	18	1	0.0556
robust	decl_full	1	64	4	45	1.0000	10	1	0.1000
robust	decl_full	1	64	4	46	1.0000	12	1	0.0833
robust	decl_full	1	64	4	47	1.0000	18	1	0.0556
robust	decl_full	1	64	4	48	1.0000	10	1	0.1000
robust	decl_full	1	64	4	49	1.0000	10	1	0.1000
robust	decl_full	1	64	4	50	1.0000	10	1	0.1000
robust	decl_full	1	64	4	51	1.0000	12	1	0.0833
robust	decl_full	1	64	4	52	1.0000	18	1	0.0556
robust	excl_pollute30	0	64	4	0	1.0000	5	1	0.2000
robust	excl_pollute30	0	64	4	1	1.0000	8	1	0.1250
robust	excl_pollute30	0	64	4	2	1.0000	2	1	0.5000
robust	excl_pollute30	0	64	4	3	1.0000	2	1	0.5000
robust	excl_pollute30	0	64	4	4	1.0000	5	1	0.2000
robust	excl_pollute30	0	64	4	5	1.0000	18	1	0.0556
robust	excl_pollute30	0	64	4	6	1.0000	18	1	0.0556
robust	excl_pollute30	0	64	4	7	1.0000	5	1	0.2000
robust	excl_pollute30	0	64	4	8	1.0000	18	1	0.0556
robust	excl_pollute30	0	64	4	9	1.0000	18	1	0.0556
robust	excl_pollute30	0	64	4	10	1.0000	2	1	0.5000
robust	excl_pollute30	0	64	4	11	1.0000	2	1	0.5000
robust	excl_pollute30	0	64	4	12	1.0000	5	1	0.2000
robust	excl_pollute30	0	64	4	13	1.0000	18	1	0.0556
robust	excl_pollute30	0	64	4	14	1.0000	18	1	0.0556
robust	excl_pollute30	0	64	4	15	1.0000	18	1	0.0556
robust	excl_pollute30	0	64	4	16	1.0000	5	1	0.2000
robust	excl_pollute30	0	64	4	17	1.0000	8	1	0.1250
robust	excl_pollute30	0	64	4	18	1.0000	10	1	0.1000
robust	excl_pollute30	0	64	4	19	1.0000	11	1	0.0909
robust	excl_pollute30	0	64	4	20	1.0000	11	1	0.0909
robust	excl_pollute30	0	64	4	21	1.0000	2	1	0.5000
robust	excl_pollute30	0	64	4	22	1.0000	2	1	0.5000
robust	excl_pollute30	0	64	4	23	1.0000	5	1	0.2000
robust	excl_pollute30	0	64	4	24	1.0000	7	1	0.1429
robust	excl_pollute30	0	64	4	25	1.0000	15	1	0.0667
robust	excl_pollute30	0	64	4	26	1.0000	2	1	0.5000
robust	excl_pollute30	0	64	4	27	1.0000	5	1	0.2000
robust	excl_pollute30	0	64	4	28	1.0000	8	1	0.1250
robust	excl_pollute30	0	64	4	29	1.0000	15	1	0.0667
robust	excl_pollute30	0	64	4	30	1.0000	5	1	0.2000
robust	excl_pollute30	0	64	4	31	1.0000	8	1	0.1250
robust	excl_pollute30	0	64	4	32	1.0000	15	1	0.0667
robust	excl_pollute30	0	64	4	33	1.0000	15	1	0.0667
robust	excl_pollute30	0	64	4	34	1.0000	8	1	0.1250
robust	excl_pollute30	0	64	4	35	1.0000	15	1	0.0667
robust	excl_pollute30	0	64	4	36	1.0000	8	1	0.1250
robust	excl_pollute30	0	64	4	37	1.0000	15	1	0.0667
robust	excl_pollute30	0	64	4	38	1.0000	2	1	0.5000
robust	excl_pollute30	0	64	4	39	1.0000	5	1	0.2000
robust	excl_pollute30	0	64	4	40	1.0000	8	1	0.1250
robust	excl_pollute30	0	64	4	41	1.0000	15	1	0.0667
robust	excl_pollute30	0	64	4	42	1.0000	5	1	0.2000
robust	excl_pollute30	0	64	4	43	1.0000	8	1	0.1250
robust	excl_pollute30	0	64	4	44	1.0000	15	1	0.0667
robust	excl_pollute30	0	64	4	45	1.0000	5	1	0.2000
robust	excl_pollute30	0	64	4	46	1.0000	8	1	0.1250
robust	excl_pollute30	0	64	4	47	1.0000	15	1	0.0667
robust	excl_pollute30	0	64	4	48	1.0000	2	1	0.5000
robust	excl_pollute30	0	64	4	49	1.0000	2	1	0.5000
robust	excl_pollute30	0	64	4	50	1.0000	5	1	0.2000
robust	excl_pollute30	0	64	4	51	1.0000	8	1	0.1250
robust	excl_pollute30	0	64	4	52	1.0000	16	1	0.0625
robust	excl_pollute30	1	64	4	0	1.0000	14	1	0.0714
robust	excl_pollute30	1	64	4	1	1.0000	9	1	0.1111
robust	excl_pollute30	1	64	4	2	1.0000	1	1	1.0000
robust	excl_pollute30	1	64	4	3	1.0000	1	1	1.0000
robust	excl_pollute30	1	64	4	4	1.0000	9	1	0.1111
robust	excl_pollute30	1	64	4	5	1.0000	38	1	0.0263
robust	excl_pollute30	1	64	4	6	1.0000	39	1	0.0256
robust	excl_pollute30	1	64	4	7	1.0000	9	1	0.1111
robust	excl_pollute30	1	64	4	8	1.0000	36	1	0.0278
robust	excl_pollute30	1	64	4	9	1.0000	36	1	0.0278
robust	excl_pollute30	1	64	4	10	1.0000	1	1	1.0000
robust	excl_pollute30	1	64	4	11	1.0000	1	1	1.0000
robust	excl_pollute30	1	64	4	12	1.0000	9	1	0.1111
robust	excl_pollute30	1	64	4	13	1.0000	39	1	0.0256
robust	excl_pollute30	1	64	4	14	1.0000	38	1	0.0263
robust	excl_pollute30	1	64	4	15	1.0000	38	1	0.0263
robust	excl_pollute30	1	64	4	16	1.0000	9	1	0.1111
robust	excl_pollute30	1	64	4	17	1.0000	9	1	0.1111
robust	excl_pollute30	1	64	4	18	1.0000	17	1	0.0588
robust	excl_pollute30	1	64	4	19	1.0000	17	1	0.0588
robust	excl_pollute30	1	64	4	20	1.0000	17	1	0.0588
robust	excl_pollute30	1	64	4	21	1.0000	1	1	1.0000
robust	excl_pollute30	1	64	4	22	1.0000	1	1	1.0000
robust	excl_pollute30	1	64	4	23	1.0000	8	1	0.1250
robust	excl_pollute30	1	64	4	24	1.0000	15	1	0.0667
robust	excl_pollute30	1	64	4	25	1.0000	20	1	0.0500
robust	excl_pollute30	1	64	4	26	1.0000	1	1	1.0000
robust	excl_pollute30	1	64	4	27	1.0000	8	1	0.1250
robust	excl_pollute30	1	64	4	28	1.0000	16	1	0.0625
robust	excl_pollute30	1	64	4	29	1.0000	19	1	0.0526
robust	excl_pollute30	1	64	4	30	1.0000	8	1	0.1250
robust	excl_pollute30	1	64	4	31	1.0000	16	1	0.0625
robust	excl_pollute30	1	64	4	32	1.0000	20	1	0.0500
robust	excl_pollute30	1	64	4	33	1.0000	20	1	0.0500
robust	excl_pollute30	1	64	4	34	1.0000	17	1	0.0588
robust	excl_pollute30	1	64	4	35	1.0000	20	1	0.0500
robust	excl_pollute30	1	64	4	36	1.0000	17	1	0.0588
robust	excl_pollute30	1	64	4	37	1.0000	20	1	0.0500
robust	excl_pollute30	1	64	4	38	1.0000	1	1	1.0000
robust	excl_pollute30	1	64	4	39	1.0000	9	1	0.1111
robust	excl_pollute30	1	64	4	40	1.0000	17	1	0.0588
robust	excl_pollute30	1	64	4	41	1.0000	20	1	0.0500
robust	excl_pollute30	1	64	4	42	1.0000	9	1	0.1111
robust	excl_pollute30	1	64	4	43	1.0000	17	1	0.0588
robust	excl_pollute30	1	64	4	44	1.0000	20	1	0.0500
robust	excl_pollute30	1	64	4	45	1.0000	9	1	0.1111
robust	excl_pollute30	1	64	4	46	1.0000	18	1	0.0556
robust	excl_pollute30	1	64	4	47	1.0000	20	1	0.0500
robust	excl_pollute30	1	64	4	48	1.0000	1	1	1.0000
robust	excl_pollute30	1	64	4	49	1.0000	1	1	1.0000
robust	excl_pollute30	1	64	4	50	1.0000	9	1	0.1111
robust	excl_pollute30	1	64	4	51	1.0000	18	1	0.0556
robust	excl_pollute30	1	64	4	52	1.0000	21	1	0.0476
robust	baseline	0	128	4	0	1.0000	7	1	0.1429
robust	baseline	0	128	4	1	1.0000	5	1	0.2000
robust	baseline	0	128	4	2	1.0000	1	1	1.0000
robust	baseline	0	128	4	3	1.0000	1	1	1.0000
robust	baseline	0	128	4	4	1.0000	6	1	0.1667
robust	baseline	0	128	4	5	1.0000	8	1	0.1250
robust	baseline	0	128	4	6	1.0000	8	1	0.1250
robust	baseline	0	128	4	7	1.0000	6	1	0.1667
robust	baseline	0	128	4	8	1.0000	8	1	0.1250
robust	baseline	0	128	4	9	1.0000	8	1	0.1250
robust	baseline	0	128	4	10	1.0000	1	1	1.0000
robust	baseline	0	128	4	11	1.0000	1	1	1.0000
robust	baseline	0	128	4	12	1.0000	6	1	0.1667
robust	baseline	0	128	4	13	1.0000	8	1	0.1250
robust	baseline	0	128	4	14	1.0000	8	1	0.1250
robust	baseline	0	128	4	15	1.0000	8	1	0.1250
robust	baseline	0	128	4	16	1.0000	6	1	0.1667
robust	baseline	0	128	4	17	1.0000	6	1	0.1667
robust	baseline	0	128	4	18	1.0000	8	1	0.1250
robust	baseline	0	128	4	19	1.0000	8	1	0.1250
robust	baseline	0	128	4	20	1.0000	8	1	0.1250
robust	baseline	0	128	4	21	1.0000	1	1	1.0000
robust	baseline	0	128	4	22	1.0000	1	1	1.0000
robust	baseline	0	128	4	23	1.0000	5	1	0.2000
robust	baseline	0	128	4	24	1.0000	9	1	0.1111
robust	baseline	0	128	4	25	1.0000	10	1	0.1000
robust	baseline	0	128	4	26	1.0000	1	1	1.0000
robust	baseline	0	128	4	27	1.0000	6	1	0.1667
robust	baseline	0	128	4	28	1.0000	9	1	0.1111
robust	baseline	0	128	4	29	1.0000	10	1	0.1000
robust	baseline	0	128	4	30	1.0000	6	1	0.1667
robust	baseline	0	128	4	31	1.0000	9	1	0.1111
robust	baseline	0	128	4	32	1.0000	10	1	0.1000
robust	baseline	0	128	4	33	1.0000	10	1	0.1000
robust	baseline	0	128	4	34	1.0000	10	1	0.1000
robust	baseline	0	128	4	35	1.0000	10	1	0.1000
robust	baseline	0	128	4	36	1.0000	10	1	0.1000
robust	baseline	0	128	4	37	1.0000	10	1	0.1000
robust	baseline	0	128	4	38	1.0000	1	1	1.0000
robust	baseline	0	128	4	39	1.0000	6	1	0.1667
robust	baseline	0	128	4	40	1.0000	10	1	0.1000
robust	baseline	0	128	4	41	1.0000	10	1	0.1000
robust	baseline	0	128	4	42	1.0000	6	1	0.1667
robust	baseline	0	128	4	43	1.0000	11	1	0.0909
robust	baseline	0	128	4	44	1.0000	10	1	0.1000
robust	baseline	0	128	4	45	1.0000	6	1	0.1667
robust	baseline	0	128	4	46	1.0000	11	1	0.0909
robust	baseline	0	128	4	47	1.0000	10	1	0.1000
robust	baseline	0	128	4	48	1.0000	1	1	1.0000
robust	baseline	0	128	4	49	1.0000	1	1	1.0000
robust	baseline	0	128	4	50	1.0000	6	1	0.1667
robust	baseline	0	128	4	51	1.0000	11	1	0.0909
robust	baseline	0	128	4	52	1.0000	10	1	0.1000
robust	baseline	1	128	4	0	1.0000	8	1	0.1250
robust	baseline	1	128	4	1	1.0000	8	1	0.1250
robust	baseline	1	128	4	2	1.0000	1	1	1.0000
robust	baseline	1	128	4	3	1.0000	1	1	1.0000
robust	baseline	1	128	4	4	1.0000	1	1	1.0000
robust	baseline	1	128	4	5	1.0000	24	1	0.0417
robust	baseline	1	128	4	6	1.0000	25	1	0.0400
robust	baseline	1	128	4	7	1.0000	1	1	1.0000
robust	baseline	1	128	4	8	1.0000	24	1	0.0417
robust	baseline	1	128	4	9	1.0000	23	1	0.0435
robust	baseline	1	128	4	10	1.0000	1	1	1.0000
robust	baseline	1	128	4	11	1.0000	1	1	1.0000
robust	baseline	1	128	4	12	1.0000	1	1	1.0000
robust	baseline	1	128	4	13	1.0000	25	1	0.0400
robust	baseline	1	128	4	14	1.0000	24	1	0.0417
robust	baseline	1	128	4	15	1.0000	24	1	0.0417
robust	baseline	1	128	4	16	1.0000	1	1	1.0000
robust	baseline	1	128	4	17	1.0000	8	1	0.1250
robust	baseline	1	128	4	18	1.0000	8	1	0.1250
robust	baseline	1	128	4	19	1.0000	8	1	0.1250
robust	baseline	1	128	4	20	1.0000	8	1	0.1250
robust	baseline	1	128	4	21	1.0000	1	1	1.0000
robust	baseline	1	128	4	22	1.0000	1	1	1.0000
robust	baseline	1	128	4	23	1.0000	1	1	1.0000
robust	baseline	1	128	4	24	1.0000	7	1	0.1429
robust	baseline	1	128	4	25	1.0000	7	1	0.1429
robust	baseline	1	128	4	26	1.0000	1	1	1.0000
robust	baseline	1	128	4	27	1.0000	1	1	1.0000
robust	baseline	1	128	4	28	1.0000	8	1	0.1250
robust	baseline	1	128	4	29	1.0000	8	1	0.1250
robust	baseline	1	128	4	30	1.0000	1	1	1.0000
robust	baseline	1	128	4	31	1.0000	8	1	0.1250
robust	baseline	1	128	4	32	1.0000	8	1	0.1250
robust	baseline	1	128	4	33	1.0000	8	1	0.1250
robust	baseline	1	128	4	34	1.0000	8	1	0.1250
robust	baseline	1	128	4	35	1.0000	8	1	0.1250
robust	baseline	1	128	4	36	1.0000	8	1	0.1250
robust	baseline	1	128	4	37	1.0000	8	1	0.1250
robust	baseline	1	128	4	38	1.0000	1	1	1.0000
robust	baseline	1	128	4	39	1.0000	1	1	1.0000
robust	baseline	1	128	4	40	1.0000	8	1	0.1250
robust	baseline	1	128	4	41	1.0000	8	1	0.1250
robust	baseline	1	128	4	42	1.0000	1	1	1.0000
robust	baseline	1	128	4	43	1.0000	8	1	0.1250
robust	baseline	1	128	4	44	1.0000	8	1	0.1250
robust	baseline	1	128	4	45	1.0000	1	1	1.0000
robust	baseline	1	128	4	46	1.0000	8	1	0.1250
robust	baseline	1	128	4	47	1.0000	8	1	0.1250
robust	baseline	1	128	4	48	1.0000	1	1	1.0000
robust	baseline	1	128	4	49	1.0000	1	1	1.0000
robust	baseline	1	128	4	50	1.0000	1	1	1.0000
robust	baseline	1	128	4	51	1.0000	8	1	0.1250
robust	baseline	1	128	4	52	1.0000	8	1	0.1250
robust	decl_full	0	128	4	0	1.0000	5	1	0.2000
robust	decl_full	0	128	4	1	1.0000	2	1	0.5000
robust	decl_full	0	128	4	2	1.0000	9	1	0.1111
robust	decl_full	0	128	4	3	1.0000	9	1	0.1111
robust	decl_full	0	128	4	4	1.0000	9	1	0.1111
robust	decl_full	0	128	4	5	1.0000	9	1	0.1111
robust	decl_full	0	128	4	6	1.0000	9	1	0.1111
robust	decl_full	0	128	4	7	1.0000	9	1	0.1111
robust	decl_full	0	128	4	8	1.0000	9	1	0.1111
robust	decl_full	0	128	4	9	1.0000	9	1	0.1111
robust	decl_full	0	128	4	10	1.0000	9	1	0.1111
robust	decl_full	0	128	4	11	1.0000	9	1	0.1111
robust	decl_full	0	128	4	12	1.0000	9	1	0.1111
robust	decl_full	0	128	4	13	1.0000	9	1	0.1111
robust	decl_full	0	128	4	14	1.0000	9	1	0.1111
robust	decl_full	0	128	4	15	1.0000	9	1	0.1111
robust	decl_full	0	128	4	16	1.0000	9	1	0.1111
robust	decl_full	0	128	4	17	1.0000	9	1	0.1111
robust	decl_full	0	128	4	18	1.0000	9	1	0.1111
robust	decl_full	0	128	4	19	1.0000	9	1	0.1111
robust	decl_full	0	128	4	20	1.0000	9	1	0.1111
robust	decl_full	0	128	4	21	1.0000	9	1	0.1111
robust	decl_full	0	128	4	22	1.0000	9	1	0.1111
robust	decl_full	0	128	4	23	1.0000	9	1	0.1111
robust	decl_full	0	128	4	24	1.0000	9	1	0.1111
robust	decl_full	0	128	4	25	1.0000	10	1	0.1000
robust	decl_full	0	128	4	26	1.0000	9	1	0.1111
robust	decl_full	0	128	4	27	1.0000	9	1	0.1111
robust	decl_full	0	128	4	28	1.0000	9	1	0.1111
robust	decl_full	0	128	4	29	1.0000	10	1	0.1000
robust	decl_full	0	128	4	30	1.0000	9	1	0.1111
robust	decl_full	0	128	4	31	1.0000	9	1	0.1111
robust	decl_full	0	128	4	32	1.0000	10	1	0.1000
robust	decl_full	0	128	4	33	1.0000	10	1	0.1000
robust	decl_full	0	128	4	34	1.0000	9	1	0.1111
robust	decl_full	0	128	4	35	1.0000	10	1	0.1000
robust	decl_full	0	128	4	36	1.0000	9	1	0.1111
robust	decl_full	0	128	4	37	1.0000	10	1	0.1000
robust	decl_full	0	128	4	38	1.0000	9	1	0.1111
robust	decl_full	0	128	4	39	1.0000	9	1	0.1111
robust	decl_full	0	128	4	40	1.0000	9	1	0.1111
robust	decl_full	0	128	4	41	1.0000	10	1	0.1000
robust	decl_full	0	128	4	42	1.0000	9	1	0.1111
robust	decl_full	0	128	4	43	1.0000	9	1	0.1111
robust	decl_full	0	128	4	44	1.0000	10	1	0.1000
robust	decl_full	0	128	4	45	1.0000	9	1	0.1111
robust	decl_full	0	128	4	46	1.0000	9	1	0.1111
robust	decl_full	0	128	4	47	1.0000	10	1	0.1000
robust	decl_full	0	128	4	48	1.0000	9	1	0.1111
robust	decl_full	0	128	4	49	1.0000	9	1	0.1111
robust	decl_full	0	128	4	50	1.0000	9	1	0.1111
robust	decl_full	0	128	4	51	1.0000	10	1	0.1000
robust	decl_full	0	128	4	52	1.0000	10	1	0.1000
robust	decl_full	1	128	4	0	1.0000	7	1	0.1429
robust	decl_full	1	128	4	1	1.0000	6	1	0.1667
robust	decl_full	1	128	4	2	1.0000	8	1	0.1250
robust	decl_full	1	128	4	3	1.0000	8	1	0.1250
robust	decl_full	1	128	4	4	1.0000	8	1	0.1250
robust	decl_full	1	128	4	5	1.0000	41	1	0.0244
robust	decl_full	1	128	4	6	1.0000	47	1	0.0213
robust	decl_full	1	128	4	7	1.0000	8	1	0.1250
robust	decl_full	1	128	4	8	1.0000	36	1	0.0278
robust	decl_full	1	128	4	9	1.0000	35	1	0.0286
robust	decl_full	1	128	4	10	1.0000	8	1	0.1250
robust	decl_full	1	128	4	11	1.0000	8	1	0.1250
robust	decl_full	1	128	4	12	1.0000	7	1	0.1429
robust	decl_full	1	128	4	13	1.0000	47	1	0.0213
robust	decl_full	1	128	4	14	1.0000	43	1	0.0233
robust	decl_full	1	128	4	15	1.0000	44	1	0.0227
robust	decl_full	1	128	4	16	1.0000	8	1	0.1250
robust	decl_full	1	128	4	17	1.0000	8	1	0.1250
robust	decl_full	1	128	4	18	1.0000	8	1	0.1250
robust	decl_full	1	128	4	19	1.0000	8	1	0.1250
robust	decl_full	1	128	4	20	1.0000	8	1	0.1250
robust	decl_full	1	128	4	21	1.0000	8	1	0.1250
robust	decl_full	1	128	4	22	1.0000	8	1	0.1250
robust	decl_full	1	128	4	23	1.0000	8	1	0.1250
robust	decl_full	1	128	4	24	1.0000	7	1	0.1429
robust	decl_full	1	128	4	25	1.0000	8	1	0.1250
robust	decl_full	1	128	4	26	1.0000	7	1	0.1429
robust	decl_full	1	128	4	27	1.0000	7	1	0.1429
robust	decl_full	1	128	4	28	1.0000	7	1	0.1429
robust	decl_full	1	128	4	29	1.0000	9	1	0.1111
robust	decl_full	1	128	4	30	1.0000	7	1	0.1429
robust	decl_full	1	128	4	31	1.0000	7	1	0.1429
robust	decl_full	1	128	4	32	1.0000	9	1	0.1111
robust	decl_full	1	128	4	33	1.0000	9	1	0.1111
robust	decl_full	1	128	4	34	1.0000	7	1	0.1429
robust	decl_full	1	128	4	35	1.0000	9	1	0.1111
robust	decl_full	1	128	4	36	1.0000	7	1	0.1429
robust	decl_full	1	128	4	37	1.0000	20	1	0.0500
robust	decl_full	1	128	4	38	1.0000	7	1	0.1429
robust	decl_full	1	128	4	39	1.0000	7	1	0.1429
robust	decl_full	1	128	4	40	1.0000	7	1	0.1429
robust	decl_full	1	128	4	41	1.0000	22	1	0.0455
robust	decl_full	1	128	4	42	1.0000	7	1	0.1429
robust	decl_full	1	128	4	43	1.0000	7	1	0.1429
robust	decl_full	1	128	4	44	1.0000	23	1	0.0435
robust	decl_full	1	128	4	45	1.0000	7	1	0.1429
robust	decl_full	1	128	4	46	1.0000	7	1	0.1429
robust	decl_full	1	128	4	47	1.0000	24	1	0.0417
robust	decl_full	1	128	4	48	1.0000	7	1	0.1429
robust	decl_full	1	128	4	49	1.0000	7	1	0.1429
robust	decl_full	1	128	4	50	1.0000	7	1	0.1429
robust	decl_full	1	128	4	51	1.0000	7	1	0.1429
robust	decl_full	1	128	4	52	1.0000	26	1	0.0385
robust	excl_pollute30	0	128	4	0	1.0000	7	1	0.1429
robust	excl_pollute30	0	128	4	1	1.0000	4	1	0.2500
robust	excl_pollute30	0	128	4	2	1.0000	1	1	1.0000
robust	excl_pollute30	0	128	4	3	1.0000	1	1	1.0000
robust	excl_pollute30	0	128	4	4	1.0000	6	1	0.1667
robust	excl_pollute30	0	128	4	5	1.0000	15	1	0.0667
robust	excl_pollute30	0	128	4	6	1.0000	15	1	0.0667
robust	excl_pollute30	0	128	4	7	1.0000	6	1	0.1667
robust	excl_pollute30	0	128	4	8	1.0000	14	1	0.0714
robust	excl_pollute30	0	128	4	9	1.0000	14	1	0.0714
robust	excl_pollute30	0	128	4	10	1.0000	1	1	1.0000
robust	excl_pollute30	0	128	4	11	1.0000	1	1	1.0000
robust	excl_pollute30	0	128	4	12	1.0000	6	1	0.1667
robust	excl_pollute30	0	128	4	13	1.0000	15	1	0.0667
robust	excl_pollute30	0	128	4	14	1.0000	15	1	0.0667
robust	excl_pollute30	0	128	4	15	1.0000	15	1	0.0667
robust	excl_pollute30	0	128	4	16	1.0000	6	1	0.1667
robust	excl_pollute30	0	128	4	17	1.0000	6	1	0.1667
robust	excl_pollute30	0	128	4	18	1.0000	9	1	0.1111
robust	excl_pollute30	0	128	4	19	1.0000	9	1	0.1111
robust	excl_pollute30	0	128	4	20	1.0000	9	1	0.1111
robust	excl_pollute30	0	128	4	21	1.0000	1	1	1.0000
robust	excl_pollute30	0	128	4	22	1.0000	1	1	1.0000
robust	excl_pollute30	0	128	4	23	1.0000	5	1	0.2000
robust	excl_pollute30	0	128	4	24	1.0000	9	1	0.1111
robust	excl_pollute30	0	128	4	25	1.0000	9	1	0.1111
robust	excl_pollute30	0	128	4	26	1.0000	1	1	1.0000
robust	excl_pollute30	0	128	4	27	1.0000	6	1	0.1667
robust	excl_pollute30	0	128	4	28	1.0000	10	1	0.1000
robust	excl_pollute30	0	128	4	29	1.0000	10	1	0.1000
robust	excl_pollute30	0	128	4	30	1.0000	6	1	0.1667
robust	excl_pollute30	0	128	4	31	1.0000	10	1	0.1000
robust	excl_pollute30	0	128	4	32	1.0000	10	1	0.1000
robust	excl_pollute30	0	128	4	33	1.0000	10	1	0.1000
robust	excl_pollute30	0	128	4	34	1.0000	10	1	0.1000
robust	excl_pollute30	0	128	4	35	1.0000	10	1	0.1000
robust	excl_pollute30	0	128	4	36	1.0000	10	1	0.1000
robust	excl_pollute30	0	128	4	37	1.0000	10	1	0.1000
robust	excl_pollute30	0	128	4	38	1.0000	1	1	1.0000
robust	excl_pollute30	0	128	4	39	1.0000	6	1	0.1667
robust	excl_pollute30	0	128	4	40	1.0000	10	1	0.1000
robust	excl_pollute30	0	128	4	41	1.0000	11	1	0.0909
robust	excl_pollute30	0	128	4	42	1.0000	6	1	0.1667
robust	excl_pollute30	0	128	4	43	1.0000	10	1	0.1000
robust	excl_pollute30	0	128	4	44	1.0000	11	1	0.0909
robust	excl_pollute30	0	128	4	45	1.0000	6	1	0.1667
robust	excl_pollute30	0	128	4	46	1.0000	10	1	0.1000
robust	excl_pollute30	0	128	4	47	1.0000	11	1	0.0909
robust	excl_pollute30	0	128	4	48	1.0000	1	1	1.0000
robust	excl_pollute30	0	128	4	49	1.0000	1	1	1.0000
robust	excl_pollute30	0	128	4	50	1.0000	6	1	0.1667
robust	excl_pollute30	0	128	4	51	1.0000	10	1	0.1000
robust	excl_pollute30	0	128	4	52	1.0000	11	1	0.0909
robust	excl_pollute30	1	128	4	0	1.0000	10	1	0.1000
robust	excl_pollute30	1	128	4	1	1.0000	8	1	0.1250
robust	excl_pollute30	1	128	4	2	1.0000	1	1	1.0000
robust	excl_pollute30	1	128	4	3	1.0000	1	1	1.0000
robust	excl_pollute30	1	128	4	4	1.0000	1	1	1.0000
robust	excl_pollute30	1	128	4	5	1.0000	29	1	0.0345
robust	excl_pollute30	1	128	4	6	1.0000	30	1	0.0333
robust	excl_pollute30	1	128	4	7	1.0000	1	1	1.0000
robust	excl_pollute30	1	128	4	8	1.0000	28	1	0.0357
robust	excl_pollute30	1	128	4	9	1.0000	28	1	0.0357
robust	excl_pollute30	1	128	4	10	1.0000	1	1	1.0000
robust	excl_pollute30	1	128	4	11	1.0000	1	1	1.0000
robust	excl_pollute30	1	128	4	12	1.0000	1	1	1.0000
robust	excl_pollute30	1	128	4	13	1.0000	30	1	0.0333
robust	excl_pollute30	1	128	4	14	1.0000	29	1	0.0345
robust	excl_pollute30	1	128	4	15	1.0000	30	1	0.0333
robust	excl_pollute30	1	128	4	16	1.0000	1	1	1.0000
robust	excl_pollute30	1	128	4	17	1.0000	8	1	0.1250
robust	excl_pollute30	1	128	4	18	1.0000	8	1	0.1250
robust	excl_pollute30	1	128	4	19	1.0000	8	1	0.1250
robust	excl_pollute30	1	128	4	20	1.0000	8	1	0.1250
robust	excl_pollute30	1	128	4	21	1.0000	1	1	1.0000
robust	excl_pollute30	1	128	4	22	1.0000	1	1	1.0000
robust	excl_pollute30	1	128	4	23	1.0000	1	1	1.0000
robust	excl_pollute30	1	128	4	24	1.0000	11	1	0.0909
robust	excl_pollute30	1	128	4	25	1.0000	10	1	0.1000
robust	excl_pollute30	1	128	4	26	1.0000	1	1	1.0000
robust	excl_pollute30	1	128	4	27	1.0000	1	1	1.0000
robust	excl_pollute30	1	128	4	28	1.0000	11	1	0.0909
robust	excl_pollute30	1	128	4	29	1.0000	10	1	0.1000
robust	excl_pollute30	1	128	4	30	1.0000	1	1	1.0000
robust	excl_pollute30	1	128	4	31	1.0000	11	1	0.0909
robust	excl_pollute30	1	128	4	32	1.0000	11	1	0.0909
robust	excl_pollute30	1	128	4	33	1.0000	10	1	0.1000
robust	excl_pollute30	1	128	4	34	1.0000	11	1	0.0909
robust	excl_pollute30	1	128	4	35	1.0000	10	1	0.1000
robust	excl_pollute30	1	128	4	36	1.0000	11	1	0.0909
robust	excl_pollute30	1	128	4	37	1.0000	10	1	0.1000
robust	excl_pollute30	1	128	4	38	1.0000	1	1	1.0000
robust	excl_pollute30	1	128	4	39	1.0000	1	1	1.0000
robust	excl_pollute30	1	128	4	40	1.0000	11	1	0.0909
robust	excl_pollute30	1	128	4	41	1.0000	10	1	0.1000
robust	excl_pollute30	1	128	4	42	1.0000	1	1	1.0000
robust	excl_pollute30	1	128	4	43	1.0000	11	1	0.0909
robust	excl_pollute30	1	128	4	44	1.0000	10	1	0.1000
robust	excl_pollute30	1	128	4	45	1.0000	1	1	1.0000
robust	excl_pollute30	1	128	4	46	1.0000	11	1	0.0909
robust	excl_pollute30	1	128	4	47	1.0000	10	1	0.1000
robust	excl_pollute30	1	128	4	48	1.0000	1	1	1.0000
robust	excl_pollute30	1	128	4	49	1.0000	1	1	1.0000
robust	excl_pollute30	1	128	4	50	1.0000	1	1	1.0000
robust	excl_pollute30	1	128	4	51	1.0000	11	1	0.0909
robust	excl_pollute30	1	128	4	52	1.0000	10	1	0.1000
